0.50 0.50 0.40
0.50 0.99 0.41
0.50 1.49 0.42
0.50 1.98 0.43
0.50 2.48 0.45
0.50 2.97 0.46
0.50 3.47 0.47
0.50 3.96 0.49
0.50 4.46 0.50
0.50 4.95 0.52
0.50 5.44 0.53
0.50 5.94 0.55
0.50 6.43 0.56
0.50 6.93 0.58
0.50 7.42 0.59
0.50 7.92 0.61
0.50 8.41 0.63
0.50 8.90 0.64
0.50 9.40 0.66
0.50 9.89 0.68
0.50 10.39 0.70
0.50 10.88 0.72
0.50 11.38 0.73
0.50 11.87 0.75
0.50 12.37 0.77
0.50 12.86 0.79
0.50 13.35 0.81
0.50 13.85 0.82
0.50 14.34 0.84
0.50 14.84 0.86
0.50 15.33 0.87
0.50 15.83 0.89
0.50 16.32 0.90
0.50 16.81 0.92
0.50 17.31 0.93
0.50 17.80 0.95
0.50 18.30 0.96
0.50 18.79 0.97
0.50 19.29 0.98
0.50 19.78 0.99
0.50 20.28 0.99
0.50 20.77 1.00
0.50 21.26 1.00
0.50 21.76 1.01
0.50 22.25 1.01
0.50 22.75 1.01
0.50 23.24 1.01
0.50 23.74 1.00
0.50 24.23 1.00
0.50 24.72 0.99
0.50 25.22 0.99
0.50 25.71 0.98
0.50 26.21 0.97
0.50 26.70 0.96
0.50 27.20 0.95
0.50 27.69 0.93
0.50 28.19 0.92
0.50 28.68 0.90
0.50 29.17 0.89
0.50 29.67 0.87
0.50 30.16 0.86
0.50 30.66 0.84
0.50 31.15 0.82
0.50 31.65 0.81
0.50 32.14 0.79
0.50 32.63 0.77
0.50 33.13 0.75
0.50 33.62 0.73
0.50 34.12 0.72
0.50 34.61 0.70
0.50 35.11 0.68
0.50 35.60 0.66
0.50 36.10 0.64
0.50 36.59 0.63
0.50 37.08 0.61
0.50 37.58 0.59
0.50 38.07 0.58
0.50 38.57 0.56
0.50 39.06 0.55
0.50 39.56 0.53
0.50 40.05 0.52
0.50 40.54 0.50
0.50 41.04 0.49
0.50 41.53 0.47
0.50 42.03 0.46
0.50 42.52 0.45
0.50 43.02 0.43
0.50 43.51 0.42
0.50 44.01 0.41
0.50 44.50 0.40
1.00 0.50 0.41
1.00 0.99 0.42
1.00 1.49 0.43
1.00 1.98 0.45
1.00 2.48 0.46
1.00 2.97 0.47
1.00 3.47 0.49
1.00 3.96 0.50
1.00 4.46 0.52
1.00 4.95 0.53
1.00 5.44 0.55
1.00 5.94 0.57
1.00 6.43 0.58
1.00 6.93 0.60
1.00 7.42 0.62
1.00 7.92 0.64
1.00 8.41 0.65
1.00 8.90 0.67
1.00 9.40 0.69
1.00 9.89 0.71
1.00 10.39 0.73
1.00 10.88 0.75
1.00 11.38 0.77
1.00 11.87 0.79
1.00 12.37 0.81
1.00 12.86 0.83
1.00 13.35 0.85
1.00 13.85 0.87
1.00 14.34 0.88
1.00 14.84 0.90
1.00 15.33 0.92
1.00 15.83 0.94
1.00 16.32 0.96
1.00 16.81 0.97
1.00 17.31 0.99
1.00 17.80 1.00
1.00 18.30 1.01
1.00 18.79 1.03
1.00 19.29 1.04
1.00 19.78 1.05
1.00 20.28 1.05
1.00 20.77 1.06
1.00 21.26 1.07
1.00 21.76 1.07
1.00 22.25 1.07
1.00 22.75 1.07
1.00 23.24 1.07
1.00 23.74 1.07
1.00 24.23 1.06
1.00 24.72 1.05
1.00 25.22 1.05
1.00 25.71 1.04
1.00 26.21 1.03
1.00 26.70 1.01
1.00 27.20 1.00
1.00 27.69 0.99
1.00 28.19 0.97
1.00 28.68 0.96
1.00 29.17 0.94
1.00 29.67 0.92
1.00 30.16 0.90
1.00 30.66 0.88
1.00 31.15 0.87
1.00 31.65 0.85
1.00 32.14 0.83
1.00 32.63 0.81
1.00 33.13 0.79
1.00 33.62 0.77
1.00 34.12 0.75
1.00 34.61 0.73
1.00 35.11 0.71
1.00 35.60 0.69
1.00 36.10 0.67
1.00 36.59 0.65
1.00 37.08 0.64
1.00 37.58 0.62
1.00 38.07 0.60
1.00 38.57 0.58
1.00 39.06 0.57
1.00 39.56 0.55
1.00 40.05 0.53
1.00 40.54 0.52
1.00 41.04 0.50
1.00 41.53 0.49
1.00 42.03 0.47
1.00 42.52 0.46
1.00 43.02 0.45
1.00 43.51 0.43
1.00 44.01 0.42
1.00 44.50 0.41
1.49 0.50 0.42
1.49 0.99 0.43
1.49 1.49 0.45
1.49 1.98 0.46
1.49 2.48 0.48
1.49 2.97 0.49
1.49 3.47 0.51
1.49 3.96 0.52
1.49 4.46 0.54
1.49 4.95 0.55
1.49 5.44 0.57
1.49 5.94 0.59
1.49 6.43 0.61
1.49 6.93 0.62
1.49 7.42 0.64
1.49 7.92 0.66
1.49 8.41 0.68
1.49 8.90 0.70
1.49 9.40 0.72
1.49 9.89 0.74
1.49 10.39 0.76
1.49 10.88 0.78
1.49 11.38 0.81
1.49 11.87 0.83
1.49 12.37 0.85
1.49 12.86 0.87
1.49 13.35 0.89
1.49 13.85 0.91
1.49 14.34 0.93
1.49 14.84 0.95
1.49 15.33 0.97
1.49 15.83 0.99
1.49 16.32 1.01
1.49 16.81 1.03
1.49 17.31 1.05
1.49 17.80 1.06
1.49 18.30 1.08
1.49 18.79 1.09
1.49 19.29 1.10
1.49 19.78 1.11
1.49 20.28 1.12
1.49 20.77 1.13
1.49 21.26 1.13
1.49 21.76 1.14
1.49 22.25 1.14
1.49 22.75 1.14
1.49 23.24 1.14
1.49 23.74 1.13
1.49 24.23 1.13
1.49 24.72 1.12
1.49 25.22 1.11
1.49 25.71 1.10
1.49 26.21 1.09
1.49 26.70 1.08
1.49 27.20 1.06
1.49 27.69 1.05
1.49 28.19 1.03
1.49 28.68 1.01
1.49 29.17 0.99
1.49 29.67 0.97
1.49 30.16 0.95
1.49 30.66 0.93
1.49 31.15 0.91
1.49 31.65 0.89
1.49 32.14 0.87
1.49 32.63 0.85
1.49 33.13 0.83
1.49 33.62 0.81
1.49 34.12 0.78
1.49 34.61 0.76
1.49 35.11 0.74
1.49 35.60 0.72
1.49 36.10 0.70
1.49 36.59 0.68
1.49 37.08 0.66
1.49 37.58 0.64
1.49 38.07 0.62
1.49 38.57 0.61
1.49 39.06 0.59
1.49 39.56 0.57
1.49 40.05 0.55
1.49 40.54 0.54
1.49 41.04 0.52
1.49 41.53 0.51
1.49 42.03 0.49
1.49 42.52 0.48
1.49 43.02 0.46
1.49 43.51 0.45
1.49 44.01 0.43
1.49 44.50 0.42
1.99 0.50 0.43
1.99 0.99 0.45
1.99 1.49 0.46
1.99 1.98 0.48
1.99 2.48 0.49
1.99 2.97 0.51
1.99 3.47 0.52
1.99 3.96 0.54
1.99 4.46 0.56
1.99 4.95 0.57
1.99 5.44 0.59
1.99 5.94 0.61
1.99 6.43 0.63
1.99 6.93 0.65
1.99 7.42 0.67
1.99 7.92 0.69
1.99 8.41 0.71
1.99 8.90 0.73
1.99 9.40 0.75
1.99 9.89 0.78
1.99 10.39 0.80
1.99 10.88 0.82
1.99 11.38 0.85
1.99 11.87 0.87
1.99 12.37 0.89
1.99 12.86 0.91
1.99 13.35 0.94
1.99 13.85 0.96
1.99 14.34 0.98
1.99 14.84 1.01
1.99 15.33 1.03
1.99 15.83 1.05
1.99 16.32 1.07
1.99 16.81 1.09
1.99 17.31 1.11
1.99 17.80 1.13
1.99 18.30 1.14
1.99 18.79 1.16
1.99 19.29 1.17
1.99 19.78 1.18
1.99 20.28 1.19
1.99 20.77 1.20
1.99 21.26 1.21
1.99 21.76 1.21
1.99 22.25 1.21
1.99 22.75 1.21
1.99 23.24 1.21
1.99 23.74 1.21
1.99 24.23 1.20
1.99 24.72 1.19
1.99 25.22 1.18
1.99 25.71 1.17
1.99 26.21 1.16
1.99 26.70 1.14
1.99 27.20 1.13
1.99 27.69 1.11
1.99 28.19 1.09
1.99 28.68 1.07
1.99 29.17 1.05
1.99 29.67 1.03
1.99 30.16 1.01
1.99 30.66 0.98
1.99 31.15 0.96
1.99 31.65 0.94
1.99 32.14 0.91
1.99 32.63 0.89
1.99 33.13 0.87
1.99 33.62 0.85
1.99 34.12 0.82
1.99 34.61 0.80
1.99 35.11 0.78
1.99 35.60 0.75
1.99 36.10 0.73
1.99 36.59 0.71
1.99 37.08 0.69
1.99 37.58 0.67
1.99 38.07 0.65
1.99 38.57 0.63
1.99 39.06 0.61
1.99 39.56 0.59
1.99 40.05 0.57
1.99 40.54 0.56
1.99 41.04 0.54
1.99 41.53 0.52
1.99 42.03 0.51
1.99 42.52 0.49
1.99 43.02 0.48
1.99 43.51 0.46
1.99 44.01 0.45
1.99 44.50 0.43
2.48 0.50 0.45
2.48 0.99 0.46
2.48 1.49 0.48
2.48 1.98 0.49
2.48 2.48 0.51
2.48 2.97 0.52
2.48 3.47 0.54
2.48 3.96 0.56
2.48 4.46 0.58
2.48 4.95 0.60
2.48 5.44 0.62
2.48 5.94 0.64
2.48 6.43 0.66
2.48 6.93 0.68
2.48 7.42 0.70
2.48 7.92 0.72
2.48 8.41 0.74
2.48 8.90 0.77
2.48 9.40 0.79
2.48 9.89 0.81
2.48 10.39 0.84
2.48 10.88 0.86
2.48 11.38 0.89
2.48 11.87 0.91
2.48 12.37 0.94
2.48 12.86 0.96
2.48 13.35 0.99
2.48 13.85 1.01
2.48 14.34 1.04
2.48 14.84 1.06
2.48 15.33 1.09
2.48 15.83 1.11
2.48 16.32 1.13
2.48 16.81 1.15
2.48 17.31 1.18
2.48 17.80 1.19
2.48 18.30 1.21
2.48 18.79 1.23
2.48 19.29 1.24
2.48 19.78 1.26
2.48 20.28 1.27
2.48 20.77 1.28
2.48 21.26 1.28
2.48 21.76 1.29
2.48 22.25 1.29
2.48 22.75 1.29
2.48 23.24 1.29
2.48 23.74 1.28
2.48 24.23 1.28
2.48 24.72 1.27
2.48 25.22 1.26
2.48 25.71 1.24
2.48 26.21 1.23
2.48 26.70 1.21
2.48 27.20 1.19
2.48 27.69 1.18
2.48 28.19 1.15
2.48 28.68 1.13
2.48 29.17 1.11
2.48 29.67 1.09
2.48 30.16 1.06
2.48 30.66 1.04
2.48 31.15 1.01
2.48 31.65 0.99
2.48 32.14 0.96
2.48 32.63 0.94
2.48 33.13 0.91
2.48 33.62 0.89
2.48 34.12 0.86
2.48 34.61 0.84
2.48 35.11 0.81
2.48 35.60 0.79
2.48 36.10 0.77
2.48 36.59 0.74
2.48 37.08 0.72
2.48 37.58 0.70
2.48 38.07 0.68
2.48 38.57 0.66
2.48 39.06 0.64
2.48 39.56 0.62
2.48 40.05 0.60
2.48 40.54 0.58
2.48 41.04 0.56
2.48 41.53 0.54
2.48 42.03 0.52
2.48 42.52 0.51
2.48 43.02 0.49
2.48 43.51 0.48
2.48 44.01 0.46
2.48 44.50 0.45
2.98 0.50 0.46
2.98 0.99 0.48
2.98 1.49 0.49
2.98 1.98 0.51
2.98 2.48 0.53
2.98 2.97 0.54
2.98 3.47 0.56
2.98 3.96 0.58
2.98 4.46 0.60
2.98 4.95 0.62
2.98 5.44 0.64
2.98 5.94 0.66
2.98 6.43 0.68
2.98 6.93 0.70
2.98 7.42 0.73
2.98 7.92 0.75
2.98 8.41 0.77
2.98 8.90 0.80
2.98 9.40 0.82
2.98 9.89 0.85
2.98 10.39 0.88
2.98 10.88 0.90
2.98 11.38 0.93
2.98 11.87 0.96
2.98 12.37 0.99
2.98 12.86 1.01
2.98 13.35 1.04
2.98 13.85 1.07
2.98 14.34 1.10
2.98 14.84 1.12
2.98 15.33 1.15
2.98 15.83 1.18
2.98 16.32 1.20
2.98 16.81 1.22
2.98 17.31 1.25
2.98 17.80 1.27
2.98 18.30 1.29
2.98 18.79 1.31
2.98 19.29 1.32
2.98 19.78 1.34
2.98 20.28 1.35
2.98 20.77 1.36
2.98 21.26 1.37
2.98 21.76 1.37
2.98 22.25 1.38
2.98 22.75 1.38
2.98 23.24 1.37
2.98 23.74 1.37
2.98 24.23 1.36
2.98 24.72 1.35
2.98 25.22 1.34
2.98 25.71 1.32
2.98 26.21 1.31
2.98 26.70 1.29
2.98 27.20 1.27
2.98 27.69 1.25
2.98 28.19 1.22
2.98 28.68 1.20
2.98 29.17 1.18
2.98 29.67 1.15
2.98 30.16 1.12
2.98 30.66 1.10
2.98 31.15 1.07
2.98 31.65 1.04
2.98 32.14 1.01
2.98 32.63 0.99
2.98 33.13 0.96
2.98 33.62 0.93
2.98 34.12 0.90
2.98 34.61 0.88
2.98 35.11 0.85
2.98 35.60 0.82
2.98 36.10 0.80
2.98 36.59 0.77
2.98 37.08 0.75
2.98 37.58 0.73
2.98 38.07 0.70
2.98 38.57 0.68
2.98 39.06 0.66
2.98 39.56 0.64
2.98 40.05 0.62
2.98 40.54 0.60
2.98 41.04 0.58
2.98 41.53 0.56
2.98 42.03 0.54
2.98 42.52 0.53
2.98 43.02 0.51
2.98 43.51 0.49
2.98 44.01 0.48
2.98 44.50 0.46
3.47 0.50 0.48
3.47 0.99 0.49
3.47 1.49 0.51
3.47 1.98 0.52
3.47 2.48 0.54
3.47 2.97 0.56
3.47 3.47 0.58
3.47 3.96 0.60
3.47 4.46 0.62
3.47 4.95 0.64
3.47 5.44 0.66
3.47 5.94 0.69
3.47 6.43 0.71
3.47 6.93 0.73
3.47 7.42 0.76
3.47 7.92 0.78
3.47 8.41 0.81
3.47 8.90 0.84
3.47 9.40 0.86
3.47 9.89 0.89
3.47 10.39 0.92
3.47 10.88 0.95
3.47 11.38 0.98
3.47 11.87 1.01
3.47 12.37 1.04
3.47 12.86 1.07
3.47 13.35 1.10
3.47 13.85 1.13
3.47 14.34 1.16
3.47 14.84 1.19
3.47 15.33 1.22
3.47 15.83 1.25
3.47 16.32 1.27
3.47 16.81 1.30
3.47 17.31 1.33
3.47 17.80 1.35
3.47 18.30 1.37
3.47 18.79 1.39
3.47 19.29 1.41
3.47 19.78 1.43
3.47 20.28 1.44
3.47 20.77 1.45
3.47 21.26 1.46
3.47 21.76 1.47
3.47 22.25 1.47
3.47 22.75 1.47
3.47 23.24 1.47
3.47 23.74 1.46
3.47 24.23 1.45
3.47 24.72 1.44
3.47 25.22 1.43
3.47 25.71 1.41
3.47 26.21 1.39
3.47 26.70 1.37
3.47 27.20 1.35
3.47 27.69 1.33
3.47 28.19 1.30
3.47 28.68 1.27
3.47 29.17 1.25
3.47 29.67 1.22
3.47 30.16 1.19
3.47 30.66 1.16
3.47 31.15 1.13
3.47 31.65 1.10
3.47 32.14 1.07
3.47 32.63 1.04
3.47 33.13 1.01
3.47 33.62 0.98
3.47 34.12 0.95
3.47 34.61 0.92
3.47 35.11 0.89
3.47 35.60 0.86
3.47 36.10 0.84
3.47 36.59 0.81
3.47 37.08 0.78
3.47 37.58 0.76
3.47 38.07 0.73
3.47 38.57 0.71
3.47 39.06 0.69
3.47 39.56 0.66
3.47 40.05 0.64
3.47 40.54 0.62
3.47 41.04 0.60
3.47 41.53 0.58
3.47 42.03 0.56
3.47 42.52 0.54
3.47 43.02 0.52
3.47 43.51 0.51
3.47 44.01 0.49
3.47 44.50 0.48
3.97 0.50 0.49
3.97 0.99 0.51
3.97 1.49 0.52
3.97 1.98 0.54
3.97 2.48 0.56
3.97 2.97 0.58
3.97 3.47 0.60
3.97 3.96 0.62
3.97 4.46 0.64
3.97 4.95 0.67
3.97 5.44 0.69
3.97 5.94 0.71
3.97 6.43 0.74
3.97 6.93 0.76
3.97 7.42 0.79
3.97 7.92 0.82
3.97 8.41 0.84
3.97 8.90 0.87
3.97 9.40 0.90
3.97 9.89 0.93
3.97 10.39 0.96
3.97 10.88 0.99
3.97 11.38 1.03
3.97 11.87 1.06
3.97 12.37 1.09
3.97 12.86 1.12
3.97 13.35 1.16
3.97 13.85 1.19
3.97 14.34 1.22
3.97 14.84 1.26
3.97 15.33 1.29
3.97 15.83 1.32
3.97 16.32 1.35
3.97 16.81 1.38
3.97 17.31 1.41
3.97 17.80 1.44
3.97 18.30 1.46
3.97 18.79 1.49
3.97 19.29 1.51
3.97 19.78 1.52
3.97 20.28 1.54
3.97 20.77 1.55
3.97 21.26 1.56
3.97 21.76 1.57
3.97 22.25 1.57
3.97 22.75 1.57
3.97 23.24 1.57
3.97 23.74 1.56
3.97 24.23 1.55
3.97 24.72 1.54
3.97 25.22 1.52
3.97 25.71 1.51
3.97 26.21 1.49
3.97 26.70 1.46
3.97 27.20 1.44
3.97 27.69 1.41
3.97 28.19 1.38
3.97 28.68 1.35
3.97 29.17 1.32
3.97 29.67 1.29
3.97 30.16 1.26
3.97 30.66 1.22
3.97 31.15 1.19
3.97 31.65 1.16
3.97 32.14 1.12
3.97 32.63 1.09
3.97 33.13 1.06
3.97 33.62 1.03
3.97 34.12 0.99
3.97 34.61 0.96
3.97 35.11 0.93
3.97 35.60 0.90
3.97 36.10 0.87
3.97 36.59 0.84
3.97 37.08 0.82
3.97 37.58 0.79
3.97 38.07 0.76
3.97 38.57 0.74
3.97 39.06 0.71
3.97 39.56 0.69
3.97 40.05 0.67
3.97 40.54 0.64
3.97 41.04 0.62
3.97 41.53 0.60
3.97 42.03 0.58
3.97 42.52 0.56
3.97 43.02 0.54
3.97 43.51 0.52
3.97 44.01 0.51
3.97 44.50 0.49
4.46 0.50 0.50
4.46 0.99 0.52
4.46 1.49 0.54
4.46 1.98 0.56
4.46 2.48 0.58
4.46 2.97 0.60
4.46 3.47 0.62
4.46 3.96 0.64
4.46 4.46 0.67
4.46 4.95 0.69
4.46 5.44 0.71
4.46 5.94 0.74
4.46 6.43 0.77
4.46 6.93 0.79
4.46 7.42 0.82
4.46 7.92 0.85
4.46 8.41 0.88
4.46 8.90 0.91
4.46 9.40 0.94
4.46 9.89 0.98
4.46 10.39 1.01
4.46 10.88 1.04
4.46 11.38 1.08
4.46 11.87 1.11
4.46 12.37 1.15
4.46 12.86 1.18
4.46 13.35 1.22
4.46 13.85 1.26
4.46 14.34 1.29
4.46 14.84 1.33
4.46 15.33 1.37
4.46 15.83 1.40
4.46 16.32 1.44
4.46 16.81 1.47
4.46 17.31 1.50
4.46 17.80 1.53
4.46 18.30 1.56
4.46 18.79 1.59
4.46 19.29 1.61
4.46 19.78 1.63
4.46 20.28 1.65
4.46 20.77 1.66
4.46 21.26 1.67
4.46 21.76 1.68
4.46 22.25 1.68
4.46 22.75 1.68
4.46 23.24 1.68
4.46 23.74 1.67
4.46 24.23 1.66
4.46 24.72 1.65
4.46 25.22 1.63
4.46 25.71 1.61
4.46 26.21 1.59
4.46 26.70 1.56
4.46 27.20 1.53
4.46 27.69 1.50
4.46 28.19 1.47
4.46 28.68 1.44
4.46 29.17 1.40
4.46 29.67 1.37
4.46 30.16 1.33
4.46 30.66 1.29
4.46 31.15 1.26
4.46 31.65 1.22
4.46 32.14 1.18
4.46 32.63 1.15
4.46 33.13 1.11
4.46 33.62 1.08
4.46 34.12 1.04
4.46 34.61 1.01
4.46 35.11 0.98
4.46 35.60 0.94
4.46 36.10 0.91
4.46 36.59 0.88
4.46 37.08 0.85
4.46 37.58 0.82
4.46 38.07 0.79
4.46 38.57 0.77
4.46 39.06 0.74
4.46 39.56 0.71
4.46 40.05 0.69
4.46 40.54 0.67
4.46 41.04 0.64
4.46 41.53 0.62
4.46 42.03 0.60
4.46 42.52 0.58
4.46 43.02 0.56
4.46 43.51 0.54
4.46 44.01 0.52
4.46 44.50 0.50
4.96 0.50 0.52
4.96 0.99 0.54
4.96 1.49 0.56
4.96 1.98 0.58
4.96 2.48 0.60
4.96 2.97 0.62
4.96 3.47 0.64
4.96 3.96 0.67
4.96 4.46 0.69
4.96 4.95 0.72
4.96 5.44 0.74
4.96 5.94 0.77
4.96 6.43 0.80
4.96 6.93 0.83
4.96 7.42 0.86
4.96 7.92 0.89
4.96 8.41 0.92
4.96 8.90 0.95
4.96 9.40 0.99
4.96 9.89 1.02
4.96 10.39 1.06
4.96 10.88 1.09
4.96 11.38 1.13
4.96 11.87 1.17
4.96 12.37 1.21
4.96 12.86 1.25
4.96 13.35 1.29
4.96 13.85 1.33
4.96 14.34 1.37
4.96 14.84 1.41
4.96 15.33 1.45
4.96 15.83 1.49
4.96 16.32 1.53
4.96 16.81 1.56
4.96 17.31 1.60
4.96 17.80 1.63
4.96 18.30 1.66
4.96 18.79 1.69
4.96 19.29 1.72
4.96 19.78 1.74
4.96 20.28 1.76
4.96 20.77 1.78
4.96 21.26 1.79
4.96 21.76 1.80
4.96 22.25 1.80
4.96 22.75 1.80
4.96 23.24 1.80
4.96 23.74 1.79
4.96 24.23 1.78
4.96 24.72 1.76
4.96 25.22 1.74
4.96 25.71 1.72
4.96 26.21 1.69
4.96 26.70 1.66
4.96 27.20 1.63
4.96 27.69 1.60
4.96 28.19 1.56
4.96 28.68 1.53
4.96 29.17 1.49
4.96 29.67 1.45
4.96 30.16 1.41
4.96 30.66 1.37
4.96 31.15 1.33
4.96 31.65 1.29
4.96 32.14 1.25
4.96 32.63 1.21
4.96 33.13 1.17
4.96 33.62 1.13
4.96 34.12 1.09
4.96 34.61 1.06
4.96 35.11 1.02
4.96 35.60 0.99
4.96 36.10 0.95
4.96 36.59 0.92
4.96 37.08 0.89
4.96 37.58 0.86
4.96 38.07 0.83
4.96 38.57 0.80
4.96 39.06 0.77
4.96 39.56 0.74
4.96 40.05 0.72
4.96 40.54 0.69
4.96 41.04 0.67
4.96 41.53 0.64
4.96 42.03 0.62
4.96 42.52 0.60
4.96 43.02 0.58
4.96 43.51 0.56
4.96 44.01 0.54
4.96 44.50 0.52
5.45 0.50 0.53
5.45 0.99 0.55
5.45 1.49 0.57
5.45 1.98 0.60
5.45 2.48 0.62
5.45 2.97 0.64
5.45 3.47 0.66
5.45 3.96 0.69
5.45 4.46 0.71
5.45 4.95 0.74
5.45 5.44 0.77
5.45 5.94 0.80
5.45 6.43 0.83
5.45 6.93 0.86
5.45 7.42 0.89
5.45 7.92 0.92
5.45 8.41 0.96
5.45 8.90 0.99
5.45 9.40 1.03
5.45 9.89 1.07
5.45 10.39 1.11
5.45 10.88 1.15
5.45 11.38 1.19
5.45 11.87 1.23
5.45 12.37 1.27
5.45 12.86 1.32
5.45 13.35 1.36
5.45 13.85 1.40
5.45 14.34 1.45
5.45 14.84 1.49
5.45 15.33 1.54
5.45 15.83 1.58
5.45 16.32 1.62
5.45 16.81 1.66
5.45 17.31 1.70
5.45 17.80 1.74
5.45 18.30 1.78
5.45 18.79 1.81
5.45 19.29 1.84
5.45 19.78 1.87
5.45 20.28 1.89
5.45 20.77 1.91
5.45 21.26 1.92
5.45 21.76 1.93
5.45 22.25 1.94
5.45 22.75 1.94
5.45 23.24 1.93
5.45 23.74 1.92
5.45 24.23 1.91
5.45 24.72 1.89
5.45 25.22 1.87
5.45 25.71 1.84
5.45 26.21 1.81
5.45 26.70 1.78
5.45 27.20 1.74
5.45 27.69 1.70
5.45 28.19 1.66
5.45 28.68 1.62
5.45 29.17 1.58
5.45 29.67 1.54
5.45 30.16 1.49
5.45 30.66 1.45
5.45 31.15 1.40
5.45 31.65 1.36
5.45 32.14 1.32
5.45 32.63 1.27
5.45 33.13 1.23
5.45 33.62 1.19
5.45 34.12 1.15
5.45 34.61 1.11
5.45 35.11 1.07
5.45 35.60 1.03
5.45 36.10 0.99
5.45 36.59 0.96
5.45 37.08 0.92
5.45 37.58 0.89
5.45 38.07 0.86
5.45 38.57 0.83
5.45 39.06 0.80
5.45 39.56 0.77
5.45 40.05 0.74
5.45 40.54 0.71
5.45 41.04 0.69
5.45 41.53 0.66
5.45 42.03 0.64
5.45 42.52 0.62
5.45 43.02 0.60
5.45 43.51 0.57
5.45 44.01 0.55
5.45 44.50 0.53
5.95 0.50 0.55
5.95 0.99 0.57
5.95 1.49 0.59
5.95 1.98 0.61
5.95 2.48 0.64
5.95 2.97 0.66
5.95 3.47 0.69
5.95 3.96 0.71
5.95 4.46 0.74
5.95 4.95 0.77
5.95 5.44 0.80
5.95 5.94 0.83
5.95 6.43 0.86
5.95 6.93 0.89
5.95 7.42 0.93
5.95 7.92 0.96
5.95 8.41 1.00
5.95 8.90 1.04
5.95 9.40 1.08
5.95 9.89 1.12
5.95 10.39 1.16
5.95 10.88 1.21
5.95 11.38 1.25
5.95 11.87 1.30
5.95 12.37 1.34
5.95 12.86 1.39
5.95 13.35 1.44
5.95 13.85 1.49
5.95 14.34 1.53
5.95 14.84 1.58
5.95 15.33 1.63
5.95 15.83 1.68
5.95 16.32 1.73
5.95 16.81 1.77
5.95 17.31 1.82
5.95 17.80 1.86
5.95 18.30 1.90
5.95 18.79 1.94
5.95 19.29 1.97
5.95 19.78 2.00
5.95 20.28 2.03
5.95 20.77 2.05
5.95 21.26 2.06
5.95 21.76 2.07
5.95 22.25 2.08
5.95 22.75 2.08
5.95 23.24 2.07
5.95 23.74 2.06
5.95 24.23 2.05
5.95 24.72 2.03
5.95 25.22 2.00
5.95 25.71 1.97
5.95 26.21 1.94
5.95 26.70 1.90
5.95 27.20 1.86
5.95 27.69 1.82
5.95 28.19 1.77
5.95 28.68 1.73
5.95 29.17 1.68
5.95 29.67 1.63
5.95 30.16 1.58
5.95 30.66 1.53
5.95 31.15 1.49
5.95 31.65 1.44
5.95 32.14 1.39
5.95 32.63 1.34
5.95 33.13 1.30
5.95 33.62 1.25
5.95 34.12 1.21
5.95 34.61 1.16
5.95 35.11 1.12
5.95 35.60 1.08
5.95 36.10 1.04
5.95 36.59 1.00
5.95 37.08 0.96
5.95 37.58 0.93
5.95 38.07 0.89
5.95 38.57 0.86
5.95 39.06 0.83
5.95 39.56 0.80
5.95 40.05 0.77
5.95 40.54 0.74
5.95 41.04 0.71
5.95 41.53 0.69
5.95 42.03 0.66
5.95 42.52 0.64
5.95 43.02 0.61
5.95 43.51 0.59
5.95 44.01 0.57
5.95 44.50 0.55
6.44 0.50 0.57
6.44 0.99 0.59
6.44 1.49 0.61
6.44 1.98 0.63
6.44 2.48 0.66
6.44 2.97 0.68
6.44 3.47 0.71
6.44 3.96 0.74
6.44 4.46 0.77
6.44 4.95 0.80
6.44 5.44 0.83
6.44 5.94 0.86
6.44 6.43 0.89
6.44 6.93 0.93
6.44 7.42 0.97
6.44 7.92 1.01
6.44 8.41 1.04
6.44 8.90 1.09
6.44 9.40 1.13
6.44 9.89 1.17
6.44 10.39 1.22
6.44 10.88 1.26
6.44 11.38 1.31
6.44 11.87 1.36
6.44 12.37 1.41
6.44 12.86 1.47
6.44 13.35 1.52
6.44 13.85 1.57
6.44 14.34 1.63
6.44 14.84 1.68
6.44 15.33 1.73
6.44 15.83 1.79
6.44 16.32 1.84
6.44 16.81 1.89
6.44 17.31 1.94
6.44 17.80 1.99
6.44 18.30 2.03
6.44 18.79 2.08
6.44 19.29 2.11
6.44 19.78 2.15
6.44 20.28 2.18
6.44 20.77 2.20
6.44 21.26 2.22
6.44 21.76 2.23
6.44 22.25 2.24
6.44 22.75 2.24
6.44 23.24 2.23
6.44 23.74 2.22
6.44 24.23 2.20
6.44 24.72 2.18
6.44 25.22 2.15
6.44 25.71 2.11
6.44 26.21 2.08
6.44 26.70 2.03
6.44 27.20 1.99
6.44 27.69 1.94
6.44 28.19 1.89
6.44 28.68 1.84
6.44 29.17 1.79
6.44 29.67 1.73
6.44 30.16 1.68
6.44 30.66 1.63
6.44 31.15 1.57
6.44 31.65 1.52
6.44 32.14 1.47
6.44 32.63 1.41
6.44 33.13 1.36
6.44 33.62 1.31
6.44 34.12 1.26
6.44 34.61 1.22
6.44 35.11 1.17
6.44 35.60 1.13
6.44 36.10 1.09
6.44 36.59 1.04
6.44 37.08 1.01
6.44 37.58 0.97
6.44 38.07 0.93
6.44 38.57 0.89
6.44 39.06 0.86
6.44 39.56 0.83
6.44 40.05 0.80
6.44 40.54 0.77
6.44 41.04 0.74
6.44 41.53 0.71
6.44 42.03 0.68
6.44 42.52 0.66
6.44 43.02 0.63
6.44 43.51 0.61
6.44 44.01 0.59
6.44 44.50 0.57
6.94 0.50 0.58
6.94 0.99 0.61
6.94 1.49 0.63
6.94 1.98 0.65
6.94 2.48 0.68
6.94 2.97 0.71
6.94 3.47 0.73
6.94 3.96 0.76
6.94 4.46 0.79
6.94 4.95 0.83
6.94 5.44 0.86
6.94 5.94 0.89
6.94 6.43 0.93
6.94 6.93 0.97
6.94 7.42 1.01
6.94 7.92 1.05
6.94 8.41 1.09
6.94 8.90 1.13
6.94 9.40 1.18
6.94 9.89 1.23
6.94 10.39 1.28
6.94 10.88 1.33
6.94 11.38 1.38
6.94 11.87 1.43
6.94 12.37 1.49
6.94 12.86 1.55
6.94 13.35 1.60
6.94 13.85 1.66
6.94 14.34 1.72
6.94 14.84 1.78
6.94 15.33 1.84
6.94 15.83 1.90
6.94 16.32 1.96
6.94 16.81 2.02
6.94 17.31 2.07
6.94 17.80 2.13
6.94 18.30 2.18
6.94 18.79 2.23
6.94 19.29 2.27
6.94 19.78 2.31
6.94 20.28 2.34
6.94 20.77 2.37
6.94 21.26 2.39
6.94 21.76 2.40
6.94 22.25 2.41
6.94 22.75 2.41
6.94 23.24 2.40
6.94 23.74 2.39
6.94 24.23 2.37
6.94 24.72 2.34
6.94 25.22 2.31
6.94 25.71 2.27
6.94 26.21 2.23
6.94 26.70 2.18
6.94 27.20 2.13
6.94 27.69 2.07
6.94 28.19 2.02
6.94 28.68 1.96
6.94 29.17 1.90
6.94 29.67 1.84
6.94 30.16 1.78
6.94 30.66 1.72
6.94 31.15 1.66
6.94 31.65 1.60
6.94 32.14 1.55
6.94 32.63 1.49
6.94 33.13 1.43
6.94 33.62 1.38
6.94 34.12 1.33
6.94 34.61 1.28
6.94 35.11 1.23
6.94 35.60 1.18
6.94 36.10 1.13
6.94 36.59 1.09
6.94 37.08 1.05
6.94 37.58 1.01
6.94 38.07 0.97
6.94 38.57 0.93
6.94 39.06 0.89
6.94 39.56 0.86
6.94 40.05 0.83
6.94 40.54 0.79
6.94 41.04 0.76
6.94 41.53 0.73
6.94 42.03 0.71
6.94 42.52 0.68
6.94 43.02 0.65
6.94 43.51 0.63
6.94 44.01 0.61
6.94 44.50 0.58
7.43 0.50 0.60
7.43 0.99 0.62
7.43 1.49 0.65
7.43 1.98 0.67
7.43 2.48 0.70
7.43 2.97 0.73
7.43 3.47 0.76
7.43 3.96 0.79
7.43 4.46 0.82
7.43 4.95 0.86
7.43 5.44 0.89
7.43 5.94 0.93
7.43 6.43 0.97
7.43 6.93 1.01
7.43 7.42 1.05
7.43 7.92 1.09
7.43 8.41 1.14
7.43 8.90 1.18
7.43 9.40 1.23
7.43 9.89 1.29
7.43 10.39 1.34
7.43 10.88 1.39
7.43 11.38 1.45
7.43 11.87 1.51
7.43 12.37 1.57
7.43 12.86 1.63
7.43 13.35 1.69
7.43 13.85 1.76
7.43 14.34 1.82
7.43 14.84 1.89
7.43 15.33 1.96
7.43 15.83 2.02
7.43 16.32 2.09
7.43 16.81 2.15
7.43 17.31 2.22
7.43 17.80 2.28
7.43 18.30 2.33
7.43 18.79 2.39
7.43 19.29 2.44
7.43 19.78 2.48
7.43 20.28 2.52
7.43 20.77 2.55
7.43 21.26 2.57
7.43 21.76 2.59
7.43 22.25 2.60
7.43 22.75 2.60
7.43 23.24 2.59
7.43 23.74 2.57
7.43 24.23 2.55
7.43 24.72 2.52
7.43 25.22 2.48
7.43 25.71 2.44
7.43 26.21 2.39
7.43 26.70 2.33
7.43 27.20 2.28
7.43 27.69 2.22
7.43 28.19 2.15
7.43 28.68 2.09
7.43 29.17 2.02
7.43 29.67 1.96
7.43 30.16 1.89
7.43 30.66 1.82
7.43 31.15 1.76
7.43 31.65 1.69
7.43 32.14 1.63
7.43 32.63 1.57
7.43 33.13 1.51
7.43 33.62 1.45
7.43 34.12 1.39
7.43 34.61 1.34
7.43 35.11 1.29
7.43 35.60 1.23
7.43 36.10 1.18
7.43 36.59 1.14
7.43 37.08 1.09
7.43 37.58 1.05
7.43 38.07 1.01
7.43 38.57 0.97
7.43 39.06 0.93
7.43 39.56 0.89
7.43 40.05 0.86
7.43 40.54 0.82
7.43 41.04 0.79
7.43 41.53 0.76
7.43 42.03 0.73
7.43 42.52 0.70
7.43 43.02 0.67
7.43 43.51 0.65
7.43 44.01 0.62
7.43 44.50 0.60
7.93 0.50 0.62
7.93 0.99 0.64
7.93 1.49 0.67
7.93 1.98 0.69
7.93 2.48 0.72
7.93 2.97 0.75
7.93 3.47 0.78
7.93 3.96 0.82
7.93 4.46 0.85
7.93 4.95 0.89
7.93 5.44 0.92
7.93 5.94 0.96
7.93 6.43 1.00
7.93 6.93 1.05
7.93 7.42 1.09
7.93 7.92 1.14
7.93 8.41 1.19
7.93 8.90 1.24
7.93 9.40 1.29
7.93 9.89 1.34
7.93 10.39 1.40
7.93 10.88 1.46
7.93 11.38 1.52
7.93 11.87 1.59
7.93 12.37 1.65
7.93 12.86 1.72
7.93 13.35 1.79
7.93 13.85 1.86
7.93 14.34 1.93
7.93 14.84 2.01
7.93 15.33 2.08
7.93 15.83 2.15
7.93 16.32 2.23
7.93 16.81 2.30
7.93 17.31 2.37
7.93 17.80 2.44
7.93 18.30 2.50
7.93 18.79 2.56
7.93 19.29 2.62
7.93 19.78 2.67
7.93 20.28 2.71
7.93 20.77 2.74
7.93 21.26 2.77
7.93 21.76 2.79
7.93 22.25 2.80
7.93 22.75 2.80
7.93 23.24 2.79
7.93 23.74 2.77
7.93 24.23 2.74
7.93 24.72 2.71
7.93 25.22 2.67
7.93 25.71 2.62
7.93 26.21 2.56
7.93 26.70 2.50
7.93 27.20 2.44
7.93 27.69 2.37
7.93 28.19 2.30
7.93 28.68 2.23
7.93 29.17 2.15
7.93 29.67 2.08
7.93 30.16 2.01
7.93 30.66 1.93
7.93 31.15 1.86
7.93 31.65 1.79
7.93 32.14 1.72
7.93 32.63 1.65
7.93 33.13 1.59
7.93 33.62 1.52
7.93 34.12 1.46
7.93 34.61 1.40
7.93 35.11 1.34
7.93 35.60 1.29
7.93 36.10 1.24
7.93 36.59 1.19
7.93 37.08 1.14
7.93 37.58 1.09
7.93 38.07 1.05
7.93 38.57 1.00
7.93 39.06 0.96
7.93 39.56 0.92
7.93 40.05 0.89
7.93 40.54 0.85
7.93 41.04 0.82
7.93 41.53 0.78
7.93 42.03 0.75
7.93 42.52 0.72
7.93 43.02 0.69
7.93 43.51 0.67
7.93 44.01 0.64
7.93 44.50 0.62
8.42 0.50 0.63
8.42 0.99 0.66
8.42 1.49 0.69
8.42 1.98 0.72
8.42 2.48 0.74
8.42 2.97 0.78
8.42 3.47 0.81
8.42 3.96 0.84
8.42 4.46 0.88
8.42 4.95 0.92
8.42 5.44 0.96
8.42 5.94 1.00
8.42 6.43 1.04
8.42 6.93 1.09
8.42 7.42 1.13
8.42 7.92 1.18
8.42 8.41 1.24
8.42 8.90 1.29
8.42 9.40 1.35
8.42 9.89 1.41
8.42 10.39 1.47
8.42 10.88 1.53
8.42 11.38 1.60
8.42 11.87 1.67
8.42 12.37 1.74
8.42 12.86 1.82
8.42 13.35 1.89
8.42 13.85 1.97
8.42 14.34 2.05
8.42 14.84 2.13
8.42 15.33 2.21
8.42 15.83 2.29
8.42 16.32 2.37
8.42 16.81 2.46
8.42 17.31 2.53
8.42 17.80 2.61
8.42 18.30 2.68
8.42 18.79 2.75
8.42 19.29 2.81
8.42 19.78 2.87
8.42 20.28 2.92
8.42 20.77 2.96
8.42 21.26 2.99
8.42 21.76 3.01
8.42 22.25 3.02
8.42 22.75 3.02
8.42 23.24 3.01
8.42 23.74 2.99
8.42 24.23 2.96
8.42 24.72 2.92
8.42 25.22 2.87
8.42 25.71 2.81
8.42 26.21 2.75
8.42 26.70 2.68
8.42 27.20 2.61
8.42 27.69 2.53
8.42 28.19 2.46
8.42 28.68 2.37
8.42 29.17 2.29
8.42 29.67 2.21
8.42 30.16 2.13
8.42 30.66 2.05
8.42 31.15 1.97
8.42 31.65 1.89
8.42 32.14 1.82
8.42 32.63 1.74
8.42 33.13 1.67
8.42 33.62 1.60
8.42 34.12 1.53
8.42 34.61 1.47
8.42 35.11 1.41
8.42 35.60 1.35
8.42 36.10 1.29
8.42 36.59 1.24
8.42 37.08 1.18
8.42 37.58 1.13
8.42 38.07 1.09
8.42 38.57 1.04
8.42 39.06 1.00
8.42 39.56 0.96
8.42 40.05 0.92
8.42 40.54 0.88
8.42 41.04 0.84
8.42 41.53 0.81
8.42 42.03 0.78
8.42 42.52 0.74
8.42 43.02 0.72
8.42 43.51 0.69
8.42 44.01 0.66
8.42 44.50 0.63
8.92 0.50 0.65
8.92 0.99 0.68
8.92 1.49 0.71
8.92 1.98 0.74
8.92 2.48 0.77
8.92 2.97 0.80
8.92 3.47 0.83
8.92 3.96 0.87
8.92 4.46 0.91
8.92 4.95 0.95
8.92 5.44 0.99
8.92 5.94 1.03
8.92 6.43 1.08
8.92 6.93 1.13
8.92 7.42 1.18
8.92 7.92 1.23
8.92 8.41 1.29
8.92 8.90 1.35
8.92 9.40 1.41
8.92 9.89 1.47
8.92 10.39 1.54
8.92 10.88 1.61
8.92 11.38 1.68
8.92 11.87 1.76
8.92 12.37 1.83
8.92 12.86 1.91
8.92 13.35 2.00
8.92 13.85 2.08
8.92 14.34 2.17
8.92 14.84 2.26
8.92 15.33 2.35
8.92 15.83 2.44
8.92 16.32 2.53
8.92 16.81 2.62
8.92 17.31 2.71
8.92 17.80 2.80
8.92 18.30 2.88
8.92 18.79 2.96
8.92 19.29 3.03
8.92 19.78 3.09
8.92 20.28 3.15
8.92 20.77 3.19
8.92 21.26 3.23
8.92 21.76 3.25
8.92 22.25 3.26
8.92 22.75 3.26
8.92 23.24 3.25
8.92 23.74 3.23
8.92 24.23 3.19
8.92 24.72 3.15
8.92 25.22 3.09
8.92 25.71 3.03
8.92 26.21 2.96
8.92 26.70 2.88
8.92 27.20 2.80
8.92 27.69 2.71
8.92 28.19 2.62
8.92 28.68 2.53
8.92 29.17 2.44
8.92 29.67 2.35
8.92 30.16 2.26
8.92 30.66 2.17
8.92 31.15 2.08
8.92 31.65 2.00
8.92 32.14 1.91
8.92 32.63 1.83
8.92 33.13 1.76
8.92 33.62 1.68
8.92 34.12 1.61
8.92 34.61 1.54
8.92 35.11 1.47
8.92 35.60 1.41
8.92 36.10 1.35
8.92 36.59 1.29
8.92 37.08 1.23
8.92 37.58 1.18
8.92 38.07 1.13
8.92 38.57 1.08
8.92 39.06 1.03
8.92 39.56 0.99
8.92 40.05 0.95
8.92 40.54 0.91
8.92 41.04 0.87
8.92 41.53 0.83
8.92 42.03 0.80
8.92 42.52 0.77
8.92 43.02 0.74
8.92 43.51 0.71
8.92 44.01 0.68
8.92 44.50 0.65
9.41 0.50 0.67
9.41 0.99 0.70
9.41 1.49 0.73
9.41 1.98 0.76
9.41 2.48 0.79
9.41 2.97 0.83
9.41 3.47 0.86
9.41 3.96 0.90
9.41 4.46 0.94
9.41 4.95 0.98
9.41 5.44 1.03
9.41 5.94 1.07
9.41 6.43 1.12
9.41 6.93 1.17
9.41 7.42 1.23
9.41 7.92 1.28
9.41 8.41 1.34
9.41 8.90 1.41
9.41 9.40 1.47
9.41 9.89 1.54
9.41 10.39 1.61
9.41 10.88 1.69
9.41 11.38 1.76
9.41 11.87 1.85
9.41 12.37 1.93
9.41 12.86 2.02
9.41 13.35 2.11
9.41 13.85 2.20
9.41 14.34 2.30
9.41 14.84 2.40
9.41 15.33 2.50
9.41 15.83 2.60
9.41 16.32 2.70
9.41 16.81 2.80
9.41 17.31 2.90
9.41 17.80 3.00
9.41 18.30 3.09
9.41 18.79 3.18
9.41 19.29 3.26
9.41 19.78 3.33
9.41 20.28 3.39
9.41 20.77 3.44
9.41 21.26 3.48
9.41 21.76 3.51
9.41 22.25 3.53
9.41 22.75 3.53
9.41 23.24 3.51
9.41 23.74 3.48
9.41 24.23 3.44
9.41 24.72 3.39
9.41 25.22 3.33
9.41 25.71 3.26
9.41 26.21 3.18
9.41 26.70 3.09
9.41 27.20 3.00
9.41 27.69 2.90
9.41 28.19 2.80
9.41 28.68 2.70
9.41 29.17 2.60
9.41 29.67 2.50
9.41 30.16 2.40
9.41 30.66 2.30
9.41 31.15 2.20
9.41 31.65 2.11
9.41 32.14 2.02
9.41 32.63 1.93
9.41 33.13 1.85
9.41 33.62 1.76
9.41 34.12 1.69
9.41 34.61 1.61
9.41 35.11 1.54
9.41 35.60 1.47
9.41 36.10 1.41
9.41 36.59 1.34
9.41 37.08 1.28
9.41 37.58 1.23
9.41 38.07 1.17
9.41 38.57 1.12
9.41 39.06 1.07
9.41 39.56 1.03
9.41 40.05 0.98
9.41 40.54 0.94
9.41 41.04 0.90
9.41 41.53 0.86
9.41 42.03 0.83
9.41 42.52 0.79
9.41 43.02 0.76
9.41 43.51 0.73
9.41 44.01 0.70
9.41 44.50 0.67
9.91 0.50 0.69
9.91 0.99 0.72
9.91 1.49 0.75
9.91 1.98 0.78
9.91 2.48 0.81
9.91 2.97 0.85
9.91 3.47 0.89
9.91 3.96 0.93
9.91 4.46 0.97
9.91 4.95 1.01
9.91 5.44 1.06
9.91 5.94 1.11
9.91 6.43 1.16
9.91 6.93 1.22
9.91 7.42 1.27
9.91 7.92 1.33
9.91 8.41 1.40
9.91 8.90 1.47
9.91 9.40 1.54
9.91 9.89 1.61
9.91 10.39 1.69
9.91 10.88 1.77
9.91 11.38 1.85
9.91 11.87 1.94
9.91 12.37 2.03
9.91 12.86 2.13
9.91 13.35 2.23
9.91 13.85 2.33
9.91 14.34 2.44
9.91 14.84 2.54
9.91 15.33 2.65
9.91 15.83 2.77
9.91 16.32 2.88
9.91 16.81 2.99
9.91 17.31 3.10
9.91 17.80 3.21
9.91 18.30 3.31
9.91 18.79 3.41
9.91 19.29 3.50
9.91 19.78 3.59
9.91 20.28 3.66
9.91 20.77 3.72
9.91 21.26 3.76
9.91 21.76 3.79
9.91 22.25 3.81
9.91 22.75 3.81
9.91 23.24 3.79
9.91 23.74 3.76
9.91 24.23 3.72
9.91 24.72 3.66
9.91 25.22 3.59
9.91 25.71 3.50
9.91 26.21 3.41
9.91 26.70 3.31
9.91 27.20 3.21
9.91 27.69 3.10
9.91 28.19 2.99
9.91 28.68 2.88
9.91 29.17 2.77
9.91 29.67 2.65
9.91 30.16 2.54
9.91 30.66 2.44
9.91 31.15 2.33
9.91 31.65 2.23
9.91 32.14 2.13
9.91 32.63 2.03
9.91 33.13 1.94
9.91 33.62 1.85
9.91 34.12 1.77
9.91 34.61 1.69
9.91 35.11 1.61
9.91 35.60 1.54
9.91 36.10 1.47
9.91 36.59 1.40
9.91 37.08 1.33
9.91 37.58 1.27
9.91 38.07 1.22
9.91 38.57 1.16
9.91 39.06 1.11
9.91 39.56 1.06
9.91 40.05 1.01
9.91 40.54 0.97
9.91 41.04 0.93
9.91 41.53 0.89
9.91 42.03 0.85
9.91 42.52 0.81
9.91 43.02 0.78
9.91 43.51 0.75
9.91 44.01 0.72
9.91 44.50 0.69
10.40 0.50 0.71
10.40 0.99 0.74
10.40 1.49 0.77
10.40 1.98 0.80
10.40 2.48 0.84
10.40 2.97 0.88
10.40 3.47 0.92
10.40 3.96 0.96
10.40 4.46 1.00
10.40 4.95 1.05
10.40 5.44 1.10
10.40 5.94 1.15
10.40 6.43 1.20
10.40 6.93 1.26
10.40 7.42 1.32
10.40 7.92 1.39
10.40 8.41 1.46
10.40 8.90 1.53
10.40 9.40 1.60
10.40 9.89 1.68
10.40 10.39 1.76
10.40 10.88 1.85
10.40 11.38 1.94
10.40 11.87 2.04
10.40 12.37 2.14
10.40 12.86 2.24
10.40 13.35 2.35
10.40 13.85 2.46
10.40 14.34 2.58
10.40 14.84 2.70
10.40 15.33 2.82
10.40 15.83 2.94
10.40 16.32 3.07
10.40 16.81 3.19
10.40 17.31 3.32
10.40 17.80 3.44
10.40 18.30 3.56
10.40 18.79 3.67
10.40 19.29 3.77
10.40 19.78 3.86
10.40 20.28 3.94
10.40 20.77 4.01
10.40 21.26 4.06
10.40 21.76 4.10
10.40 22.25 4.12
10.40 22.75 4.12
10.40 23.24 4.10
10.40 23.74 4.06
10.40 24.23 4.01
10.40 24.72 3.94
10.40 25.22 3.86
10.40 25.71 3.77
10.40 26.21 3.67
10.40 26.70 3.56
10.40 27.20 3.44
10.40 27.69 3.32
10.40 28.19 3.19
10.40 28.68 3.07
10.40 29.17 2.94
10.40 29.67 2.82
10.40 30.16 2.70
10.40 30.66 2.58
10.40 31.15 2.46
10.40 31.65 2.35
10.40 32.14 2.24
10.40 32.63 2.14
10.40 33.13 2.04
10.40 33.62 1.94
10.40 34.12 1.85
10.40 34.61 1.76
10.40 35.11 1.68
10.40 35.60 1.60
10.40 36.10 1.53
10.40 36.59 1.46
10.40 37.08 1.39
10.40 37.58 1.32
10.40 38.07 1.26
10.40 38.57 1.20
10.40 39.06 1.15
10.40 39.56 1.10
10.40 40.05 1.05
10.40 40.54 1.00
10.40 41.04 0.96
10.40 41.53 0.92
10.40 42.03 0.88
10.40 42.52 0.84
10.40 43.02 0.80
10.40 43.51 0.77
10.40 44.01 0.74
10.40 44.50 0.71
10.90 0.50 0.72
10.90 0.99 0.76
10.90 1.49 0.79
10.90 1.98 0.82
10.90 2.48 0.86
10.90 2.97 0.90
10.90 3.47 0.94
10.90 3.96 0.99
10.90 4.46 1.03
10.90 4.95 1.08
10.90 5.44 1.14
10.90 5.94 1.19
10.90 6.43 1.25
10.90 6.93 1.31
10.90 7.42 1.37
10.90 7.92 1.44
10.90 8.41 1.51
10.90 8.90 1.59
10.90 9.40 1.67
10.90 9.89 1.75
10.90 10.39 1.84
10.90 10.88 1.94
10.90 11.38 2.04
10.90 11.87 2.14
10.90 12.37 2.25
10.90 12.86 2.36
10.90 13.35 2.48
10.90 13.85 2.60
10.90 14.34 2.73
10.90 14.84 2.86
10.90 15.33 2.99
10.90 15.83 3.13
10.90 16.32 3.27
10.90 16.81 3.41
10.90 17.31 3.55
10.90 17.80 3.68
10.90 18.30 3.81
10.90 18.79 3.94
10.90 19.29 4.05
10.90 19.78 4.16
10.90 20.28 4.25
10.90 20.77 4.33
10.90 21.26 4.39
10.90 21.76 4.43
10.90 22.25 4.45
10.90 22.75 4.45
10.90 23.24 4.43
10.90 23.74 4.39
10.90 24.23 4.33
10.90 24.72 4.25
10.90 25.22 4.16
10.90 25.71 4.05
10.90 26.21 3.94
10.90 26.70 3.81
10.90 27.20 3.68
10.90 27.69 3.55
10.90 28.19 3.41
10.90 28.68 3.27
10.90 29.17 3.13
10.90 29.67 2.99
10.90 30.16 2.86
10.90 30.66 2.73
10.90 31.15 2.60
10.90 31.65 2.48
10.90 32.14 2.36
10.90 32.63 2.25
10.90 33.13 2.14
10.90 33.62 2.04
10.90 34.12 1.94
10.90 34.61 1.84
10.90 35.11 1.75
10.90 35.60 1.67
10.90 36.10 1.59
10.90 36.59 1.51
10.90 37.08 1.44
10.90 37.58 1.37
10.90 38.07 1.31
10.90 38.57 1.25
10.90 39.06 1.19
10.90 39.56 1.14
10.90 40.05 1.08
10.90 40.54 1.03
10.90 41.04 0.99
10.90 41.53 0.94
10.90 42.03 0.90
10.90 42.52 0.86
10.90 43.02 0.82
10.90 43.51 0.79
10.90 44.01 0.76
10.90 44.50 0.72
11.40 0.50 0.74
11.40 0.99 0.78
11.40 1.49 0.81
11.40 1.98 0.85
11.40 2.48 0.89
11.40 2.97 0.93
11.40 3.47 0.97
11.40 3.96 1.02
11.40 4.46 1.07
11.40 4.95 1.12
11.40 5.44 1.17
11.40 5.94 1.23
11.40 6.43 1.29
11.40 6.93 1.36
11.40 7.42 1.43
11.40 7.92 1.50
11.40 8.41 1.57
11.40 8.90 1.66
11.40 9.40 1.74
11.40 9.89 1.83
11.40 10.39 1.93
11.40 10.88 2.03
11.40 11.38 2.13
11.40 11.87 2.24
11.40 12.37 2.36
11.40 12.86 2.48
11.40 13.35 2.61
11.40 13.85 2.75
11.40 14.34 2.89
11.40 14.84 3.03
11.40 15.33 3.18
11.40 15.83 3.33
11.40 16.32 3.48
11.40 16.81 3.63
11.40 17.31 3.79
11.40 17.80 3.94
11.40 18.30 4.09
11.40 18.79 4.23
11.40 19.29 4.36
11.40 19.78 4.48
11.40 20.28 4.58
11.40 20.77 4.67
11.40 21.26 4.73
11.40 21.76 4.78
11.40 22.25 4.80
11.40 22.75 4.80
11.40 23.24 4.78
11.40 23.74 4.73
11.40 24.23 4.67
11.40 24.72 4.58
11.40 25.22 4.48
11.40 25.71 4.36
11.40 26.21 4.23
11.40 26.70 4.09
11.40 27.20 3.94
11.40 27.69 3.79
11.40 28.19 3.63
11.40 28.68 3.48
11.40 29.17 3.33
11.40 29.67 3.18
11.40 30.16 3.03
11.40 30.66 2.89
11.40 31.15 2.75
11.40 31.65 2.61
11.40 32.14 2.48
11.40 32.63 2.36
11.40 33.13 2.24
11.40 33.62 2.13
11.40 34.12 2.03
11.40 34.61 1.93
11.40 35.11 1.83
11.40 35.60 1.74
11.40 36.10 1.66
11.40 36.59 1.57
11.40 37.08 1.50
11.40 37.58 1.43
11.40 38.07 1.36
11.40 38.57 1.29
11.40 39.06 1.23
11.40 39.56 1.17
11.40 40.05 1.12
11.40 40.54 1.07
11.40 41.04 1.02
11.40 41.53 0.97
11.40 42.03 0.93
11.40 42.52 0.89
11.40 43.02 0.85
11.40 43.51 0.81
11.40 44.01 0.78
11.40 44.50 0.74
11.89 0.50 0.76
11.89 0.99 0.80
11.89 1.49 0.83
11.89 1.98 0.87
11.89 2.48 0.91
11.89 2.97 0.95
11.89 3.47 1.00
11.89 3.96 1.05
11.89 4.46 1.10
11.89 4.95 1.15
11.89 5.44 1.21
11.89 5.94 1.27
11.89 6.43 1.34
11.89 6.93 1.41
11.89 7.42 1.48
11.89 7.92 1.55
11.89 8.41 1.64
11.89 8.90 1.72
11.89 9.40 1.81
11.89 9.89 1.91
11.89 10.39 2.01
11.89 10.88 2.12
11.89 11.38 2.23
11.89 11.87 2.35
11.89 12.37 2.48
11.89 12.86 2.61
11.89 13.35 2.75
11.89 13.85 2.90
11.89 14.34 3.05
11.89 14.84 3.21
11.89 15.33 3.37
11.89 15.83 3.53
11.89 16.32 3.70
11.89 16.81 3.87
11.89 17.31 4.04
11.89 17.80 4.21
11.89 18.30 4.38
11.89 18.79 4.53
11.89 19.29 4.68
11.89 19.78 4.81
11.89 20.28 4.93
11.89 20.77 5.03
11.89 21.26 5.10
11.89 21.76 5.16
11.89 22.25 5.18
11.89 22.75 5.18
11.89 23.24 5.16
11.89 23.74 5.10
11.89 24.23 5.03
11.89 24.72 4.93
11.89 25.22 4.81
11.89 25.71 4.68
11.89 26.21 4.53
11.89 26.70 4.38
11.89 27.20 4.21
11.89 27.69 4.04
11.89 28.19 3.87
11.89 28.68 3.70
11.89 29.17 3.53
11.89 29.67 3.37
11.89 30.16 3.21
11.89 30.66 3.05
11.89 31.15 2.90
11.89 31.65 2.75
11.89 32.14 2.61
11.89 32.63 2.48
11.89 33.13 2.35
11.89 33.62 2.23
11.89 34.12 2.12
11.89 34.61 2.01
11.89 35.11 1.91
11.89 35.60 1.81
11.89 36.10 1.72
11.89 36.59 1.64
11.89 37.08 1.55
11.89 37.58 1.48
11.89 38.07 1.41
11.89 38.57 1.34
11.89 39.06 1.27
11.89 39.56 1.21
11.89 40.05 1.15
11.89 40.54 1.10
11.89 41.04 1.05
11.89 41.53 1.00
11.89 42.03 0.95
11.89 42.52 0.91
11.89 43.02 0.87
11.89 43.51 0.83
11.89 44.01 0.80
11.89 44.50 0.76
12.39 0.50 0.78
12.39 0.99 0.82
12.39 1.49 0.85
12.39 1.98 0.89
12.39 2.48 0.94
12.39 2.97 0.98
12.39 3.47 1.03
12.39 3.96 1.08
12.39 4.46 1.13
12.39 4.95 1.19
12.39 5.44 1.25
12.39 5.94 1.31
12.39 6.43 1.38
12.39 6.93 1.45
12.39 7.42 1.53
12.39 7.92 1.61
12.39 8.41 1.70
12.39 8.90 1.79
12.39 9.40 1.89
12.39 9.89 1.99
12.39 10.39 2.10
12.39 10.88 2.21
12.39 11.38 2.34
12.39 11.87 2.47
12.39 12.37 2.60
12.39 12.86 2.74
12.39 13.35 2.90
12.39 13.85 3.05
12.39 14.34 3.22
12.39 14.84 3.39
12.39 15.33 3.57
12.39 15.83 3.75
12.39 16.32 3.93
12.39 16.81 4.12
12.39 17.31 4.31
12.39 17.80 4.50
12.39 18.30 4.68
12.39 18.79 4.86
12.39 19.29 5.02
12.39 19.78 5.17
12.39 20.28 5.30
12.39 20.77 5.41
12.39 21.26 5.50
12.39 21.76 5.56
12.39 22.25 5.59
12.39 22.75 5.59
12.39 23.24 5.56
12.39 23.74 5.50
12.39 24.23 5.41
12.39 24.72 5.30
12.39 25.22 5.17
12.39 25.71 5.02
12.39 26.21 4.86
12.39 26.70 4.68
12.39 27.20 4.50
12.39 27.69 4.31
12.39 28.19 4.12
12.39 28.68 3.93
12.39 29.17 3.75
12.39 29.67 3.57
12.39 30.16 3.39
12.39 30.66 3.22
12.39 31.15 3.05
12.39 31.65 2.90
12.39 32.14 2.74
12.39 32.63 2.60
12.39 33.13 2.47
12.39 33.62 2.34
12.39 34.12 2.21
12.39 34.61 2.10
12.39 35.11 1.99
12.39 35.60 1.89
12.39 36.10 1.79
12.39 36.59 1.70
12.39 37.08 1.61
12.39 37.58 1.53
12.39 38.07 1.45
12.39 38.57 1.38
12.39 39.06 1.31
12.39 39.56 1.25
12.39 40.05 1.19
12.39 40.54 1.13
12.39 41.04 1.08
12.39 41.53 1.03
12.39 42.03 0.98
12.39 42.52 0.94
12.39 43.02 0.89
12.39 43.51 0.85
12.39 44.01 0.82
12.39 44.50 0.78
12.88 0.50 0.80
12.88 0.99 0.84
12.88 1.49 0.87
12.88 1.98 0.92
12.88 2.48 0.96
12.88 2.97 1.01
12.88 3.47 1.06
12.88 3.96 1.11
12.88 4.46 1.17
12.88 4.95 1.23
12.88 5.44 1.29
12.88 5.94 1.36
12.88 6.43 1.43
12.88 6.93 1.50
12.88 7.42 1.58
12.88 7.92 1.67
12.88 8.41 1.76
12.88 8.90 1.86
12.88 9.40 1.96
12.88 9.89 2.07
12.88 10.39 2.19
12.88 10.88 2.31
12.88 11.38 2.44
12.88 11.87 2.58
12.88 12.37 2.73
12.88 12.86 2.88
12.88 13.35 3.04
12.88 13.85 3.21
12.88 14.34 3.39
12.88 14.84 3.58
12.88 15.33 3.77
12.88 15.83 3.97
12.88 16.32 4.18
12.88 16.81 4.38
12.88 17.31 4.59
12.88 17.80 4.80
12.88 18.30 5.00
12.88 18.79 5.20
12.88 19.29 5.38
12.88 19.78 5.55
12.88 20.28 5.69
12.88 20.77 5.82
12.88 21.26 5.91
12.88 21.76 5.98
12.88 22.25 6.01
12.88 22.75 6.01
12.88 23.24 5.98
12.88 23.74 5.91
12.88 24.23 5.82
12.88 24.72 5.69
12.88 25.22 5.55
12.88 25.71 5.38
12.88 26.21 5.20
12.88 26.70 5.00
12.88 27.20 4.80
12.88 27.69 4.59
12.88 28.19 4.38
12.88 28.68 4.18
12.88 29.17 3.97
12.88 29.67 3.77
12.88 30.16 3.58
12.88 30.66 3.39
12.88 31.15 3.21
12.88 31.65 3.04
12.88 32.14 2.88
12.88 32.63 2.73
12.88 33.13 2.58
12.88 33.62 2.44
12.88 34.12 2.31
12.88 34.61 2.19
12.88 35.11 2.07
12.88 35.60 1.96
12.88 36.10 1.86
12.88 36.59 1.76
12.88 37.08 1.67
12.88 37.58 1.58
12.88 38.07 1.50
12.88 38.57 1.43
12.88 39.06 1.36
12.88 39.56 1.29
12.88 40.05 1.23
12.88 40.54 1.17
12.88 41.04 1.11
12.88 41.53 1.06
12.88 42.03 1.01
12.88 42.52 0.96
12.88 43.02 0.92
12.88 43.51 0.87
12.88 44.01 0.84
12.88 44.50 0.80
13.38 0.50 0.82
13.38 0.99 0.85
13.38 1.49 0.90
13.38 1.98 0.94
13.38 2.48 0.99
13.38 2.97 1.03
13.38 3.47 1.09
13.38 3.96 1.14
13.38 4.46 1.20
13.38 4.95 1.26
13.38 5.44 1.33
13.38 5.94 1.40
13.38 6.43 1.47
13.38 6.93 1.55
13.38 7.42 1.64
13.38 7.92 1.73
13.38 8.41 1.83
13.38 8.90 1.93
13.38 9.40 2.04
13.38 9.89 2.15
13.38 10.39 2.28
13.38 10.88 2.41
13.38 11.38 2.55
13.38 11.87 2.70
13.38 12.37 2.85
13.38 12.86 3.02
13.38 13.35 3.20
13.38 13.85 3.38
13.38 14.34 3.57
13.38 14.84 3.78
13.38 15.33 3.99
13.38 15.83 4.20
13.38 16.32 4.43
13.38 16.81 4.66
13.38 17.31 4.88
13.38 17.80 5.11
13.38 18.30 5.34
13.38 18.79 5.55
13.38 19.29 5.75
13.38 19.78 5.94
13.38 20.28 6.11
13.38 20.77 6.24
13.38 21.26 6.35
13.38 21.76 6.42
13.38 22.25 6.46
13.38 22.75 6.46
13.38 23.24 6.42
13.38 23.74 6.35
13.38 24.23 6.24
13.38 24.72 6.11
13.38 25.22 5.94
13.38 25.71 5.75
13.38 26.21 5.55
13.38 26.70 5.34
13.38 27.20 5.11
13.38 27.69 4.88
13.38 28.19 4.66
13.38 28.68 4.43
13.38 29.17 4.20
13.38 29.67 3.99
13.38 30.16 3.78
13.38 30.66 3.57
13.38 31.15 3.38
13.38 31.65 3.20
13.38 32.14 3.02
13.38 32.63 2.85
13.38 33.13 2.70
13.38 33.62 2.55
13.38 34.12 2.41
13.38 34.61 2.28
13.38 35.11 2.15
13.38 35.60 2.04
13.38 36.10 1.93
13.38 36.59 1.83
13.38 37.08 1.73
13.38 37.58 1.64
13.38 38.07 1.55
13.38 38.57 1.47
13.38 39.06 1.40
13.38 39.56 1.33
13.38 40.05 1.26
13.38 40.54 1.20
13.38 41.04 1.14
13.38 41.53 1.09
13.38 42.03 1.03
13.38 42.52 0.99
13.38 43.02 0.94
13.38 43.51 0.90
13.38 44.01 0.85
13.38 44.50 0.82
13.87 0.50 0.83
13.87 0.99 0.87
13.87 1.49 0.92
13.87 1.98 0.96
13.87 2.48 1.01
13.87 2.97 1.06
13.87 3.47 1.12
13.87 3.96 1.17
13.87 4.46 1.23
13.87 4.95 1.30
13.87 5.44 1.37
13.87 5.94 1.44
13.87 6.43 1.52
13.87 6.93 1.60
13.87 7.42 1.69
13.87 7.92 1.79
13.87 8.41 1.89
13.87 8.90 2.00
13.87 9.40 2.11
13.87 9.89 2.24
13.87 10.39 2.37
13.87 10.88 2.51
13.87 11.38 2.66
13.87 11.87 2.82
13.87 12.37 2.98
13.87 12.86 3.16
13.87 13.35 3.35
13.87 13.85 3.55
13.87 14.34 3.76
13.87 14.84 3.98
13.87 15.33 4.21
13.87 15.83 4.44
13.87 16.32 4.69
13.87 16.81 4.94
13.87 17.31 5.19
13.87 17.80 5.44
13.87 18.30 5.68
13.87 18.79 5.92
13.87 19.29 6.15
13.87 19.78 6.35
13.87 20.28 6.53
13.87 20.77 6.69
13.87 21.26 6.81
13.87 21.76 6.89
13.87 22.25 6.93
13.87 22.75 6.93
13.87 23.24 6.89
13.87 23.74 6.81
13.87 24.23 6.69
13.87 24.72 6.53
13.87 25.22 6.35
13.87 25.71 6.15
13.87 26.21 5.92
13.87 26.70 5.68
13.87 27.20 5.44
13.87 27.69 5.19
13.87 28.19 4.94
13.87 28.68 4.69
13.87 29.17 4.44
13.87 29.67 4.21
13.87 30.16 3.98
13.87 30.66 3.76
13.87 31.15 3.55
13.87 31.65 3.35
13.87 32.14 3.16
13.87 32.63 2.98
13.87 33.13 2.82
13.87 33.62 2.66
13.87 34.12 2.51
13.87 34.61 2.37
13.87 35.11 2.24
13.87 35.60 2.11
13.87 36.10 2.00
13.87 36.59 1.89
13.87 37.08 1.79
13.87 37.58 1.69
13.87 38.07 1.60
13.87 38.57 1.52
13.87 39.06 1.44
13.87 39.56 1.37
13.87 40.05 1.30
13.87 40.54 1.23
13.87 41.04 1.17
13.87 41.53 1.12
13.87 42.03 1.06
13.87 42.52 1.01
13.87 43.02 0.96
13.87 43.51 0.92
13.87 44.01 0.87
13.87 44.50 0.83
14.37 0.50 0.85
14.37 0.99 0.89
14.37 1.49 0.94
14.37 1.98 0.99
14.37 2.48 1.04
14.37 2.97 1.09
14.37 3.47 1.14
14.37 3.96 1.20
14.37 4.46 1.27
14.37 4.95 1.34
14.37 5.44 1.41
14.37 5.94 1.49
14.37 6.43 1.57
14.37 6.93 1.66
14.37 7.42 1.75
14.37 7.92 1.85
14.37 8.41 1.96
14.37 8.90 2.07
14.37 9.40 2.19
14.37 9.89 2.32
14.37 10.39 2.46
14.37 10.88 2.61
14.37 11.38 2.77
14.37 11.87 2.94
14.37 12.37 3.12
14.37 12.86 3.31
14.37 13.35 3.51
14.37 13.85 3.72
14.37 14.34 3.95
14.37 14.84 4.19
14.37 15.33 4.43
14.37 15.83 4.69
14.37 16.32 4.95
14.37 16.81 5.22
14.37 17.31 5.50
14.37 17.80 5.77
14.37 18.30 6.04
14.37 18.79 6.30
14.37 19.29 6.55
14.37 19.78 6.78
14.37 20.28 6.98
14.37 20.77 7.15
14.37 21.26 7.28
14.37 21.76 7.37
14.37 22.25 7.42
14.37 22.75 7.42
14.37 23.24 7.37
14.37 23.74 7.28
14.37 24.23 7.15
14.37 24.72 6.98
14.37 25.22 6.78
14.37 25.71 6.55
14.37 26.21 6.30
14.37 26.70 6.04
14.37 27.20 5.77
14.37 27.69 5.50
14.37 28.19 5.22
14.37 28.68 4.95
14.37 29.17 4.69
14.37 29.67 4.43
14.37 30.16 4.19
14.37 30.66 3.95
14.37 31.15 3.72
14.37 31.65 3.51
14.37 32.14 3.31
14.37 32.63 3.12
14.37 33.13 2.94
14.37 33.62 2.77
14.37 34.12 2.61
14.37 34.61 2.46
14.37 35.11 2.32
14.37 35.60 2.19
14.37 36.10 2.07
14.37 36.59 1.96
14.37 37.08 1.85
14.37 37.58 1.75
14.37 38.07 1.66
14.37 38.57 1.57
14.37 39.06 1.49
14.37 39.56 1.41
14.37 40.05 1.34
14.37 40.54 1.27
14.37 41.04 1.20
14.37 41.53 1.14
14.37 42.03 1.09
14.37 42.52 1.04
14.37 43.02 0.99
14.37 43.51 0.94
14.37 44.01 0.89
14.37 44.50 0.85
14.86 0.50 0.87
14.86 0.99 0.91
14.86 1.49 0.96
14.86 1.98 1.01
14.86 2.48 1.06
14.86 2.97 1.11
14.86 3.47 1.17
14.86 3.96 1.24
14.86 4.46 1.30
14.86 4.95 1.37
14.86 5.44 1.45
14.86 5.94 1.53
14.86 6.43 1.61
14.86 6.93 1.71
14.86 7.42 1.80
14.86 7.92 1.91
14.86 8.41 2.02
14.86 8.90 2.14
14.86 9.40 2.27
14.86 9.89 2.41
14.86 10.39 2.56
14.86 10.88 2.71
14.86 11.38 2.88
14.86 11.87 3.06
14.86 12.37 3.25
14.86 12.86 3.46
14.86 13.35 3.67
14.86 13.85 3.90
14.86 14.34 4.14
14.86 14.84 4.40
14.86 15.33 4.66
14.86 15.83 4.94
14.86 16.32 5.23
14.86 16.81 5.52
14.86 17.31 5.82
14.86 17.80 6.12
14.86 18.30 6.41
14.86 18.79 6.70
14.86 19.29 6.97
14.86 19.78 7.22
14.86 20.28 7.44
14.86 20.77 7.63
14.86 21.26 7.77
14.86 21.76 7.87
14.86 22.25 7.93
14.86 22.75 7.93
14.86 23.24 7.87
14.86 23.74 7.77
14.86 24.23 7.63
14.86 24.72 7.44
14.86 25.22 7.22
14.86 25.71 6.97
14.86 26.21 6.70
14.86 26.70 6.41
14.86 27.20 6.12
14.86 27.69 5.82
14.86 28.19 5.52
14.86 28.68 5.23
14.86 29.17 4.94
14.86 29.67 4.66
14.86 30.16 4.40
14.86 30.66 4.14
14.86 31.15 3.90
14.86 31.65 3.67
14.86 32.14 3.46
14.86 32.63 3.25
14.86 33.13 3.06
14.86 33.62 2.88
14.86 34.12 2.71
14.86 34.61 2.56
14.86 35.11 2.41
14.86 35.60 2.27
14.86 36.10 2.14
14.86 36.59 2.02
14.86 37.08 1.91
14.86 37.58 1.80
14.86 38.07 1.71
14.86 38.57 1.61
14.86 39.06 1.53
14.86 39.56 1.45
14.86 40.05 1.37
14.86 40.54 1.30
14.86 41.04 1.24
14.86 41.53 1.17
14.86 42.03 1.11
14.86 42.52 1.06
14.86 43.02 1.01
14.86 43.51 0.96
14.86 44.01 0.91
14.86 44.50 0.87
15.36 0.50 0.89
15.36 0.99 0.93
15.36 1.49 0.98
15.36 1.98 1.03
15.36 2.48 1.08
15.36 2.97 1.14
15.36 3.47 1.20
15.36 3.96 1.27
15.36 4.46 1.34
15.36 4.95 1.41
15.36 5.44 1.49
15.36 5.94 1.57
15.36 6.43 1.66
15.36 6.93 1.76
15.36 7.42 1.86
15.36 7.92 1.97
15.36 8.41 2.09
15.36 8.90 2.21
15.36 9.40 2.35
15.36 9.89 2.49
15.36 10.39 2.65
15.36 10.88 2.82
15.36 11.38 2.99
15.36 11.87 3.18
15.36 12.37 3.39
15.36 12.86 3.60
15.36 13.35 3.83
15.36 13.85 4.08
15.36 14.34 4.34
15.36 14.84 4.61
15.36 15.33 4.90
15.36 15.83 5.20
15.36 16.32 5.50
15.36 16.81 5.82
15.36 17.31 6.14
15.36 17.80 6.47
15.36 18.30 6.79
15.36 18.79 7.10
15.36 19.29 7.40
15.36 19.78 7.67
15.36 20.28 7.91
15.36 20.77 8.12
15.36 21.26 8.28
15.36 21.76 8.39
15.36 22.25 8.44
15.36 22.75 8.44
15.36 23.24 8.39
15.36 23.74 8.28
15.36 24.23 8.12
15.36 24.72 7.91
15.36 25.22 7.67
15.36 25.71 7.40
15.36 26.21 7.10
15.36 26.70 6.79
15.36 27.20 6.47
15.36 27.69 6.14
15.36 28.19 5.82
15.36 28.68 5.50
15.36 29.17 5.20
15.36 29.67 4.90
15.36 30.16 4.61
15.36 30.66 4.34
15.36 31.15 4.08
15.36 31.65 3.83
15.36 32.14 3.60
15.36 32.63 3.39
15.36 33.13 3.18
15.36 33.62 2.99
15.36 34.12 2.82
15.36 34.61 2.65
15.36 35.11 2.49
15.36 35.60 2.35
15.36 36.10 2.21
15.36 36.59 2.09
15.36 37.08 1.97
15.36 37.58 1.86
15.36 38.07 1.76
15.36 38.57 1.66
15.36 39.06 1.57
15.36 39.56 1.49
15.36 40.05 1.41
15.36 40.54 1.34
15.36 41.04 1.27
15.36 41.53 1.20
15.36 42.03 1.14
15.36 42.52 1.08
15.36 43.02 1.03
15.36 43.51 0.98
15.36 44.01 0.93
15.36 44.50 0.89
15.85 0.50 0.91
15.85 0.99 0.95
15.85 1.49 1.00
15.85 1.98 1.05
15.85 2.48 1.11
15.85 2.97 1.17
15.85 3.47 1.23
15.85 3.96 1.30
15.85 4.46 1.37
15.85 4.95 1.44
15.85 5.44 1.53
15.85 5.94 1.61
15.85 6.43 1.71
15.85 6.93 1.81
15.85 7.42 1.92
15.85 7.92 2.03
15.85 8.41 2.15
15.85 8.90 2.29
15.85 9.40 2.43
15.85 9.89 2.58
15.85 10.39 2.74
15.85 10.88 2.92
15.85 11.38 3.11
15.85 11.87 3.31
15.85 12.37 3.52
15.85 12.86 3.75
15.85 13.35 4.00
15.85 13.85 4.26
15.85 14.34 4.54
15.85 14.84 4.83
15.85 15.33 5.13
15.85 15.83 5.45
15.85 16.32 5.79
15.85 16.81 6.13
15.85 17.31 6.48
15.85 17.80 6.83
15.85 18.30 7.17
15.85 18.79 7.51
15.85 19.29 7.83
15.85 19.78 8.13
15.85 20.28 8.39
15.85 20.77 8.61
15.85 21.26 8.79
15.85 21.76 8.91
15.85 22.25 8.97
15.85 22.75 8.97
15.85 23.24 8.91
15.85 23.74 8.79
15.85 24.23 8.61
15.85 24.72 8.39
15.85 25.22 8.13
15.85 25.71 7.83
15.85 26.21 7.51
15.85 26.70 7.17
15.85 27.20 6.83
15.85 27.69 6.48
15.85 28.19 6.13
15.85 28.68 5.79
15.85 29.17 5.45
15.85 29.67 5.13
15.85 30.16 4.83
15.85 30.66 4.54
15.85 31.15 4.26
15.85 31.65 4.00
15.85 32.14 3.75
15.85 32.63 3.52
15.85 33.13 3.31
15.85 33.62 3.11
15.85 34.12 2.92
15.85 34.61 2.74
15.85 35.11 2.58
15.85 35.60 2.43
15.85 36.10 2.29
15.85 36.59 2.15
15.85 37.08 2.03
15.85 37.58 1.92
15.85 38.07 1.81
15.85 38.57 1.71
15.85 39.06 1.61
15.85 39.56 1.53
15.85 40.05 1.44
15.85 40.54 1.37
15.85 41.04 1.30
15.85 41.53 1.23
15.85 42.03 1.17
15.85 42.52 1.11
15.85 43.02 1.05
15.85 43.51 1.00
15.85 44.01 0.95
15.85 44.50 0.91
16.35 0.50 0.92
16.35 0.99 0.97
16.35 1.49 1.02
16.35 1.98 1.08
16.35 2.48 1.13
16.35 2.97 1.19
16.35 3.47 1.26
16.35 3.96 1.33
16.35 4.46 1.40
16.35 4.95 1.48
16.35 5.44 1.57
16.35 5.94 1.66
16.35 6.43 1.75
16.35 6.93 1.86
16.35 7.42 1.97
16.35 7.92 2.09
16.35 8.41 2.22
16.35 8.90 2.36
16.35 9.40 2.51
16.35 9.89 2.67
16.35 10.39 2.84
16.35 10.88 3.02
16.35 11.38 3.22
16.35 11.87 3.43
16.35 12.37 3.66
16.35 12.86 3.90
16.35 13.35 4.16
16.35 13.85 4.44
16.35 14.34 4.73
16.35 14.84 5.04
16.35 15.33 5.37
16.35 15.83 5.71
16.35 16.32 6.07
16.35 16.81 6.43
16.35 17.31 6.81
16.35 17.80 7.19
16.35 18.30 7.56
16.35 18.79 7.92
16.35 19.29 8.27
16.35 19.78 8.59
16.35 20.28 8.88
16.35 20.77 9.12
16.35 21.26 9.31
16.35 21.76 9.44
16.35 22.25 9.51
16.35 22.75 9.51
16.35 23.24 9.44
16.35 23.74 9.31
16.35 24.23 9.12
16.35 24.72 8.88
16.35 25.22 8.59
16.35 25.71 8.27
16.35 26.21 7.92
16.35 26.70 7.56
16.35 27.20 7.19
16.35 27.69 6.81
16.35 28.19 6.43
16.35 28.68 6.07
16.35 29.17 5.71
16.35 29.67 5.37
16.35 30.16 5.04
16.35 30.66 4.73
16.35 31.15 4.44
16.35 31.65 4.16
16.35 32.14 3.90
16.35 32.63 3.66
16.35 33.13 3.43
16.35 33.62 3.22
16.35 34.12 3.02
16.35 34.61 2.84
16.35 35.11 2.67
16.35 35.60 2.51
16.35 36.10 2.36
16.35 36.59 2.22
16.35 37.08 2.09
16.35 37.58 1.97
16.35 38.07 1.86
16.35 38.57 1.75
16.35 39.06 1.66
16.35 39.56 1.57
16.35 40.05 1.48
16.35 40.54 1.40
16.35 41.04 1.33
16.35 41.53 1.26
16.35 42.03 1.19
16.35 42.52 1.13
16.35 43.02 1.08
16.35 43.51 1.02
16.35 44.01 0.97
16.35 44.50 0.92
16.84 0.50 0.94
16.84 0.99 0.99
16.84 1.49 1.04
16.84 1.98 1.10
16.84 2.48 1.16
16.84 2.97 1.22
16.84 3.47 1.29
16.84 3.96 1.36
16.84 4.46 1.43
16.84 4.95 1.52
16.84 5.44 1.60
16.84 5.94 1.70
16.84 6.43 1.80
16.84 6.93 1.91
16.84 7.42 2.02
16.84 7.92 2.15
16.84 8.41 2.28
16.84 8.90 2.43
16.84 9.40 2.58
16.84 9.89 2.75
16.84 10.39 2.93
16.84 10.88 3.13
16.84 11.38 3.33
16.84 11.87 3.56
16.84 12.37 3.80
16.84 12.86 4.05
16.84 13.35 4.33
16.84 13.85 4.62
16.84 14.34 4.93
16.84 14.84 5.26
16.84 15.33 5.61
16.84 15.83 5.97
16.84 16.32 6.35
16.84 16.81 6.74
16.84 17.31 7.14
16.84 17.80 7.55
16.84 18.30 7.95
16.84 18.79 8.34
16.84 19.29 8.71
16.84 19.78 9.06
16.84 20.28 9.36
16.84 20.77 9.63
16.84 21.26 9.83
16.84 21.76 9.97
16.84 22.25 10.04
16.84 22.75 10.04
16.84 23.24 9.97
16.84 23.74 9.83
16.84 24.23 9.63
16.84 24.72 9.36
16.84 25.22 9.06
16.84 25.71 8.71
16.84 26.21 8.34
16.84 26.70 7.95
16.84 27.20 7.55
16.84 27.69 7.14
16.84 28.19 6.74
16.84 28.68 6.35
16.84 29.17 5.97
16.84 29.67 5.61
16.84 30.16 5.26
16.84 30.66 4.93
16.84 31.15 4.62
16.84 31.65 4.33
16.84 32.14 4.05
16.84 32.63 3.80
16.84 33.13 3.56
16.84 33.62 3.33
16.84 34.12 3.13
16.84 34.61 2.93
16.84 35.11 2.75
16.84 35.60 2.58
16.84 36.10 2.43
16.84 36.59 2.28
16.84 37.08 2.15
16.84 37.58 2.02
16.84 38.07 1.91
16.84 38.57 1.80
16.84 39.06 1.70
16.84 39.56 1.60
16.84 40.05 1.52
16.84 40.54 1.43
16.84 41.04 1.36
16.84 41.53 1.29
16.84 42.03 1.22
16.84 42.52 1.16
16.84 43.02 1.10
16.84 43.51 1.04
16.84 44.01 0.99
16.84 44.50 0.94
17.34 0.50 0.96
17.34 0.99 1.01
17.34 1.49 1.06
17.34 1.98 1.12
17.34 2.48 1.18
17.34 2.97 1.24
17.34 3.47 1.31
17.34 3.96 1.39
17.34 4.46 1.47
17.34 4.95 1.55
17.34 5.44 1.64
17.34 5.94 1.74
17.34 6.43 1.84
17.34 6.93 1.96
17.34 7.42 2.08
17.34 7.92 2.21
17.34 8.41 2.35
17.34 8.90 2.50
17.34 9.40 2.66
17.34 9.89 2.84
17.34 10.39 3.02
17.34 10.88 3.23
17.34 11.38 3.44
17.34 11.87 3.68
17.34 12.37 3.93
17.34 12.86 4.20
17.34 13.35 4.49
17.34 13.85 4.80
17.34 14.34 5.13
17.34 14.84 5.48
17.34 15.33 5.84
17.34 15.83 6.23
17.34 16.32 6.63
17.34 16.81 7.05
17.34 17.31 7.47
17.34 17.80 7.90
17.34 18.30 8.33
17.34 18.79 8.75
17.34 19.29 9.15
17.34 19.78 9.52
17.34 20.28 9.85
17.34 20.77 10.13
17.34 21.26 10.35
17.34 21.76 10.50
17.34 22.25 10.58
17.34 22.75 10.58
17.34 23.24 10.50
17.34 23.74 10.35
17.34 24.23 10.13
17.34 24.72 9.85
17.34 25.22 9.52
17.34 25.71 9.15
17.34 26.21 8.75
17.34 26.70 8.33
17.34 27.20 7.90
17.34 27.69 7.47
17.34 28.19 7.05
17.34 28.68 6.63
17.34 29.17 6.23
17.34 29.67 5.84
17.34 30.16 5.48
17.34 30.66 5.13
17.34 31.15 4.80
17.34 31.65 4.49
17.34 32.14 4.20
17.34 32.63 3.93
17.34 33.13 3.68
17.34 33.62 3.44
17.34 34.12 3.23
17.34 34.61 3.02
17.34 35.11 2.84
17.34 35.60 2.66
17.34 36.10 2.50
17.34 36.59 2.35
17.34 37.08 2.21
17.34 37.58 2.08
17.34 38.07 1.96
17.34 38.57 1.84
17.34 39.06 1.74
17.34 39.56 1.64
17.34 40.05 1.55
17.34 40.54 1.47
17.34 41.04 1.39
17.34 41.53 1.31
17.34 42.03 1.24
17.34 42.52 1.18
17.34 43.02 1.12
17.34 43.51 1.06
17.34 44.01 1.01
17.34 44.50 0.96
17.83 0.50 0.97
17.83 0.99 1.03
17.83 1.49 1.08
17.83 1.98 1.14
17.83 2.48 1.20
17.83 2.97 1.27
17.83 3.47 1.34
17.83 3.96 1.41
17.83 4.46 1.50
17.83 4.95 1.58
17.83 5.44 1.68
17.83 5.94 1.78
17.83 6.43 1.89
17.83 6.93 2.00
17.83 7.42 2.13
17.83 7.92 2.26
17.83 8.41 2.41
17.83 8.90 2.57
17.83 9.40 2.74
17.83 9.89 2.92
17.83 10.39 3.11
17.83 10.88 3.33
17.83 11.38 3.55
17.83 11.87 3.80
17.83 12.37 4.06
17.83 12.86 4.35
17.83 13.35 4.65
17.83 13.85 4.97
17.83 14.34 5.32
17.83 14.84 5.69
17.83 15.33 6.08
17.83 15.83 6.48
17.83 16.32 6.91
17.83 16.81 7.35
17.83 17.31 7.80
17.83 17.80 8.26
17.83 18.30 8.72
17.83 18.79 9.16
17.83 19.29 9.59
17.83 19.78 9.98
17.83 20.28 10.33
17.83 20.77 10.63
17.83 21.26 10.87
17.83 21.76 11.03
17.83 22.25 11.11
17.83 22.75 11.11
17.83 23.24 11.03
17.83 23.74 10.87
17.83 24.23 10.63
17.83 24.72 10.33
17.83 25.22 9.98
17.83 25.71 9.59
17.83 26.21 9.16
17.83 26.70 8.72
17.83 27.20 8.26
17.83 27.69 7.80
17.83 28.19 7.35
17.83 28.68 6.91
17.83 29.17 6.48
17.83 29.67 6.08
17.83 30.16 5.69
17.83 30.66 5.32
17.83 31.15 4.97
17.83 31.65 4.65
17.83 32.14 4.35
17.83 32.63 4.06
17.83 33.13 3.80
17.83 33.62 3.55
17.83 34.12 3.33
17.83 34.61 3.11
17.83 35.11 2.92
17.83 35.60 2.74
17.83 36.10 2.57
17.83 36.59 2.41
17.83 37.08 2.26
17.83 37.58 2.13
17.83 38.07 2.00
17.83 38.57 1.89
17.83 39.06 1.78
17.83 39.56 1.68
17.83 40.05 1.58
17.83 40.54 1.50
17.83 41.04 1.41
17.83 41.53 1.34
17.83 42.03 1.27
17.83 42.52 1.20
17.83 43.02 1.14
17.83 43.51 1.08
17.83 44.01 1.03
17.83 44.50 0.97
18.33 0.50 0.99
18.33 0.99 1.04
18.33 1.49 1.10
18.33 1.98 1.16
18.33 2.48 1.22
18.33 2.97 1.29
18.33 3.47 1.36
18.33 3.96 1.44
18.33 4.46 1.53
18.33 4.95 1.62
18.33 5.44 1.71
18.33 5.94 1.82
18.33 6.43 1.93
18.33 6.93 2.05
18.33 7.42 2.18
18.33 7.92 2.32
18.33 8.41 2.47
18.33 8.90 2.63
18.33 9.40 2.81
18.33 9.89 3.00
18.33 10.39 3.20
18.33 10.88 3.42
18.33 11.38 3.66
18.33 11.87 3.92
18.33 12.37 4.19
18.33 12.86 4.49
18.33 13.35 4.81
18.33 13.85 5.15
18.33 14.34 5.51
18.33 14.84 5.90
18.33 15.33 6.30
18.33 15.83 6.73
18.33 16.32 7.18
18.33 16.81 7.65
18.33 17.31 8.13
18.33 17.80 8.61
18.33 18.30 9.09
18.33 18.79 9.56
18.33 19.29 10.01
18.33 19.78 10.43
18.33 20.28 10.80
18.33 20.77 11.12
18.33 21.26 11.37
18.33 21.76 11.54
18.33 22.25 11.63
18.33 22.75 11.63
18.33 23.24 11.54
18.33 23.74 11.37
18.33 24.23 11.12
18.33 24.72 10.80
18.33 25.22 10.43
18.33 25.71 10.01
18.33 26.21 9.56
18.33 26.70 9.09
18.33 27.20 8.61
18.33 27.69 8.13
18.33 28.19 7.65
18.33 28.68 7.18
18.33 29.17 6.73
18.33 29.67 6.30
18.33 30.16 5.90
18.33 30.66 5.51
18.33 31.15 5.15
18.33 31.65 4.81
18.33 32.14 4.49
18.33 32.63 4.19
18.33 33.13 3.92
18.33 33.62 3.66
18.33 34.12 3.42
18.33 34.61 3.20
18.33 35.11 3.00
18.33 35.60 2.81
18.33 36.10 2.63
18.33 36.59 2.47
18.33 37.08 2.32
18.33 37.58 2.18
18.33 38.07 2.05
18.33 38.57 1.93
18.33 39.06 1.82
18.33 39.56 1.71
18.33 40.05 1.62
18.33 40.54 1.53
18.33 41.04 1.44
18.33 41.53 1.36
18.33 42.03 1.29
18.33 42.52 1.22
18.33 43.02 1.16
18.33 43.51 1.10
18.33 44.01 1.04
18.33 44.50 0.99
18.82 0.50 1.01
18.82 0.99 1.06
18.82 1.49 1.12
18.82 1.98 1.18
18.82 2.48 1.24
18.82 2.97 1.31
18.82 3.47 1.39
18.82 3.96 1.47
18.82 4.46 1.56
18.82 4.95 1.65
18.82 5.44 1.75
18.82 5.94 1.86
18.82 6.43 1.97
18.82 6.93 2.10
18.82 7.42 2.23
18.82 7.92 2.38
18.82 8.41 2.53
18.82 8.90 2.70
18.82 9.40 2.88
18.82 9.89 3.08
18.82 10.39 3.29
18.82 10.88 3.52
18.82 11.38 3.77
18.82 11.87 4.03
18.82 12.37 4.32
18.82 12.86 4.63
18.82 13.35 4.96
18.82 13.85 5.32
18.82 14.34 5.70
18.82 14.84 6.10
18.82 15.33 6.53
18.82 15.83 6.98
18.82 16.32 7.45
18.82 16.81 7.94
18.82 17.31 8.44
18.82 17.80 8.95
18.82 18.30 9.46
18.82 18.79 9.95
18.82 19.29 10.43
18.82 19.78 10.87
18.82 20.28 11.26
18.82 20.77 11.60
18.82 21.26 11.86
18.82 21.76 12.04
18.82 22.25 12.14
18.82 22.75 12.14
18.82 23.24 12.04
18.82 23.74 11.86
18.82 24.23 11.60
18.82 24.72 11.26
18.82 25.22 10.87
18.82 25.71 10.43
18.82 26.21 9.95
18.82 26.70 9.46
18.82 27.20 8.95
18.82 27.69 8.44
18.82 28.19 7.94
18.82 28.68 7.45
18.82 29.17 6.98
18.82 29.67 6.53
18.82 30.16 6.10
18.82 30.66 5.70
18.82 31.15 5.32
18.82 31.65 4.96
18.82 32.14 4.63
18.82 32.63 4.32
18.82 33.13 4.03
18.82 33.62 3.77
18.82 34.12 3.52
18.82 34.61 3.29
18.82 35.11 3.08
18.82 35.60 2.88
18.82 36.10 2.70
18.82 36.59 2.53
18.82 37.08 2.38
18.82 37.58 2.23
18.82 38.07 2.10
18.82 38.57 1.97
18.82 39.06 1.86
18.82 39.56 1.75
18.82 40.05 1.65
18.82 40.54 1.56
18.82 41.04 1.47
18.82 41.53 1.39
18.82 42.03 1.31
18.82 42.52 1.24
18.82 43.02 1.18
18.82 43.51 1.12
18.82 44.01 1.06
18.82 44.50 1.01
19.32 0.50 1.02
19.32 0.99 1.08
19.32 1.49 1.13
19.32 1.98 1.20
19.32 2.48 1.26
19.32 2.97 1.34
19.32 3.47 1.41
19.32 3.96 1.50
19.32 4.46 1.58
19.32 4.95 1.68
19.32 5.44 1.78
19.32 5.94 1.89
19.32 6.43 2.01
19.32 6.93 2.14
19.32 7.42 2.28
19.32 7.92 2.43
19.32 8.41 2.59
19.32 8.90 2.76
19.32 9.40 2.95
19.32 9.89 3.15
19.32 10.39 3.37
19.32 10.88 3.61
19.32 11.38 3.87
19.32 11.87 4.14
19.32 12.37 4.44
19.32 12.86 4.76
19.32 13.35 5.11
19.32 13.85 5.48
19.32 14.34 5.88
19.32 14.84 6.30
19.32 15.33 6.75
19.32 15.83 7.22
19.32 16.32 7.71
19.32 16.81 8.22
19.32 17.31 8.75
19.32 17.80 9.28
19.32 18.30 9.81
19.32 18.79 10.33
19.32 19.29 10.83
19.32 19.78 11.29
19.32 20.28 11.71
19.32 20.77 12.06
19.32 21.26 12.34
19.32 21.76 12.53
19.32 22.25 12.62
19.32 22.75 12.62
19.32 23.24 12.53
19.32 23.74 12.34
19.32 24.23 12.06
19.32 24.72 11.71
19.32 25.22 11.29
19.32 25.71 10.83
19.32 26.21 10.33
19.32 26.70 9.81
19.32 27.20 9.28
19.32 27.69 8.75
19.32 28.19 8.22
19.32 28.68 7.71
19.32 29.17 7.22
19.32 29.67 6.75
19.32 30.16 6.30
19.32 30.66 5.88
19.32 31.15 5.48
19.32 31.65 5.11
19.32 32.14 4.76
19.32 32.63 4.44
19.32 33.13 4.14
19.32 33.62 3.87
19.32 34.12 3.61
19.32 34.61 3.37
19.32 35.11 3.15
19.32 35.60 2.95
19.32 36.10 2.76
19.32 36.59 2.59
19.32 37.08 2.43
19.32 37.58 2.28
19.32 38.07 2.14
19.32 38.57 2.01
19.32 39.06 1.89
19.32 39.56 1.78
19.32 40.05 1.68
19.32 40.54 1.58
19.32 41.04 1.50
19.32 41.53 1.41
19.32 42.03 1.34
19.32 42.52 1.26
19.32 43.02 1.20
19.32 43.51 1.13
19.32 44.01 1.08
19.32 44.50 1.02
19.81 0.50 1.04
19.81 0.99 1.09
19.81 1.49 1.15
19.81 1.98 1.22
19.81 2.48 1.28
19.81 2.97 1.36
19.81 3.47 1.44
19.81 3.96 1.52
19.81 4.46 1.61
19.81 4.95 1.71
19.81 5.44 1.82
19.81 5.94 1.93
19.81 6.43 2.05
19.81 6.93 2.18
19.81 7.42 2.33
19.81 7.92 2.48
19.81 8.41 2.65
19.81 8.90 2.82
19.81 9.40 3.02
19.81 9.89 3.23
19.81 10.39 3.46
19.81 10.88 3.70
19.81 11.38 3.97
19.81 11.87 4.25
19.81 12.37 4.56
19.81 12.86 4.89
19.81 13.35 5.25
19.81 13.85 5.64
19.81 14.34 6.05
19.81 14.84 6.49
19.81 15.33 6.95
19.81 15.83 7.45
19.81 16.32 7.96
19.81 16.81 8.49
19.81 17.31 9.04
19.81 17.80 9.60
19.81 18.30 10.15
19.81 18.79 10.70
19.81 19.29 11.22
19.81 19.78 11.70
19.81 20.28 12.13
19.81 20.77 12.50
19.81 21.26 12.79
19.81 21.76 12.99
19.81 22.25 13.09
19.81 22.75 13.09
19.81 23.24 12.99
19.81 23.74 12.79
19.81 24.23 12.50
19.81 24.72 12.13
19.81 25.22 11.70
19.81 25.71 11.22
19.81 26.21 10.70
19.81 26.70 10.15
19.81 27.20 9.60
19.81 27.69 9.04
19.81 28.19 8.49
19.81 28.68 7.96
19.81 29.17 7.45
19.81 29.67 6.95
19.81 30.16 6.49
19.81 30.66 6.05
19.81 31.15 5.64
19.81 31.65 5.25
19.81 32.14 4.89
19.81 32.63 4.56
19.81 33.13 4.25
19.81 33.62 3.97
19.81 34.12 3.70
19.81 34.61 3.46
19.81 35.11 3.23
19.81 35.60 3.02
19.81 36.10 2.82
19.81 36.59 2.65
19.81 37.08 2.48
19.81 37.58 2.33
19.81 38.07 2.18
19.81 38.57 2.05
19.81 39.06 1.93
19.81 39.56 1.82
19.81 40.05 1.71
19.81 40.54 1.61
19.81 41.04 1.52
19.81 41.53 1.44
19.81 42.03 1.36
19.81 42.52 1.28
19.81 43.02 1.22
19.81 43.51 1.15
19.81 44.01 1.09
19.81 44.50 1.04
20.31 0.50 1.05
20.31 0.99 1.11
20.31 1.49 1.17
20.31 1.98 1.23
20.31 2.48 1.30
20.31 2.97 1.38
20.31 3.47 1.46
20.31 3.96 1.54
20.31 4.46 1.64
20.31 4.95 1.74
20.31 5.44 1.85
20.31 5.94 1.96
20.31 6.43 2.09
20.31 6.93 2.22
20.31 7.42 2.37
20.31 7.92 2.53
20.31 8.41 2.70
20.31 8.90 2.88
20.31 9.40 3.08
20.31 9.89 3.30
20.31 10.39 3.53
20.31 10.88 3.79
20.31 11.38 4.06
20.31 11.87 4.36
20.31 12.37 4.68
20.31 12.86 5.02
20.31 13.35 5.39
20.31 13.85 5.79
20.31 14.34 6.22
20.31 14.84 6.67
20.31 15.33 7.15
20.31 15.83 7.66
20.31 16.32 8.20
20.31 16.81 8.75
20.31 17.31 9.32
20.31 17.80 9.90
20.31 18.30 10.48
20.31 18.79 11.05
20.31 19.29 11.59
20.31 19.78 12.09
20.31 20.28 12.54
20.31 20.77 12.92
20.31 21.26 13.22
20.31 21.76 13.43
20.31 22.25 13.53
20.31 22.75 13.53
20.31 23.24 13.43
20.31 23.74 13.22
20.31 24.23 12.92
20.31 24.72 12.54
20.31 25.22 12.09
20.31 25.71 11.59
20.31 26.21 11.05
20.31 26.70 10.48
20.31 27.20 9.90
20.31 27.69 9.32
20.31 28.19 8.75
20.31 28.68 8.20
20.31 29.17 7.66
20.31 29.67 7.15
20.31 30.16 6.67
20.31 30.66 6.22
20.31 31.15 5.79
20.31 31.65 5.39
20.31 32.14 5.02
20.31 32.63 4.68
20.31 33.13 4.36
20.31 33.62 4.06
20.31 34.12 3.79
20.31 34.61 3.53
20.31 35.11 3.30
20.31 35.60 3.08
20.31 36.10 2.88
20.31 36.59 2.70
20.31 37.08 2.53
20.31 37.58 2.37
20.31 38.07 2.22
20.31 38.57 2.09
20.31 39.06 1.96
20.31 39.56 1.85
20.31 40.05 1.74
20.31 40.54 1.64
20.31 41.04 1.54
20.31 41.53 1.46
20.31 42.03 1.38
20.31 42.52 1.30
20.31 43.02 1.23
20.31 43.51 1.17
20.31 44.01 1.11
20.31 44.50 1.05
20.80 0.50 1.06
20.80 0.99 1.12
20.80 1.49 1.18
20.80 1.98 1.25
20.80 2.48 1.32
20.80 2.97 1.40
20.80 3.47 1.48
20.80 3.96 1.57
20.80 4.46 1.66
20.80 4.95 1.77
20.80 5.44 1.88
20.80 5.94 2.00
20.80 6.43 2.12
20.80 6.93 2.26
20.80 7.42 2.41
20.80 7.92 2.57
20.80 8.41 2.75
20.80 8.90 2.94
20.80 9.40 3.14
20.80 9.89 3.37
20.80 10.39 3.61
20.80 10.88 3.87
20.80 11.38 4.15
20.80 11.87 4.45
20.80 12.37 4.78
20.80 12.86 5.14
20.80 13.35 5.52
20.80 13.85 5.93
20.80 14.34 6.37
20.80 14.84 6.84
20.80 15.33 7.34
20.80 15.83 7.87
20.80 16.32 8.43
20.80 16.81 9.00
20.80 17.31 9.59
20.80 17.80 10.19
20.80 18.30 10.79
20.80 18.79 11.37
20.80 19.29 11.93
20.80 19.78 12.46
20.80 20.28 12.92
20.80 20.77 13.31
20.80 21.26 13.62
20.80 21.76 13.84
20.80 22.25 13.95
20.80 22.75 13.95
20.80 23.24 13.84
20.80 23.74 13.62
20.80 24.23 13.31
20.80 24.72 12.92
20.80 25.22 12.46
20.80 25.71 11.93
20.80 26.21 11.37
20.80 26.70 10.79
20.80 27.20 10.19
20.80 27.69 9.59
20.80 28.19 9.00
20.80 28.68 8.43
20.80 29.17 7.87
20.80 29.67 7.34
20.80 30.16 6.84
20.80 30.66 6.37
20.80 31.15 5.93
20.80 31.65 5.52
20.80 32.14 5.14
20.80 32.63 4.78
20.80 33.13 4.45
20.80 33.62 4.15
20.80 34.12 3.87
20.80 34.61 3.61
20.80 35.11 3.37
20.80 35.60 3.14
20.80 36.10 2.94
20.80 36.59 2.75
20.80 37.08 2.57
20.80 37.58 2.41
20.80 38.07 2.26
20.80 38.57 2.12
20.80 39.06 2.00
20.80 39.56 1.88
20.80 40.05 1.77
20.80 40.54 1.66
20.80 41.04 1.57
20.80 41.53 1.48
20.80 42.03 1.40
20.80 42.52 1.32
20.80 43.02 1.25
20.80 43.51 1.18
20.80 44.01 1.12
20.80 44.50 1.06
21.30 0.50 1.07
21.30 0.99 1.13
21.30 1.49 1.20
21.30 1.98 1.26
21.30 2.48 1.34
21.30 2.97 1.42
21.30 3.47 1.50
21.30 3.96 1.59
21.30 4.46 1.69
21.30 4.95 1.79
21.30 5.44 1.90
21.30 5.94 2.03
21.30 6.43 2.16
21.30 6.93 2.30
21.30 7.42 2.45
21.30 7.92 2.62
21.30 8.41 2.80
21.30 8.90 2.99
21.30 9.40 3.20
21.30 9.89 3.43
21.30 10.39 3.68
21.30 10.88 3.94
21.30 11.38 4.23
21.30 11.87 4.55
21.30 12.37 4.89
21.30 12.86 5.25
21.30 13.35 5.65
21.30 13.85 6.07
21.30 14.34 6.52
21.30 14.84 7.01
21.30 15.33 7.52
21.30 15.83 8.07
21.30 16.32 8.64
21.30 16.81 9.23
21.30 17.31 9.84
21.30 17.80 10.46
21.30 18.30 11.08
21.30 18.79 11.68
21.30 19.29 12.26
21.30 19.78 12.80
21.30 20.28 13.28
21.30 20.77 13.68
21.30 21.26 14.00
21.30 21.76 14.22
21.30 22.25 14.33
21.30 22.75 14.33
21.30 23.24 14.22
21.30 23.74 14.00
21.30 24.23 13.68
21.30 24.72 13.28
21.30 25.22 12.80
21.30 25.71 12.26
21.30 26.21 11.68
21.30 26.70 11.08
21.30 27.20 10.46
21.30 27.69 9.84
21.30 28.19 9.23
21.30 28.68 8.64
21.30 29.17 8.07
21.30 29.67 7.52
21.30 30.16 7.01
21.30 30.66 6.52
21.30 31.15 6.07
21.30 31.65 5.65
21.30 32.14 5.25
21.30 32.63 4.89
21.30 33.13 4.55
21.30 33.62 4.23
21.30 34.12 3.94
21.30 34.61 3.68
21.30 35.11 3.43
21.30 35.60 3.20
21.30 36.10 2.99
21.30 36.59 2.80
21.30 37.08 2.62
21.30 37.58 2.45
21.30 38.07 2.30
21.30 38.57 2.16
21.30 39.06 2.03
21.30 39.56 1.90
21.30 40.05 1.79
21.30 40.54 1.69
21.30 41.04 1.59
21.30 41.53 1.50
21.30 42.03 1.42
21.30 42.52 1.34
21.30 43.02 1.26
21.30 43.51 1.20
21.30 44.01 1.13
21.30 44.50 1.07
21.80 0.50 1.08
21.80 0.99 1.15
21.80 1.49 1.21
21.80 1.98 1.28
21.80 2.48 1.35
21.80 2.97 1.43
21.80 3.47 1.52
21.80 3.96 1.61
21.80 4.46 1.71
21.80 4.95 1.82
21.80 5.44 1.93
21.80 5.94 2.05
21.80 6.43 2.19
21.80 6.93 2.33
21.80 7.42 2.49
21.80 7.92 2.66
21.80 8.41 2.84
21.80 8.90 3.04
21.80 9.40 3.26
21.80 9.89 3.49
21.80 10.39 3.74
21.80 10.88 4.02
21.80 11.38 4.31
21.80 11.87 4.63
21.80 12.37 4.98
21.80 12.86 5.36
21.80 13.35 5.76
21.80 13.85 6.20
21.80 14.34 6.66
21.80 14.84 7.16
21.80 15.33 7.69
21.80 15.83 8.25
21.80 16.32 8.84
21.80 16.81 9.45
21.80 17.31 10.07
21.80 17.80 10.71
21.80 18.30 11.35
21.80 18.79 11.97
21.80 19.29 12.56
21.80 19.78 13.11
21.80 20.28 13.61
21.80 20.77 14.02
21.80 21.26 14.35
21.80 21.76 14.57
21.80 22.25 14.69
21.80 22.75 14.69
21.80 23.24 14.57
21.80 23.74 14.35
21.80 24.23 14.02
21.80 24.72 13.61
21.80 25.22 13.11
21.80 25.71 12.56
21.80 26.21 11.97
21.80 26.70 11.35
21.80 27.20 10.71
21.80 27.69 10.07
21.80 28.19 9.45
21.80 28.68 8.84
21.80 29.17 8.25
21.80 29.67 7.69
21.80 30.16 7.16
21.80 30.66 6.66
21.80 31.15 6.20
21.80 31.65 5.76
21.80 32.14 5.36
21.80 32.63 4.98
21.80 33.13 4.63
21.80 33.62 4.31
21.80 34.12 4.02
21.80 34.61 3.74
21.80 35.11 3.49
21.80 35.60 3.26
21.80 36.10 3.04
21.80 36.59 2.84
21.80 37.08 2.66
21.80 37.58 2.49
21.80 38.07 2.33
21.80 38.57 2.19
21.80 39.06 2.05
21.80 39.56 1.93
21.80 40.05 1.82
21.80 40.54 1.71
21.80 41.04 1.61
21.80 41.53 1.52
21.80 42.03 1.43
21.80 42.52 1.35
21.80 43.02 1.28
21.80 43.51 1.21
21.80 44.01 1.15
21.80 44.50 1.08
22.29 0.50 1.10
22.29 0.99 1.16
22.29 1.49 1.22
22.29 1.98 1.29
22.29 2.48 1.37
22.29 2.97 1.45
22.29 3.47 1.53
22.29 3.96 1.63
22.29 4.46 1.73
22.29 4.95 1.84
22.29 5.44 1.95
22.29 5.94 2.08
22.29 6.43 2.22
22.29 6.93 2.36
22.29 7.42 2.52
22.29 7.92 2.70
22.29 8.41 2.88
22.29 8.90 3.09
22.29 9.40 3.31
22.29 9.89 3.55
22.29 10.39 3.80
22.29 10.88 4.08
22.29 11.38 4.39
22.29 11.87 4.72
22.29 12.37 5.07
22.29 12.86 5.46
22.29 13.35 5.87
22.29 13.85 6.32
22.29 14.34 6.79
22.29 14.84 7.30
22.29 15.33 7.85
22.29 15.83 8.42
22.29 16.32 9.02
22.29 16.81 9.65
22.29 17.31 10.29
22.29 17.80 10.94
22.29 18.30 11.59
22.29 18.79 12.23
22.29 19.29 12.84
22.29 19.78 13.41
22.29 20.28 13.91
22.29 20.77 14.33
22.29 21.26 14.67
22.29 21.76 14.90
22.29 22.25 15.01
22.29 22.75 15.01
22.29 23.24 14.90
22.29 23.74 14.67
22.29 24.23 14.33
22.29 24.72 13.91
22.29 25.22 13.41
22.29 25.71 12.84
22.29 26.21 12.23
22.29 26.70 11.59
22.29 27.20 10.94
22.29 27.69 10.29
22.29 28.19 9.65
22.29 28.68 9.02
22.29 29.17 8.42
22.29 29.67 7.85
22.29 30.16 7.30
22.29 30.66 6.79
22.29 31.15 6.32
22.29 31.65 5.87
22.29 32.14 5.46
22.29 32.63 5.07
22.29 33.13 4.72
22.29 33.62 4.39
22.29 34.12 4.08
22.29 34.61 3.80
22.29 35.11 3.55
22.29 35.60 3.31
22.29 36.10 3.09
22.29 36.59 2.88
22.29 37.08 2.70
22.29 37.58 2.52
22.29 38.07 2.36
22.29 38.57 2.22
22.29 39.06 2.08
22.29 39.56 1.95
22.29 40.05 1.84
22.29 40.54 1.73
22.29 41.04 1.63
22.29 41.53 1.53
22.29 42.03 1.45
22.29 42.52 1.37
22.29 43.02 1.29
22.29 43.51 1.22
22.29 44.01 1.16
22.29 44.50 1.10
22.79 0.50 1.11
22.79 0.99 1.17
22.79 1.49 1.23
22.79 1.98 1.30
22.79 2.48 1.38
22.79 2.97 1.46
22.79 3.47 1.55
22.79 3.96 1.65
22.79 4.46 1.75
22.79 4.95 1.86
22.79 5.44 1.98
22.79 5.94 2.11
22.79 6.43 2.24
22.79 6.93 2.39
22.79 7.42 2.56
22.79 7.92 2.73
22.79 8.41 2.92
22.79 8.90 3.13
22.79 9.40 3.35
22.79 9.89 3.60
22.79 10.39 3.86
22.79 10.88 4.15
22.79 11.38 4.46
22.79 11.87 4.79
22.79 12.37 5.15
22.79 12.86 5.55
22.79 13.35 5.97
22.79 13.85 6.42
22.79 14.34 6.91
22.79 14.84 7.43
22.79 15.33 7.99
22.79 15.83 8.57
22.79 16.32 9.19
22.79 16.81 9.83
22.79 17.31 10.49
22.79 17.80 11.15
22.79 18.30 11.82
22.79 18.79 12.47
22.79 19.29 13.09
22.79 19.78 13.67
22.79 20.28 14.18
22.79 20.77 14.62
22.79 21.26 14.96
22.79 21.76 15.19
22.79 22.25 15.31
22.79 22.75 15.31
22.79 23.24 15.19
22.79 23.74 14.96
22.79 24.23 14.62
22.79 24.72 14.18
22.79 25.22 13.67
22.79 25.71 13.09
22.79 26.21 12.47
22.79 26.70 11.82
22.79 27.20 11.15
22.79 27.69 10.49
22.79 28.19 9.83
22.79 28.68 9.19
22.79 29.17 8.57
22.79 29.67 7.99
22.79 30.16 7.43
22.79 30.66 6.91
22.79 31.15 6.42
22.79 31.65 5.97
22.79 32.14 5.55
22.79 32.63 5.15
22.79 33.13 4.79
22.79 33.62 4.46
22.79 34.12 4.15
22.79 34.61 3.86
22.79 35.11 3.60
22.79 35.60 3.35
22.79 36.10 3.13
22.79 36.59 2.92
22.79 37.08 2.73
22.79 37.58 2.56
22.79 38.07 2.39
22.79 38.57 2.24
22.79 39.06 2.11
22.79 39.56 1.98
22.79 40.05 1.86
22.79 40.54 1.75
22.79 41.04 1.65
22.79 41.53 1.55
22.79 42.03 1.46
22.79 42.52 1.38
22.79 43.02 1.30
22.79 43.51 1.23
22.79 44.01 1.17
22.79 44.50 1.11
23.28 0.50 1.11
23.28 0.99 1.18
23.28 1.49 1.24
23.28 1.98 1.32
23.28 2.48 1.39
23.28 2.97 1.48
23.28 3.47 1.57
23.28 3.96 1.66
23.28 4.46 1.76
23.28 4.95 1.88
23.28 5.44 2.00
23.28 5.94 2.13
23.28 6.43 2.27
23.28 6.93 2.42
23.28 7.42 2.59
23.28 7.92 2.76
23.28 8.41 2.96
23.28 8.90 3.17
23.28 9.40 3.40
23.28 9.89 3.64
23.28 10.39 3.91
23.28 10.88 4.20
23.28 11.38 4.52
23.28 11.87 4.86
23.28 12.37 5.23
23.28 12.86 5.63
23.28 13.35 6.06
23.28 13.85 6.52
23.28 14.34 7.02
23.28 14.84 7.55
23.28 15.33 8.12
23.28 15.83 8.71
23.28 16.32 9.34
23.28 16.81 9.99
23.28 17.31 10.66
23.28 17.80 11.34
23.28 18.30 12.02
23.28 18.79 12.69
23.28 19.29 13.32
23.28 19.78 13.91
23.28 20.28 14.43
23.28 20.77 14.87
23.28 21.26 15.22
23.28 21.76 15.45
23.28 22.25 15.58
23.28 22.75 15.58
23.28 23.24 15.45
23.28 23.74 15.22
23.28 24.23 14.87
23.28 24.72 14.43
23.28 25.22 13.91
23.28 25.71 13.32
23.28 26.21 12.69
23.28 26.70 12.02
23.28 27.20 11.34
23.28 27.69 10.66
23.28 28.19 9.99
23.28 28.68 9.34
23.28 29.17 8.71
23.28 29.67 8.12
23.28 30.16 7.55
23.28 30.66 7.02
23.28 31.15 6.52
23.28 31.65 6.06
23.28 32.14 5.63
23.28 32.63 5.23
23.28 33.13 4.86
23.28 33.62 4.52
23.28 34.12 4.20
23.28 34.61 3.91
23.28 35.11 3.64
23.28 35.60 3.40
23.28 36.10 3.17
23.28 36.59 2.96
23.28 37.08 2.76
23.28 37.58 2.59
23.28 38.07 2.42
23.28 38.57 2.27
23.28 39.06 2.13
23.28 39.56 2.00
23.28 40.05 1.88
23.28 40.54 1.76
23.28 41.04 1.66
23.28 41.53 1.57
23.28 42.03 1.48
23.28 42.52 1.39
23.28 43.02 1.32
23.28 43.51 1.24
23.28 44.01 1.18
23.28 44.50 1.11
23.78 0.50 1.12
23.78 0.99 1.19
23.78 1.49 1.25
23.78 1.98 1.33
23.78 2.48 1.40
23.78 2.97 1.49
23.78 3.47 1.58
23.78 3.96 1.68
23.78 4.46 1.78
23.78 4.95 1.89
23.78 5.44 2.02
23.78 5.94 2.15
23.78 6.43 2.29
23.78 6.93 2.45
23.78 7.42 2.61
23.78 7.92 2.79
23.78 8.41 2.99
23.78 8.90 3.20
23.78 9.40 3.43
23.78 9.89 3.69
23.78 10.39 3.96
23.78 10.88 4.25
23.78 11.38 4.57
23.78 11.87 4.92
23.78 12.37 5.30
23.78 12.86 5.70
23.78 13.35 6.14
23.78 13.85 6.61
23.78 14.34 7.12
23.78 14.84 7.66
23.78 15.33 8.23
23.78 15.83 8.84
23.78 16.32 9.48
23.78 16.81 10.14
23.78 17.31 10.82
23.78 17.80 11.51
23.78 18.30 12.20
23.78 18.79 12.88
23.78 19.29 13.52
23.78 19.78 14.12
23.78 20.28 14.65
23.78 20.77 15.09
23.78 21.26 15.45
23.78 21.76 15.69
23.78 22.25 15.81
23.78 22.75 15.81
23.78 23.24 15.69
23.78 23.74 15.45
23.78 24.23 15.09
23.78 24.72 14.65
23.78 25.22 14.12
23.78 25.71 13.52
23.78 26.21 12.88
23.78 26.70 12.20
23.78 27.20 11.51
23.78 27.69 10.82
23.78 28.19 10.14
23.78 28.68 9.48
23.78 29.17 8.84
23.78 29.67 8.23
23.78 30.16 7.66
23.78 30.66 7.12
23.78 31.15 6.61
23.78 31.65 6.14
23.78 32.14 5.70
23.78 32.63 5.30
23.78 33.13 4.92
23.78 33.62 4.57
23.78 34.12 4.25
23.78 34.61 3.96
23.78 35.11 3.69
23.78 35.60 3.43
23.78 36.10 3.20
23.78 36.59 2.99
23.78 37.08 2.79
23.78 37.58 2.61
23.78 38.07 2.45
23.78 38.57 2.29
23.78 39.06 2.15
23.78 39.56 2.02
23.78 40.05 1.89
23.78 40.54 1.78
23.78 41.04 1.68
23.78 41.53 1.58
23.78 42.03 1.49
23.78 42.52 1.40
23.78 43.02 1.33
23.78 43.51 1.25
23.78 44.01 1.19
23.78 44.50 1.12
24.27 0.50 1.13
24.27 0.99 1.19
24.27 1.49 1.26
24.27 1.98 1.33
24.27 2.48 1.41
24.27 2.97 1.50
24.27 3.47 1.59
24.27 3.96 1.69
24.27 4.46 1.79
24.27 4.95 1.91
24.27 5.44 2.03
24.27 5.94 2.17
24.27 6.43 2.31
24.27 6.93 2.47
24.27 7.42 2.64
24.27 7.92 2.82
24.27 8.41 3.02
24.27 8.90 3.23
24.27 9.40 3.47
24.27 9.89 3.72
24.27 10.39 4.00
24.27 10.88 4.30
24.27 11.38 4.62
24.27 11.87 4.97
24.27 12.37 5.35
24.27 12.86 5.77
24.27 13.35 6.21
24.27 13.85 6.69
24.27 14.34 7.20
24.27 14.84 7.75
24.27 15.33 8.33
24.27 15.83 8.95
24.27 16.32 9.60
24.27 16.81 10.27
24.27 17.31 10.96
24.27 17.80 11.66
24.27 18.30 12.36
24.27 18.79 13.04
24.27 19.29 13.69
24.27 19.78 14.30
24.27 20.28 14.84
24.27 20.77 15.29
24.27 21.26 15.65
24.27 21.76 15.89
24.27 22.25 16.01
24.27 22.75 16.01
24.27 23.24 15.89
24.27 23.74 15.65
24.27 24.23 15.29
24.27 24.72 14.84
24.27 25.22 14.30
24.27 25.71 13.69
24.27 26.21 13.04
24.27 26.70 12.36
24.27 27.20 11.66
24.27 27.69 10.96
24.27 28.19 10.27
24.27 28.68 9.60
24.27 29.17 8.95
24.27 29.67 8.33
24.27 30.16 7.75
24.27 30.66 7.20
24.27 31.15 6.69
24.27 31.65 6.21
24.27 32.14 5.77
24.27 32.63 5.35
24.27 33.13 4.97
24.27 33.62 4.62
24.27 34.12 4.30
24.27 34.61 4.00
24.27 35.11 3.72
24.27 35.60 3.47
24.27 36.10 3.23
24.27 36.59 3.02
24.27 37.08 2.82
24.27 37.58 2.64
24.27 38.07 2.47
24.27 38.57 2.31
24.27 39.06 2.17
24.27 39.56 2.03
24.27 40.05 1.91
24.27 40.54 1.79
24.27 41.04 1.69
24.27 41.53 1.59
24.27 42.03 1.50
24.27 42.52 1.41
24.27 43.02 1.33
24.27 43.51 1.26
24.27 44.01 1.19
24.27 44.50 1.13
24.77 0.50 1.13
24.77 0.99 1.20
24.77 1.49 1.27
24.77 1.98 1.34
24.77 2.48 1.42
24.77 2.97 1.51
24.77 3.47 1.60
24.77 3.96 1.70
24.77 4.46 1.81
24.77 4.95 1.92
24.77 5.44 2.05
24.77 5.94 2.18
24.77 6.43 2.33
24.77 6.93 2.48
24.77 7.42 2.66
24.77 7.92 2.84
24.77 8.41 3.04
24.77 8.90 3.26
24.77 9.40 3.50
24.77 9.89 3.75
24.77 10.39 4.03
24.77 10.88 4.34
24.77 11.38 4.66
24.77 11.87 5.02
24.77 12.37 5.41
24.77 12.86 5.82
24.77 13.35 6.27
24.77 13.85 6.76
24.77 14.34 7.27
24.77 14.84 7.83
24.77 15.33 8.42
24.77 15.83 9.04
24.77 16.32 9.70
24.77 16.81 10.38
24.77 17.31 11.08
24.77 17.80 11.79
24.77 18.30 12.49
24.77 18.79 13.18
24.77 19.29 13.84
24.77 19.78 14.45
24.77 20.28 15.00
24.77 20.77 15.46
24.77 21.26 15.82
24.77 21.76 16.06
24.77 22.25 16.19
24.77 22.75 16.19
24.77 23.24 16.06
24.77 23.74 15.82
24.77 24.23 15.46
24.77 24.72 15.00
24.77 25.22 14.45
24.77 25.71 13.84
24.77 26.21 13.18
24.77 26.70 12.49
24.77 27.20 11.79
24.77 27.69 11.08
24.77 28.19 10.38
24.77 28.68 9.70
24.77 29.17 9.04
24.77 29.67 8.42
24.77 30.16 7.83
24.77 30.66 7.27
24.77 31.15 6.76
24.77 31.65 6.27
24.77 32.14 5.82
24.77 32.63 5.41
24.77 33.13 5.02
24.77 33.62 4.66
24.77 34.12 4.34
24.77 34.61 4.03
24.77 35.11 3.75
24.77 35.60 3.50
24.77 36.10 3.26
24.77 36.59 3.04
24.77 37.08 2.84
24.77 37.58 2.66
24.77 38.07 2.48
24.77 38.57 2.33
24.77 39.06 2.18
24.77 39.56 2.05
24.77 40.05 1.92
24.77 40.54 1.81
24.77 41.04 1.70
24.77 41.53 1.60
24.77 42.03 1.51
24.77 42.52 1.42
24.77 43.02 1.34
24.77 43.51 1.27
24.77 44.01 1.20
24.77 44.50 1.13
25.26 0.50 1.14
25.26 0.99 1.20
25.26 1.49 1.27
25.26 1.98 1.35
25.26 2.48 1.43
25.26 2.97 1.52
25.26 3.47 1.61
25.26 3.96 1.71
25.26 4.46 1.82
25.26 4.95 1.93
25.26 5.44 2.06
25.26 5.94 2.19
25.26 6.43 2.34
25.26 6.93 2.50
25.26 7.42 2.67
25.26 7.92 2.86
25.26 8.41 3.06
25.26 8.90 3.28
25.26 9.40 3.52
25.26 9.89 3.78
25.26 10.39 4.06
25.26 10.88 4.37
25.26 11.38 4.70
25.26 11.87 5.06
25.26 12.37 5.45
25.26 12.86 5.87
25.26 13.35 6.32
25.26 13.85 6.81
25.26 14.34 7.34
25.26 14.84 7.90
25.26 15.33 8.49
25.26 15.83 9.12
25.26 16.32 9.78
25.26 16.81 10.47
25.26 17.31 11.18
25.26 17.80 11.89
25.26 18.30 12.60
25.26 18.79 13.30
25.26 19.29 13.97
25.26 19.78 14.58
25.26 20.28 15.13
25.26 20.77 15.60
25.26 21.26 15.96
25.26 21.76 16.21
25.26 22.25 16.34
25.26 22.75 16.34
25.26 23.24 16.21
25.26 23.74 15.96
25.26 24.23 15.60
25.26 24.72 15.13
25.26 25.22 14.58
25.26 25.71 13.97
25.26 26.21 13.30
25.26 26.70 12.60
25.26 27.20 11.89
25.26 27.69 11.18
25.26 28.19 10.47
25.26 28.68 9.78
25.26 29.17 9.12
25.26 29.67 8.49
25.26 30.16 7.90
25.26 30.66 7.34
25.26 31.15 6.81
25.26 31.65 6.32
25.26 32.14 5.87
25.26 32.63 5.45
25.26 33.13 5.06
25.26 33.62 4.70
25.26 34.12 4.37
25.26 34.61 4.06
25.26 35.11 3.78
25.26 35.60 3.52
25.26 36.10 3.28
25.26 36.59 3.06
25.26 37.08 2.86
25.26 37.58 2.67
25.26 38.07 2.50
25.26 38.57 2.34
25.26 39.06 2.19
25.26 39.56 2.06
25.26 40.05 1.93
25.26 40.54 1.82
25.26 41.04 1.71
25.26 41.53 1.61
25.26 42.03 1.52
25.26 42.52 1.43
25.26 43.02 1.35
25.26 43.51 1.27
25.26 44.01 1.20
25.26 44.50 1.14
25.76 0.50 1.14
25.76 0.99 1.21
25.76 1.49 1.28
25.76 1.98 1.35
25.76 2.48 1.43
25.76 2.97 1.52
25.76 3.47 1.61
25.76 3.96 1.72
25.76 4.46 1.82
25.76 4.95 1.94
25.76 5.44 2.07
25.76 5.94 2.20
25.76 6.43 2.35
25.76 6.93 2.51
25.76 7.42 2.69
25.76 7.92 2.87
25.76 8.41 3.08
25.76 8.90 3.30
25.76 9.40 3.54
25.76 9.89 3.80
25.76 10.39 4.09
25.76 10.88 4.39
25.76 11.38 4.73
25.76 11.87 5.09
25.76 12.37 5.48
25.76 12.86 5.91
25.76 13.35 6.36
25.76 13.85 6.86
25.76 14.34 7.38
25.76 14.84 7.95
25.76 15.33 8.55
25.76 15.83 9.18
25.76 16.32 9.85
25.76 16.81 10.54
25.76 17.31 11.25
25.76 17.80 11.97
25.76 18.30 12.69
25.76 18.79 13.40
25.76 19.29 14.07
25.76 19.78 14.69
25.76 20.28 15.24
25.76 20.77 15.71
25.76 21.26 16.07
25.76 21.76 16.33
25.76 22.25 16.45
25.76 22.75 16.45
25.76 23.24 16.33
25.76 23.74 16.07
25.76 24.23 15.71
25.76 24.72 15.24
25.76 25.22 14.69
25.76 25.71 14.07
25.76 26.21 13.40
25.76 26.70 12.69
25.76 27.20 11.97
25.76 27.69 11.25
25.76 28.19 10.54
25.76 28.68 9.85
25.76 29.17 9.18
25.76 29.67 8.55
25.76 30.16 7.95
25.76 30.66 7.38
25.76 31.15 6.86
25.76 31.65 6.36
25.76 32.14 5.91
25.76 32.63 5.48
25.76 33.13 5.09
25.76 33.62 4.73
25.76 34.12 4.39
25.76 34.61 4.09
25.76 35.11 3.80
25.76 35.60 3.54
25.76 36.10 3.30
25.76 36.59 3.08
25.76 37.08 2.87
25.76 37.58 2.69
25.76 38.07 2.51
25.76 38.57 2.35
25.76 39.06 2.20
25.76 39.56 2.07
25.76 40.05 1.94
25.76 40.54 1.82
25.76 41.04 1.72
25.76 41.53 1.61
25.76 42.03 1.52
25.76 42.52 1.43
25.76 43.02 1.35
25.76 43.51 1.28
25.76 44.01 1.21
25.76 44.50 1.14
26.25 0.50 1.15
26.25 0.99 1.21
26.25 1.49 1.28
26.25 1.98 1.36
26.25 2.48 1.44
26.25 2.97 1.53
26.25 3.47 1.62
26.25 3.96 1.72
26.25 4.46 1.83
26.25 4.95 1.95
26.25 5.44 2.07
26.25 5.94 2.21
26.25 6.43 2.36
26.25 6.93 2.52
26.25 7.42 2.70
26.25 7.92 2.89
26.25 8.41 3.09
26.25 8.90 3.31
26.25 9.40 3.56
26.25 9.89 3.82
26.25 10.39 4.10
26.25 10.88 4.41
26.25 11.38 4.75
26.25 11.87 5.11
26.25 12.37 5.51
26.25 12.86 5.93
26.25 13.35 6.39
26.25 13.85 6.89
26.25 14.34 7.42
26.25 14.84 7.99
26.25 15.33 8.59
26.25 15.83 9.23
26.25 16.32 9.90
26.25 16.81 10.60
26.25 17.31 11.31
26.25 17.80 12.04
26.25 18.30 12.76
26.25 18.79 13.47
26.25 19.29 14.14
26.25 19.78 14.77
26.25 20.28 15.32
26.25 20.77 15.79
26.25 21.26 16.16
26.25 21.76 16.41
26.25 22.25 16.54
26.25 22.75 16.54
26.25 23.24 16.41
26.25 23.74 16.16
26.25 24.23 15.79
26.25 24.72 15.32
26.25 25.22 14.77
26.25 25.71 14.14
26.25 26.21 13.47
26.25 26.70 12.76
26.25 27.20 12.04
26.25 27.69 11.31
26.25 28.19 10.60
26.25 28.68 9.90
26.25 29.17 9.23
26.25 29.67 8.59
26.25 30.16 7.99
26.25 30.66 7.42
26.25 31.15 6.89
26.25 31.65 6.39
26.25 32.14 5.93
26.25 32.63 5.51
26.25 33.13 5.11
26.25 33.62 4.75
26.25 34.12 4.41
26.25 34.61 4.10
26.25 35.11 3.82
26.25 35.60 3.56
26.25 36.10 3.31
26.25 36.59 3.09
26.25 37.08 2.89
26.25 37.58 2.70
26.25 38.07 2.52
26.25 38.57 2.36
26.25 39.06 2.21
26.25 39.56 2.07
26.25 40.05 1.95
26.25 40.54 1.83
26.25 41.04 1.72
26.25 41.53 1.62
26.25 42.03 1.53
26.25 42.52 1.44
26.25 43.02 1.36
26.25 43.51 1.28
26.25 44.01 1.21
26.25 44.50 1.15
26.75 0.50 1.15
26.75 0.99 1.21
26.75 1.49 1.28
26.75 1.98 1.36
26.75 2.48 1.44
26.75 2.97 1.53
26.75 3.47 1.62
26.75 3.96 1.72
26.75 4.46 1.83
26.75 4.95 1.95
26.75 5.44 2.08
26.75 5.94 2.22
26.75 6.43 2.37
26.75 6.93 2.53
26.75 7.42 2.70
26.75 7.92 2.89
26.75 8.41 3.10
26.75 8.90 3.32
26.75 9.40 3.57
26.75 9.89 3.83
26.75 10.39 4.12
26.75 10.88 4.43
26.75 11.38 4.76
26.75 11.87 5.13
26.75 12.37 5.53
26.75 12.86 5.95
26.75 13.35 6.42
26.75 13.85 6.91
26.75 14.34 7.45
26.75 14.84 8.02
26.75 15.33 8.62
26.75 15.83 9.26
26.75 16.32 9.94
26.75 16.81 10.63
26.75 17.31 11.35
26.75 17.80 12.08
26.75 18.30 12.80
26.75 18.79 13.51
26.75 19.29 14.19
26.75 19.78 14.82
26.75 20.28 15.38
26.75 20.77 15.85
26.75 21.26 16.22
26.75 21.76 16.47
26.75 22.25 16.60
26.75 22.75 16.60
26.75 23.24 16.47
26.75 23.74 16.22
26.75 24.23 15.85
26.75 24.72 15.38
26.75 25.22 14.82
26.75 25.71 14.19
26.75 26.21 13.51
26.75 26.70 12.80
26.75 27.20 12.08
26.75 27.69 11.35
26.75 28.19 10.63
26.75 28.68 9.94
26.75 29.17 9.26
26.75 29.67 8.62
26.75 30.16 8.02
26.75 30.66 7.45
26.75 31.15 6.91
26.75 31.65 6.42
26.75 32.14 5.95
26.75 32.63 5.53
26.75 33.13 5.13
26.75 33.62 4.76
26.75 34.12 4.43
26.75 34.61 4.12
26.75 35.11 3.83
26.75 35.60 3.57
26.75 36.10 3.32
26.75 36.59 3.10
26.75 37.08 2.89
26.75 37.58 2.70
26.75 38.07 2.53
26.75 38.57 2.37
26.75 39.06 2.22
26.75 39.56 2.08
26.75 40.05 1.95
26.75 40.54 1.83
26.75 41.04 1.72
26.75 41.53 1.62
26.75 42.03 1.53
26.75 42.52 1.44
26.75 43.02 1.36
26.75 43.51 1.28
26.75 44.01 1.21
26.75 44.50 1.15
27.24 0.50 1.15
27.24 0.99 1.22
27.24 1.49 1.29
27.24 1.98 1.36
27.24 2.48 1.44
27.24 2.97 1.53
27.24 3.47 1.62
27.24 3.96 1.73
27.24 4.46 1.84
27.24 4.95 1.95
27.24 5.44 2.08
27.24 5.94 2.22
27.24 6.43 2.37
27.24 6.93 2.53
27.24 7.42 2.71
27.24 7.92 2.90
27.24 8.41 3.10
27.24 8.90 3.33
27.24 9.40 3.57
27.24 9.89 3.84
27.24 10.39 4.12
27.24 10.88 4.43
27.24 11.38 4.77
27.24 11.87 5.14
27.24 12.37 5.53
27.24 12.86 5.96
27.24 13.35 6.43
27.24 13.85 6.92
27.24 14.34 7.46
27.24 14.84 8.03
27.24 15.33 8.64
27.24 15.83 9.28
27.24 16.32 9.95
27.24 16.81 10.65
27.24 17.31 11.37
27.24 17.80 12.10
27.24 18.30 12.83
27.24 18.79 13.54
27.24 19.29 14.22
27.24 19.78 14.84
27.24 20.28 15.40
27.24 20.77 15.88
27.24 21.26 16.25
27.24 21.76 16.50
27.24 22.25 16.63
27.24 22.75 16.63
27.24 23.24 16.50
27.24 23.74 16.25
27.24 24.23 15.88
27.24 24.72 15.40
27.24 25.22 14.84
27.24 25.71 14.22
27.24 26.21 13.54
27.24 26.70 12.83
27.24 27.20 12.10
27.24 27.69 11.37
27.24 28.19 10.65
27.24 28.68 9.95
27.24 29.17 9.28
27.24 29.67 8.64
27.24 30.16 8.03
27.24 30.66 7.46
27.24 31.15 6.92
27.24 31.65 6.43
27.24 32.14 5.96
27.24 32.63 5.53
27.24 33.13 5.14
27.24 33.62 4.77
27.24 34.12 4.43
27.24 34.61 4.12
27.24 35.11 3.84
27.24 35.60 3.57
27.24 36.10 3.33
27.24 36.59 3.10
27.24 37.08 2.90
27.24 37.58 2.71
27.24 38.07 2.53
27.24 38.57 2.37
27.24 39.06 2.22
27.24 39.56 2.08
27.24 40.05 1.95
27.24 40.54 1.84
27.24 41.04 1.73
27.24 41.53 1.62
27.24 42.03 1.53
27.24 42.52 1.44
27.24 43.02 1.36
27.24 43.51 1.29
27.24 44.01 1.22
27.24 44.50 1.15
27.74 0.50 1.15
27.74 0.99 1.22
27.74 1.49 1.29
27.74 1.98 1.36
27.74 2.48 1.44
27.74 2.97 1.53
27.74 3.47 1.62
27.74 3.96 1.73
27.74 4.46 1.84
27.74 4.95 1.95
27.74 5.44 2.08
27.74 5.94 2.22
27.74 6.43 2.37
27.74 6.93 2.53
27.74 7.42 2.71
27.74 7.92 2.90
27.74 8.41 3.10
27.74 8.90 3.33
27.74 9.40 3.57
27.74 9.89 3.84
27.74 10.39 4.12
27.74 10.88 4.43
27.74 11.38 4.77
27.74 11.87 5.14
27.74 12.37 5.53
27.74 12.86 5.96
27.74 13.35 6.43
27.74 13.85 6.92
27.74 14.34 7.46
27.74 14.84 8.03
27.74 15.33 8.64
27.74 15.83 9.28
27.74 16.32 9.95
27.74 16.81 10.65
27.74 17.31 11.37
27.74 17.80 12.10
27.74 18.30 12.83
27.74 18.79 13.54
27.74 19.29 14.22
27.74 19.78 14.84
27.74 20.28 15.40
27.74 20.77 15.88
27.74 21.26 16.25
27.74 21.76 16.50
27.74 22.25 16.64
27.74 22.75 16.64
27.74 23.24 16.50
27.74 23.74 16.25
27.74 24.23 15.88
27.74 24.72 15.40
27.74 25.22 14.84
27.74 25.71 14.22
27.74 26.21 13.54
27.74 26.70 12.83
27.74 27.20 12.10
27.74 27.69 11.37
27.74 28.19 10.65
27.74 28.68 9.95
27.74 29.17 9.28
27.74 29.67 8.64
27.74 30.16 8.03
27.74 30.66 7.46
27.74 31.15 6.92
27.74 31.65 6.43
27.74 32.14 5.96
27.74 32.63 5.53
27.74 33.13 5.14
27.74 33.62 4.77
27.74 34.12 4.43
27.74 34.61 4.12
27.74 35.11 3.84
27.74 35.60 3.57
27.74 36.10 3.33
27.74 36.59 3.10
27.74 37.08 2.90
27.74 37.58 2.71
27.74 38.07 2.53
27.74 38.57 2.37
27.74 39.06 2.22
27.74 39.56 2.08
27.74 40.05 1.95
27.74 40.54 1.84
27.74 41.04 1.73
27.74 41.53 1.62
27.74 42.03 1.53
27.74 42.52 1.44
27.74 43.02 1.36
27.74 43.51 1.29
27.74 44.01 1.22
27.74 44.50 1.15
28.23 0.50 1.15
28.23 0.99 1.21
28.23 1.49 1.28
28.23 1.98 1.36
28.23 2.48 1.44
28.23 2.97 1.53
28.23 3.47 1.62
28.23 3.96 1.72
28.23 4.46 1.83
28.23 4.95 1.95
28.23 5.44 2.08
28.23 5.94 2.22
28.23 6.43 2.37
28.23 6.93 2.53
28.23 7.42 2.70
28.23 7.92 2.89
28.23 8.41 3.10
28.23 8.90 3.32
28.23 9.40 3.57
28.23 9.89 3.83
28.23 10.39 4.12
28.23 10.88 4.43
28.23 11.38 4.76
28.23 11.87 5.13
28.23 12.37 5.53
28.23 12.86 5.95
28.23 13.35 6.42
28.23 13.85 6.91
28.23 14.34 7.45
28.23 14.84 8.02
28.23 15.33 8.62
28.23 15.83 9.26
28.23 16.32 9.94
28.23 16.81 10.64
28.23 17.31 11.35
28.23 17.80 12.08
28.23 18.30 12.81
28.23 18.79 13.52
28.23 19.29 14.19
28.23 19.78 14.82
28.23 20.28 15.38
28.23 20.77 15.85
28.23 21.26 16.22
28.23 21.76 16.48
28.23 22.25 16.61
28.23 22.75 16.61
28.23 23.24 16.48
28.23 23.74 16.22
28.23 24.23 15.85
28.23 24.72 15.38
28.23 25.22 14.82
28.23 25.71 14.19
28.23 26.21 13.52
28.23 26.70 12.81
28.23 27.20 12.08
28.23 27.69 11.35
28.23 28.19 10.64
28.23 28.68 9.94
28.23 29.17 9.26
28.23 29.67 8.62
28.23 30.16 8.02
28.23 30.66 7.45
28.23 31.15 6.91
28.23 31.65 6.42
28.23 32.14 5.95
28.23 32.63 5.53
28.23 33.13 5.13
28.23 33.62 4.76
28.23 34.12 4.43
28.23 34.61 4.12
28.23 35.11 3.83
28.23 35.60 3.57
28.23 36.10 3.32
28.23 36.59 3.10
28.23 37.08 2.89
28.23 37.58 2.70
28.23 38.07 2.53
28.23 38.57 2.37
28.23 39.06 2.22
28.23 39.56 2.08
28.23 40.05 1.95
28.23 40.54 1.83
28.23 41.04 1.72
28.23 41.53 1.62
28.23 42.03 1.53
28.23 42.52 1.44
28.23 43.02 1.36
28.23 43.51 1.28
28.23 44.01 1.21
28.23 44.50 1.15
28.73 0.50 1.15
28.73 0.99 1.21
28.73 1.49 1.28
28.73 1.98 1.36
28.73 2.48 1.44
28.73 2.97 1.53
28.73 3.47 1.62
28.73 3.96 1.72
28.73 4.46 1.83
28.73 4.95 1.95
28.73 5.44 2.07
28.73 5.94 2.21
28.73 6.43 2.36
28.73 6.93 2.52
28.73 7.42 2.70
28.73 7.92 2.89
28.73 8.41 3.09
28.73 8.90 3.31
28.73 9.40 3.56
28.73 9.89 3.82
28.73 10.39 4.10
28.73 10.88 4.41
28.73 11.38 4.75
28.73 11.87 5.11
28.73 12.37 5.51
28.73 12.86 5.94
28.73 13.35 6.40
28.73 13.85 6.89
28.73 14.34 7.42
28.73 14.84 7.99
28.73 15.33 8.60
28.73 15.83 9.23
28.73 16.32 9.90
28.73 16.81 10.60
28.73 17.31 11.31
28.73 17.80 12.04
28.73 18.30 12.76
28.73 18.79 13.47
28.73 19.29 14.14
28.73 19.78 14.77
28.73 20.28 15.32
28.73 20.77 15.79
28.73 21.26 16.16
28.73 21.76 16.42
28.73 22.25 16.55
28.73 22.75 16.55
28.73 23.24 16.42
28.73 23.74 16.16
28.73 24.23 15.79
28.73 24.72 15.32
28.73 25.22 14.77
28.73 25.71 14.14
28.73 26.21 13.47
28.73 26.70 12.76
28.73 27.20 12.04
28.73 27.69 11.31
28.73 28.19 10.60
28.73 28.68 9.90
28.73 29.17 9.23
28.73 29.67 8.60
28.73 30.16 7.99
28.73 30.66 7.42
28.73 31.15 6.89
28.73 31.65 6.40
28.73 32.14 5.94
28.73 32.63 5.51
28.73 33.13 5.11
28.73 33.62 4.75
28.73 34.12 4.41
28.73 34.61 4.10
28.73 35.11 3.82
28.73 35.60 3.56
28.73 36.10 3.31
28.73 36.59 3.09
28.73 37.08 2.89
28.73 37.58 2.70
28.73 38.07 2.52
28.73 38.57 2.36
28.73 39.06 2.21
28.73 39.56 2.07
28.73 40.05 1.95
28.73 40.54 1.83
28.73 41.04 1.72
28.73 41.53 1.62
28.73 42.03 1.53
28.73 42.52 1.44
28.73 43.02 1.36
28.73 43.51 1.28
28.73 44.01 1.21
28.73 44.50 1.15
29.22 0.50 1.14
29.22 0.99 1.21
29.22 1.49 1.28
29.22 1.98 1.35
29.22 2.48 1.43
29.22 2.97 1.52
29.22 3.47 1.61
29.22 3.96 1.72
29.22 4.46 1.82
29.22 4.95 1.94
29.22 5.44 2.07
29.22 5.94 2.20
29.22 6.43 2.35
29.22 6.93 2.51
29.22 7.42 2.69
29.22 7.92 2.88
29.22 8.41 3.08
29.22 8.90 3.30
29.22 9.40 3.54
29.22 9.89 3.80
29.22 10.39 4.09
29.22 10.88 4.39
29.22 11.38 4.73
29.22 11.87 5.09
29.22 12.37 5.48
29.22 12.86 5.91
29.22 13.35 6.37
29.22 13.85 6.86
29.22 14.34 7.39
29.22 14.84 7.95
29.22 15.33 8.55
29.22 15.83 9.19
29.22 16.32 9.85
29.22 16.81 10.54
29.22 17.31 11.26
29.22 17.80 11.98
29.22 18.30 12.70
29.22 18.79 13.40
29.22 19.29 14.07
29.22 19.78 14.69
29.22 20.28 15.24
29.22 20.77 15.71
29.22 21.26 16.08
29.22 21.76 16.33
29.22 22.25 16.46
29.22 22.75 16.46
29.22 23.24 16.33
29.22 23.74 16.08
29.22 24.23 15.71
29.22 24.72 15.24
29.22 25.22 14.69
29.22 25.71 14.07
29.22 26.21 13.40
29.22 26.70 12.70
29.22 27.20 11.98
29.22 27.69 11.26
29.22 28.19 10.54
29.22 28.68 9.85
29.22 29.17 9.19
29.22 29.67 8.55
29.22 30.16 7.95
29.22 30.66 7.39
29.22 31.15 6.86
29.22 31.65 6.37
29.22 32.14 5.91
29.22 32.63 5.48
29.22 33.13 5.09
29.22 33.62 4.73
29.22 34.12 4.39
29.22 34.61 4.09
29.22 35.11 3.80
29.22 35.60 3.54
29.22 36.10 3.30
29.22 36.59 3.08
29.22 37.08 2.88
29.22 37.58 2.69
29.22 38.07 2.51
29.22 38.57 2.35
29.22 39.06 2.20
29.22 39.56 2.07
29.22 40.05 1.94
29.22 40.54 1.82
29.22 41.04 1.72
29.22 41.53 1.61
29.22 42.03 1.52
29.22 42.52 1.43
29.22 43.02 1.35
29.22 43.51 1.28
29.22 44.01 1.21
29.22 44.50 1.14
29.72 0.50 1.14
29.72 0.99 1.20
29.72 1.49 1.27
29.72 1.98 1.35
29.72 2.48 1.43
29.72 2.97 1.52
29.72 3.47 1.61
29.72 3.96 1.71
29.72 4.46 1.82
29.72 4.95 1.93
29.72 5.44 2.06
29.72 5.94 2.19
29.72 6.43 2.34
29.72 6.93 2.50
29.72 7.42 2.67
29.72 7.92 2.86
29.72 8.41 3.06
29.72 8.90 3.28
29.72 9.40 3.52
29.72 9.89 3.78
29.72 10.39 4.06
29.72 10.88 4.37
29.72 11.38 4.70
29.72 11.87 5.06
29.72 12.37 5.45
29.72 12.86 5.87
29.72 13.35 6.32
29.72 13.85 6.81
29.72 14.34 7.34
29.72 14.84 7.90
29.72 15.33 8.49
29.72 15.83 9.12
29.72 16.32 9.79
29.72 16.81 10.47
29.72 17.31 11.18
29.72 17.80 11.89
29.72 18.30 12.61
29.72 18.79 13.31
29.72 19.29 13.97
29.72 19.78 14.59
29.72 20.28 15.14
29.72 20.77 15.60
29.72 21.26 15.96
29.72 21.76 16.21
29.72 22.25 16.34
29.72 22.75 16.34
29.72 23.24 16.21
29.72 23.74 15.96
29.72 24.23 15.60
29.72 24.72 15.14
29.72 25.22 14.59
29.72 25.71 13.97
29.72 26.21 13.31
29.72 26.70 12.61
29.72 27.20 11.89
29.72 27.69 11.18
29.72 28.19 10.47
29.72 28.68 9.79
29.72 29.17 9.12
29.72 29.67 8.49
29.72 30.16 7.90
29.72 30.66 7.34
29.72 31.15 6.81
29.72 31.65 6.32
29.72 32.14 5.87
29.72 32.63 5.45
29.72 33.13 5.06
29.72 33.62 4.70
29.72 34.12 4.37
29.72 34.61 4.06
29.72 35.11 3.78
29.72 35.60 3.52
29.72 36.10 3.28
29.72 36.59 3.06
29.72 37.08 2.86
29.72 37.58 2.67
29.72 38.07 2.50
29.72 38.57 2.34
29.72 39.06 2.19
29.72 39.56 2.06
29.72 40.05 1.93
29.72 40.54 1.82
29.72 41.04 1.71
29.72 41.53 1.61
29.72 42.03 1.52
29.72 42.52 1.43
29.72 43.02 1.35
29.72 43.51 1.27
29.72 44.01 1.20
29.72 44.50 1.14
30.21 0.50 1.14
30.21 0.99 1.20
30.21 1.49 1.27
30.21 1.98 1.34
30.21 2.48 1.42
30.21 2.97 1.51
30.21 3.47 1.60
30.21 3.96 1.70
30.21 4.46 1.81
30.21 4.95 1.92
30.21 5.44 2.05
30.21 5.94 2.18
30.21 6.43 2.33
30.21 6.93 2.49
30.21 7.42 2.66
30.21 7.92 2.84
30.21 8.41 3.04
30.21 8.90 3.26
30.21 9.40 3.50
30.21 9.89 3.76
30.21 10.39 4.03
30.21 10.88 4.34
30.21 11.38 4.67
30.21 11.87 5.02
30.21 12.37 5.41
30.21 12.86 5.82
30.21 13.35 6.27
30.21 13.85 6.76
30.21 14.34 7.28
30.21 14.84 7.83
30.21 15.33 8.42
30.21 15.83 9.05
30.21 16.32 9.70
30.21 16.81 10.38
30.21 17.31 11.08
30.21 17.80 11.79
30.21 18.30 12.50
30.21 18.79 13.19
30.21 19.29 13.85
30.21 19.78 14.46
30.21 20.28 15.00
30.21 20.77 15.46
30.21 21.26 15.82
30.21 21.76 16.07
30.21 22.25 16.20
30.21 22.75 16.20
30.21 23.24 16.07
30.21 23.74 15.82
30.21 24.23 15.46
30.21 24.72 15.00
30.21 25.22 14.46
30.21 25.71 13.85
30.21 26.21 13.19
30.21 26.70 12.50
30.21 27.20 11.79
30.21 27.69 11.08
30.21 28.19 10.38
30.21 28.68 9.70
30.21 29.17 9.05
30.21 29.67 8.42
30.21 30.16 7.83
30.21 30.66 7.28
30.21 31.15 6.76
30.21 31.65 6.27
30.21 32.14 5.82
30.21 32.63 5.41
30.21 33.13 5.02
30.21 33.62 4.67
30.21 34.12 4.34
30.21 34.61 4.03
30.21 35.11 3.76
30.21 35.60 3.50
30.21 36.10 3.26
30.21 36.59 3.04
30.21 37.08 2.84
30.21 37.58 2.66
30.21 38.07 2.49
30.21 38.57 2.33
30.21 39.06 2.18
30.21 39.56 2.05
30.21 40.05 1.92
30.21 40.54 1.81
30.21 41.04 1.70
30.21 41.53 1.60
30.21 42.03 1.51
30.21 42.52 1.42
30.21 43.02 1.34
30.21 43.51 1.27
30.21 44.01 1.20
30.21 44.50 1.14
30.71 0.50 1.13
30.71 0.99 1.19
30.71 1.49 1.26
30.71 1.98 1.33
30.71 2.48 1.41
30.71 2.97 1.50
30.71 3.47 1.59
30.71 3.96 1.69
30.71 4.46 1.79
30.71 4.95 1.91
30.71 5.44 2.03
30.71 5.94 2.17
30.71 6.43 2.31
30.71 6.93 2.47
30.71 7.42 2.64
30.71 7.92 2.82
30.71 8.41 3.02
30.71 8.90 3.24
30.71 9.40 3.47
30.71 9.89 3.72
30.71 10.39 4.00
30.71 10.88 4.30
30.71 11.38 4.62
30.71 11.87 4.98
30.71 12.37 5.36
30.71 12.86 5.77
30.71 13.35 6.21
30.71 13.85 6.69
30.71 14.34 7.20
30.71 14.84 7.75
30.71 15.33 8.34
30.71 15.83 8.95
30.71 16.32 9.60
30.71 16.81 10.27
30.71 17.31 10.96
30.71 17.80 11.66
30.71 18.30 12.36
30.71 18.79 13.05
30.71 19.29 13.70
30.71 19.78 14.30
30.71 20.28 14.84
30.71 20.77 15.30
30.71 21.26 15.65
30.71 21.76 15.90
30.71 22.25 16.02
30.71 22.75 16.02
30.71 23.24 15.90
30.71 23.74 15.65
30.71 24.23 15.30
30.71 24.72 14.84
30.71 25.22 14.30
30.71 25.71 13.70
30.71 26.21 13.05
30.71 26.70 12.36
30.71 27.20 11.66
30.71 27.69 10.96
30.71 28.19 10.27
30.71 28.68 9.60
30.71 29.17 8.95
30.71 29.67 8.34
30.71 30.16 7.75
30.71 30.66 7.20
30.71 31.15 6.69
30.71 31.65 6.21
30.71 32.14 5.77
30.71 32.63 5.36
30.71 33.13 4.98
30.71 33.62 4.62
30.71 34.12 4.30
30.71 34.61 4.00
30.71 35.11 3.72
30.71 35.60 3.47
30.71 36.10 3.24
30.71 36.59 3.02
30.71 37.08 2.82
30.71 37.58 2.64
30.71 38.07 2.47
30.71 38.57 2.31
30.71 39.06 2.17
30.71 39.56 2.03
30.71 40.05 1.91
30.71 40.54 1.79
30.71 41.04 1.69
30.71 41.53 1.59
30.71 42.03 1.50
30.71 42.52 1.41
30.71 43.02 1.33
30.71 43.51 1.26
30.71 44.01 1.19
30.71 44.50 1.13
31.20 0.50 1.12
31.20 0.99 1.19
31.20 1.49 1.25
31.20 1.98 1.33
31.20 2.48 1.40
31.20 2.97 1.49
31.20 3.47 1.58
31.20 3.96 1.68
31.20 4.46 1.78
31.20 4.95 1.89
31.20 5.44 2.02
31.20 5.94 2.15
31.20 6.43 2.29
31.20 6.93 2.45
31.20 7.42 2.61
31.20 7.92 2.79
31.20 8.41 2.99
31.20 8.90 3.20
31.20 9.40 3.44
31.20 9.89 3.69
31.20 10.39 3.96
31.20 10.88 4.25
31.20 11.38 4.57
31.20 11.87 4.92
31.20 12.37 5.30
31.20 12.86 5.70
31.20 13.35 6.14
31.20 13.85 6.61
31.20 14.34 7.12
31.20 14.84 7.66
31.20 15.33 8.24
31.20 15.83 8.84
31.20 16.32 9.48
31.20 16.81 10.15
31.20 17.31 10.83
31.20 17.80 11.52
31.20 18.30 12.21
31.20 18.79 12.88
31.20 19.29 13.53
31.20 19.78 14.12
31.20 20.28 14.65
31.20 20.77 15.10
31.20 21.26 15.45
31.20 21.76 15.69
31.20 22.25 15.82
31.20 22.75 15.82
31.20 23.24 15.69
31.20 23.74 15.45
31.20 24.23 15.10
31.20 24.72 14.65
31.20 25.22 14.12
31.20 25.71 13.53
31.20 26.21 12.88
31.20 26.70 12.21
31.20 27.20 11.52
31.20 27.69 10.83
31.20 28.19 10.15
31.20 28.68 9.48
31.20 29.17 8.84
31.20 29.67 8.24
31.20 30.16 7.66
31.20 30.66 7.12
31.20 31.15 6.61
31.20 31.65 6.14
31.20 32.14 5.70
31.20 32.63 5.30
31.20 33.13 4.92
31.20 33.62 4.57
31.20 34.12 4.25
31.20 34.61 3.96
31.20 35.11 3.69
31.20 35.60 3.44
31.20 36.10 3.20
31.20 36.59 2.99
31.20 37.08 2.79
31.20 37.58 2.61
31.20 38.07 2.45
31.20 38.57 2.29
31.20 39.06 2.15
31.20 39.56 2.02
31.20 40.05 1.89
31.20 40.54 1.78
31.20 41.04 1.68
31.20 41.53 1.58
31.20 42.03 1.49
31.20 42.52 1.40
31.20 43.02 1.33
31.20 43.51 1.25
31.20 44.01 1.19
31.20 44.50 1.12
31.70 0.50 1.11
31.70 0.99 1.18
31.70 1.49 1.24
31.70 1.98 1.32
31.70 2.48 1.39
31.70 2.97 1.48
31.70 3.47 1.57
31.70 3.96 1.66
31.70 4.46 1.77
31.70 4.95 1.88
31.70 5.44 2.00
31.70 5.94 2.13
31.70 6.43 2.27
31.70 6.93 2.42
31.70 7.42 2.59
31.70 7.92 2.77
31.70 8.41 2.96
31.70 8.90 3.17
31.70 9.40 3.40
31.70 9.89 3.64
31.70 10.39 3.91
31.70 10.88 4.20
31.70 11.38 4.52
31.70 11.87 4.86
31.70 12.37 5.23
31.70 12.86 5.63
31.70 13.35 6.06
31.70 13.85 6.53
31.70 14.34 7.02
31.70 14.84 7.56
31.70 15.33 8.12
31.70 15.83 8.72
31.70 16.32 9.35
31.70 16.81 10.00
31.70 17.31 10.67
31.70 17.80 11.35
31.70 18.30 12.03
31.70 18.79 12.69
31.70 19.29 13.33
31.70 19.78 13.91
31.70 20.28 14.44
31.70 20.77 14.88
31.70 21.26 15.23
31.70 21.76 15.46
31.70 22.25 15.58
31.70 22.75 15.58
31.70 23.24 15.46
31.70 23.74 15.23
31.70 24.23 14.88
31.70 24.72 14.44
31.70 25.22 13.91
31.70 25.71 13.33
31.70 26.21 12.69
31.70 26.70 12.03
31.70 27.20 11.35
31.70 27.69 10.67
31.70 28.19 10.00
31.70 28.68 9.35
31.70 29.17 8.72
31.70 29.67 8.12
31.70 30.16 7.56
31.70 30.66 7.02
31.70 31.15 6.53
31.70 31.65 6.06
31.70 32.14 5.63
31.70 32.63 5.23
31.70 33.13 4.86
31.70 33.62 4.52
31.70 34.12 4.20
31.70 34.61 3.91
31.70 35.11 3.64
31.70 35.60 3.40
31.70 36.10 3.17
31.70 36.59 2.96
31.70 37.08 2.77
31.70 37.58 2.59
31.70 38.07 2.42
31.70 38.57 2.27
31.70 39.06 2.13
31.70 39.56 2.00
31.70 40.05 1.88
31.70 40.54 1.77
31.70 41.04 1.66
31.70 41.53 1.57
31.70 42.03 1.48
31.70 42.52 1.39
31.70 43.02 1.32
31.70 43.51 1.24
31.70 44.01 1.18
31.70 44.50 1.11
32.20 0.50 1.11
32.20 0.99 1.17
32.20 1.49 1.23
32.20 1.98 1.30
32.20 2.48 1.38
32.20 2.97 1.46
32.20 3.47 1.55
32.20 3.96 1.65
32.20 4.46 1.75
32.20 4.95 1.86
32.20 5.44 1.98
32.20 5.94 2.11
32.20 6.43 2.25
32.20 6.93 2.40
32.20 7.42 2.56
32.20 7.92 2.73
32.20 8.41 2.92
32.20 8.90 3.13
32.20 9.40 3.36
32.20 9.89 3.60
32.20 10.39 3.86
32.20 10.88 4.15
32.20 11.38 4.46
32.20 11.87 4.79
32.20 12.37 5.16
32.20 12.86 5.55
32.20 13.35 5.97
32.20 13.85 6.43
32.20 14.34 6.92
32.20 14.84 7.44
32.20 15.33 7.99
32.20 15.83 8.58
32.20 16.32 9.20
32.20 16.81 9.84
32.20 17.31 10.49
32.20 17.80 11.16
32.20 18.30 11.83
32.20 18.79 12.48
32.20 19.29 13.10
32.20 19.78 13.68
32.20 20.28 14.19
32.20 20.77 14.63
32.20 21.26 14.97
32.20 21.76 15.20
32.20 22.25 15.32
32.20 22.75 15.32
32.20 23.24 15.20
32.20 23.74 14.97
32.20 24.23 14.63
32.20 24.72 14.19
32.20 25.22 13.68
32.20 25.71 13.10
32.20 26.21 12.48
32.20 26.70 11.83
32.20 27.20 11.16
32.20 27.69 10.49
32.20 28.19 9.84
32.20 28.68 9.20
32.20 29.17 8.58
32.20 29.67 7.99
32.20 30.16 7.44
32.20 30.66 6.92
32.20 31.15 6.43
32.20 31.65 5.97
32.20 32.14 5.55
32.20 32.63 5.16
32.20 33.13 4.79
32.20 33.62 4.46
32.20 34.12 4.15
32.20 34.61 3.86
32.20 35.11 3.60
32.20 35.60 3.36
32.20 36.10 3.13
32.20 36.59 2.92
32.20 37.08 2.73
32.20 37.58 2.56
32.20 38.07 2.40
32.20 38.57 2.25
32.20 39.06 2.11
32.20 39.56 1.98
32.20 40.05 1.86
32.20 40.54 1.75
32.20 41.04 1.65
32.20 41.53 1.55
32.20 42.03 1.46
32.20 42.52 1.38
32.20 43.02 1.30
32.20 43.51 1.23
32.20 44.01 1.17
32.20 44.50 1.11
32.69 0.50 1.10
32.69 0.99 1.16
32.69 1.49 1.22
32.69 1.98 1.29
32.69 2.48 1.37
32.69 2.97 1.45
32.69 3.47 1.54
32.69 3.96 1.63
32.69 4.46 1.73
32.69 4.95 1.84
32.69 5.44 1.96
32.69 5.94 2.08
32.69 6.43 2.22
32.69 6.93 2.37
32.69 7.42 2.53
32.69 7.92 2.70
32.69 8.41 2.89
32.69 8.90 3.09
32.69 9.40 3.31
32.69 9.89 3.55
32.69 10.39 3.81
32.69 10.88 4.09
32.69 11.38 4.39
32.69 11.87 4.72
32.69 12.37 5.07
32.69 12.86 5.46
32.69 13.35 5.87
32.69 13.85 6.32
32.69 14.34 6.80
32.69 14.84 7.31
32.69 15.33 7.85
32.69 15.83 8.43
32.69 16.32 9.03
32.69 16.81 9.65
32.69 17.31 10.30
32.69 17.80 10.95
32.69 18.30 11.60
32.69 18.79 12.24
32.69 19.29 12.85
32.69 19.78 13.42
32.69 20.28 13.92
32.69 20.77 14.35
32.69 21.26 14.68
32.69 21.76 14.91
32.69 22.25 15.03
32.69 22.75 15.03
32.69 23.24 14.91
32.69 23.74 14.68
32.69 24.23 14.35
32.69 24.72 13.92
32.69 25.22 13.42
32.69 25.71 12.85
32.69 26.21 12.24
32.69 26.70 11.60
32.69 27.20 10.95
32.69 27.69 10.30
32.69 28.19 9.65
32.69 28.68 9.03
32.69 29.17 8.43
32.69 29.67 7.85
32.69 30.16 7.31
32.69 30.66 6.80
32.69 31.15 6.32
32.69 31.65 5.87
32.69 32.14 5.46
32.69 32.63 5.07
32.69 33.13 4.72
32.69 33.62 4.39
32.69 34.12 4.09
32.69 34.61 3.81
32.69 35.11 3.55
32.69 35.60 3.31
32.69 36.10 3.09
32.69 36.59 2.89
32.69 37.08 2.70
32.69 37.58 2.53
32.69 38.07 2.37
32.69 38.57 2.22
32.69 39.06 2.08
32.69 39.56 1.96
32.69 40.05 1.84
32.69 40.54 1.73
32.69 41.04 1.63
32.69 41.53 1.54
32.69 42.03 1.45
32.69 42.52 1.37
32.69 43.02 1.29
32.69 43.51 1.22
32.69 44.01 1.16
32.69 44.50 1.10
33.19 0.50 1.09
33.19 0.99 1.15
33.19 1.49 1.21
33.19 1.98 1.28
33.19 2.48 1.35
33.19 2.97 1.43
33.19 3.47 1.52
33.19 3.96 1.61
33.19 4.46 1.71
33.19 4.95 1.82
33.19 5.44 1.93
33.19 5.94 2.06
33.19 6.43 2.19
33.19 6.93 2.33
33.19 7.42 2.49
33.19 7.92 2.66
33.19 8.41 2.84
33.19 8.90 3.04
33.19 9.40 3.26
33.19 9.89 3.49
33.19 10.39 3.75
33.19 10.88 4.02
33.19 11.38 4.32
33.19 11.87 4.64
33.19 12.37 4.99
33.19 12.86 5.36
33.19 13.35 5.77
33.19 13.85 6.20
33.19 14.34 6.67
33.19 14.84 7.17
33.19 15.33 7.70
33.19 15.83 8.26
33.19 16.32 8.84
33.19 16.81 9.46
33.19 17.31 10.08
33.19 17.80 10.72
33.19 18.30 11.36
33.19 18.79 11.98
33.19 19.29 12.57
33.19 19.78 13.13
33.19 20.28 13.62
33.19 20.77 14.04
33.19 21.26 14.36
33.19 21.76 14.59
33.19 22.25 14.70
33.19 22.75 14.70
33.19 23.24 14.59
33.19 23.74 14.36
33.19 24.23 14.04
33.19 24.72 13.62
33.19 25.22 13.13
33.19 25.71 12.57
33.19 26.21 11.98
33.19 26.70 11.36
33.19 27.20 10.72
33.19 27.69 10.08
33.19 28.19 9.46
33.19 28.68 8.84
33.19 29.17 8.26
33.19 29.67 7.70
33.19 30.16 7.17
33.19 30.66 6.67
33.19 31.15 6.20
33.19 31.65 5.77
33.19 32.14 5.36
33.19 32.63 4.99
33.19 33.13 4.64
33.19 33.62 4.32
33.19 34.12 4.02
33.19 34.61 3.75
33.19 35.11 3.49
33.19 35.60 3.26
33.19 36.10 3.04
33.19 36.59 2.84
33.19 37.08 2.66
33.19 37.58 2.49
33.19 38.07 2.33
33.19 38.57 2.19
33.19 39.06 2.06
33.19 39.56 1.93
33.19 40.05 1.82
33.19 40.54 1.71
33.19 41.04 1.61
33.19 41.53 1.52
33.19 42.03 1.43
33.19 42.52 1.35
33.19 43.02 1.28
33.19 43.51 1.21
33.19 44.01 1.15
33.19 44.50 1.09
33.68 0.50 1.07
33.68 0.99 1.13
33.68 1.49 1.20
33.68 1.98 1.26
33.68 2.48 1.34
33.68 2.97 1.42
33.68 3.47 1.50
33.68 3.96 1.59
33.68 4.46 1.69
33.68 4.95 1.79
33.68 5.44 1.90
33.68 5.94 2.03
33.68 6.43 2.16
33.68 6.93 2.30
33.68 7.42 2.45
33.68 7.92 2.62
33.68 8.41 2.80
33.68 8.90 2.99
33.68 9.40 3.20
33.68 9.89 3.43
33.68 10.39 3.68
33.68 10.88 3.95
33.68 11.38 4.24
33.68 11.87 4.55
33.68 12.37 4.89
33.68 12.86 5.26
33.68 13.35 5.65
33.68 13.85 6.07
33.68 14.34 6.53
33.68 14.84 7.01
33.68 15.33 7.53
33.68 15.83 8.08
33.68 16.32 8.65
33.68 16.81 9.24
33.68 17.31 9.85
33.68 17.80 10.47
33.68 18.30 11.09
33.68 18.79 11.69
33.68 19.29 12.27
33.68 19.78 12.81
33.68 20.28 13.29
33.68 20.77 13.70
33.68 21.26 14.01
33.68 21.76 14.23
33.68 22.25 14.35
33.68 22.75 14.35
33.68 23.24 14.23
33.68 23.74 14.01
33.68 24.23 13.70
33.68 24.72 13.29
33.68 25.22 12.81
33.68 25.71 12.27
33.68 26.21 11.69
33.68 26.70 11.09
33.68 27.20 10.47
33.68 27.69 9.85
33.68 28.19 9.24
33.68 28.68 8.65
33.68 29.17 8.08
33.68 29.67 7.53
33.68 30.16 7.01
33.68 30.66 6.53
33.68 31.15 6.07
33.68 31.65 5.65
33.68 32.14 5.26
33.68 32.63 4.89
33.68 33.13 4.55
33.68 33.62 4.24
33.68 34.12 3.95
33.68 34.61 3.68
33.68 35.11 3.43
33.68 35.60 3.20
33.68 36.10 2.99
33.68 36.59 2.80
33.68 37.08 2.62
33.68 37.58 2.45
33.68 38.07 2.30
33.68 38.57 2.16
33.68 39.06 2.03
33.68 39.56 1.90
33.68 40.05 1.79
33.68 40.54 1.69
33.68 41.04 1.59
33.68 41.53 1.50
33.68 42.03 1.42
33.68 42.52 1.34
33.68 43.02 1.26
33.68 43.51 1.20
33.68 44.01 1.13
33.68 44.50 1.07
34.18 0.50 1.06
34.18 0.99 1.12
34.18 1.49 1.18
34.18 1.98 1.25
34.18 2.48 1.32
34.18 2.97 1.40
34.18 3.47 1.48
34.18 3.96 1.57
34.18 4.46 1.66
34.18 4.95 1.77
34.18 5.44 1.88
34.18 5.94 2.00
34.18 6.43 2.12
34.18 6.93 2.26
34.18 7.42 2.41
34.18 7.92 2.58
34.18 8.41 2.75
34.18 8.90 2.94
34.18 9.40 3.15
34.18 9.89 3.37
34.18 10.39 3.61
34.18 10.88 3.87
34.18 11.38 4.15
34.18 11.87 4.46
34.18 12.37 4.79
34.18 12.86 5.14
34.18 13.35 5.53
34.18 13.85 5.94
34.18 14.34 6.38
34.18 14.84 6.85
34.18 15.33 7.35
34.18 15.83 7.88
34.18 16.32 8.43
34.18 16.81 9.01
34.18 17.31 9.60
34.18 17.80 10.20
34.18 18.30 10.80
34.18 18.79 11.39
34.18 19.29 11.95
34.18 19.78 12.47
34.18 20.28 12.93
34.18 20.77 13.33
34.18 21.26 13.64
34.18 21.76 13.85
34.18 22.25 13.96
34.18 22.75 13.96
34.18 23.24 13.85
34.18 23.74 13.64
34.18 24.23 13.33
34.18 24.72 12.93
34.18 25.22 12.47
34.18 25.71 11.95
34.18 26.21 11.39
34.18 26.70 10.80
34.18 27.20 10.20
34.18 27.69 9.60
34.18 28.19 9.01
34.18 28.68 8.43
34.18 29.17 7.88
34.18 29.67 7.35
34.18 30.16 6.85
34.18 30.66 6.38
34.18 31.15 5.94
34.18 31.65 5.53
34.18 32.14 5.14
34.18 32.63 4.79
34.18 33.13 4.46
34.18 33.62 4.15
34.18 34.12 3.87
34.18 34.61 3.61
34.18 35.11 3.37
34.18 35.60 3.15
34.18 36.10 2.94
34.18 36.59 2.75
34.18 37.08 2.58
34.18 37.58 2.41
34.18 38.07 2.26
34.18 38.57 2.12
34.18 39.06 2.00
34.18 39.56 1.88
34.18 40.05 1.77
34.18 40.54 1.66
34.18 41.04 1.57
34.18 41.53 1.48
34.18 42.03 1.40
34.18 42.52 1.32
34.18 43.02 1.25
34.18 43.51 1.18
34.18 44.01 1.12
34.18 44.50 1.06
34.67 0.50 1.05
34.67 0.99 1.11
34.67 1.49 1.17
34.67 1.98 1.23
34.67 2.48 1.30
34.67 2.97 1.38
34.67 3.47 1.46
34.67 3.96 1.55
34.67 4.46 1.64
34.67 4.95 1.74
34.67 5.44 1.85
34.67 5.94 1.96
34.67 6.43 2.09
34.67 6.93 2.23
34.67 7.42 2.37
34.67 7.92 2.53
34.67 8.41 2.70
34.67 8.90 2.89
34.67 9.40 3.09
34.67 9.89 3.30
34.67 10.39 3.54
34.67 10.88 3.79
34.67 11.38 4.06
34.67 11.87 4.36
34.67 12.37 4.68
34.67 12.86 5.02
34.67 13.35 5.40
34.67 13.85 5.80
34.67 14.34 6.22
34.67 14.84 6.68
34.67 15.33 7.16
34.67 15.83 7.67
34.67 16.32 8.21
34.67 16.81 8.76
34.67 17.31 9.33
34.67 17.80 9.91
34.67 18.30 10.49
34.67 18.79 11.06
34.67 19.29 11.60
34.67 19.78 12.10
34.67 20.28 12.55
34.67 20.77 12.94
34.67 21.26 13.23
34.67 21.76 13.44
34.67 22.25 13.55
34.67 22.75 13.55
34.67 23.24 13.44
34.67 23.74 13.23
34.67 24.23 12.94
34.67 24.72 12.55
34.67 25.22 12.10
34.67 25.71 11.60
34.67 26.21 11.06
34.67 26.70 10.49
34.67 27.20 9.91
34.67 27.69 9.33
34.67 28.19 8.76
34.67 28.68 8.21
34.67 29.17 7.67
34.67 29.67 7.16
34.67 30.16 6.68
34.67 30.66 6.22
34.67 31.15 5.80
34.67 31.65 5.40
34.67 32.14 5.02
34.67 32.63 4.68
34.67 33.13 4.36
34.67 33.62 4.06
34.67 34.12 3.79
34.67 34.61 3.54
34.67 35.11 3.30
34.67 35.60 3.09
34.67 36.10 2.89
34.67 36.59 2.70
34.67 37.08 2.53
34.67 37.58 2.37
34.67 38.07 2.23
34.67 38.57 2.09
34.67 39.06 1.96
34.67 39.56 1.85
34.67 40.05 1.74
34.67 40.54 1.64
34.67 41.04 1.55
34.67 41.53 1.46
34.67 42.03 1.38
34.67 42.52 1.30
34.67 43.02 1.23
34.67 43.51 1.17
34.67 44.01 1.11
34.67 44.50 1.05
35.17 0.50 1.04
35.17 0.99 1.09
35.17 1.49 1.15
35.17 1.98 1.22
35.17 2.48 1.28
35.17 2.97 1.36
35.17 3.47 1.44
35.17 3.96 1.52
35.17 4.46 1.61
35.17 4.95 1.71
35.17 5.44 1.82
35.17 5.94 1.93
35.17 6.43 2.05
35.17 6.93 2.18
35.17 7.42 2.33
35.17 7.92 2.48
35.17 8.41 2.65
35.17 8.90 2.83
35.17 9.40 3.02
35.17 9.89 3.23
35.17 10.39 3.46
35.17 10.88 3.70
35.17 11.38 3.97
35.17 11.87 4.26
35.17 12.37 4.57
35.17 12.86 4.90
35.17 13.35 5.26
35.17 13.85 5.64
35.17 14.34 6.06
35.17 14.84 6.50
35.17 15.33 6.96
35.17 15.83 7.45
35.17 16.32 7.97
35.17 16.81 8.50
35.17 17.31 9.05
35.17 17.80 9.61
35.17 18.30 10.17
35.17 18.79 10.71
35.17 19.29 11.23
35.17 19.78 11.72
35.17 20.28 12.15
35.17 20.77 12.52
35.17 21.26 12.81
35.17 21.76 13.00
35.17 22.25 13.11
35.17 22.75 13.11
35.17 23.24 13.00
35.17 23.74 12.81
35.17 24.23 12.52
35.17 24.72 12.15
35.17 25.22 11.72
35.17 25.71 11.23
35.17 26.21 10.71
35.17 26.70 10.17
35.17 27.20 9.61
35.17 27.69 9.05
35.17 28.19 8.50
35.17 28.68 7.97
35.17 29.17 7.45
35.17 29.67 6.96
35.17 30.16 6.50
35.17 30.66 6.06
35.17 31.15 5.64
35.17 31.65 5.26
35.17 32.14 4.90
35.17 32.63 4.57
35.17 33.13 4.26
35.17 33.62 3.97
35.17 34.12 3.70
35.17 34.61 3.46
35.17 35.11 3.23
35.17 35.60 3.02
35.17 36.10 2.83
35.17 36.59 2.65
35.17 37.08 2.48
35.17 37.58 2.33
35.17 38.07 2.18
35.17 38.57 2.05
35.17 39.06 1.93
35.17 39.56 1.82
35.17 40.05 1.71
35.17 40.54 1.61
35.17 41.04 1.52
35.17 41.53 1.44
35.17 42.03 1.36
35.17 42.52 1.28
35.17 43.02 1.22
35.17 43.51 1.15
35.17 44.01 1.09
35.17 44.50 1.04
35.66 0.50 1.02
35.66 0.99 1.08
35.66 1.49 1.14
35.66 1.98 1.20
35.66 2.48 1.26
35.66 2.97 1.34
35.66 3.47 1.41
35.66 3.96 1.50
35.66 4.46 1.59
35.66 4.95 1.68
35.66 5.44 1.78
35.66 5.94 1.89
35.66 6.43 2.01
35.66 6.93 2.14
35.66 7.42 2.28
35.66 7.92 2.43
35.66 8.41 2.59
35.66 8.90 2.77
35.66 9.40 2.95
35.66 9.89 3.16
35.66 10.39 3.38
35.66 10.88 3.62
35.66 11.38 3.87
35.66 11.87 4.15
35.66 12.37 4.45
35.66 12.86 4.77
35.66 13.35 5.12
35.66 13.85 5.49
35.66 14.34 5.88
35.66 14.84 6.31
35.66 15.33 6.75
35.66 15.83 7.23
35.66 16.32 7.72
35.66 16.81 8.23
35.66 17.31 8.76
35.66 17.80 9.29
35.66 18.30 9.83
35.66 18.79 10.35
35.66 19.29 10.85
35.66 19.78 11.31
35.66 20.28 11.72
35.66 20.77 12.08
35.66 21.26 12.35
35.66 21.76 12.54
35.66 22.25 12.64
35.66 22.75 12.64
35.66 23.24 12.54
35.66 23.74 12.35
35.66 24.23 12.08
35.66 24.72 11.72
35.66 25.22 11.31
35.66 25.71 10.85
35.66 26.21 10.35
35.66 26.70 9.83
35.66 27.20 9.29
35.66 27.69 8.76
35.66 28.19 8.23
35.66 28.68 7.72
35.66 29.17 7.23
35.66 29.67 6.75
35.66 30.16 6.31
35.66 30.66 5.88
35.66 31.15 5.49
35.66 31.65 5.12
35.66 32.14 4.77
35.66 32.63 4.45
35.66 33.13 4.15
35.66 33.62 3.87
35.66 34.12 3.62
35.66 34.61 3.38
35.66 35.11 3.16
35.66 35.60 2.95
35.66 36.10 2.77
35.66 36.59 2.59
35.66 37.08 2.43
35.66 37.58 2.28
35.66 38.07 2.14
35.66 38.57 2.01
35.66 39.06 1.89
35.66 39.56 1.78
35.66 40.05 1.68
35.66 40.54 1.59
35.66 41.04 1.50
35.66 41.53 1.41
35.66 42.03 1.34
35.66 42.52 1.26
35.66 43.02 1.20
35.66 43.51 1.14
35.66 44.01 1.08
35.66 44.50 1.02
36.16 0.50 1.01
36.16 0.99 1.06
36.16 1.49 1.12
36.16 1.98 1.18
36.16 2.48 1.24
36.16 2.97 1.31
36.16 3.47 1.39
36.16 3.96 1.47
36.16 4.46 1.56
36.16 4.95 1.65
36.16 5.44 1.75
36.16 5.94 1.86
36.16 6.43 1.97
36.16 6.93 2.10
36.16 7.42 2.23
36.16 7.92 2.38
36.16 8.41 2.53
36.16 8.90 2.70
36.16 9.40 2.88
36.16 9.89 3.08
36.16 10.39 3.29
36.16 10.88 3.52
36.16 11.38 3.77
36.16 11.87 4.04
36.16 12.37 4.32
36.16 12.86 4.63
36.16 13.35 4.97
36.16 13.85 5.32
36.16 14.34 5.70
36.16 14.84 6.11
36.16 15.33 6.54
36.16 15.83 6.99
36.16 16.32 7.46
36.16 16.81 7.95
36.16 17.31 8.45
36.16 17.80 8.96
36.16 18.30 9.47
36.16 18.79 9.97
36.16 19.29 10.44
36.16 19.78 10.89
36.16 20.28 11.28
36.16 20.77 11.62
36.16 21.26 11.88
36.16 21.76 12.06
36.16 22.25 12.15
36.16 22.75 12.15
36.16 23.24 12.06
36.16 23.74 11.88
36.16 24.23 11.62
36.16 24.72 11.28
36.16 25.22 10.89
36.16 25.71 10.44
36.16 26.21 9.97
36.16 26.70 9.47
36.16 27.20 8.96
36.16 27.69 8.45
36.16 28.19 7.95
36.16 28.68 7.46
36.16 29.17 6.99
36.16 29.67 6.54
36.16 30.16 6.11
36.16 30.66 5.70
36.16 31.15 5.32
36.16 31.65 4.97
36.16 32.14 4.63
36.16 32.63 4.32
36.16 33.13 4.04
36.16 33.62 3.77
36.16 34.12 3.52
36.16 34.61 3.29
36.16 35.11 3.08
36.16 35.60 2.88
36.16 36.10 2.70
36.16 36.59 2.53
36.16 37.08 2.38
36.16 37.58 2.23
36.16 38.07 2.10
36.16 38.57 1.97
36.16 39.06 1.86
36.16 39.56 1.75
36.16 40.05 1.65
36.16 40.54 1.56
36.16 41.04 1.47
36.16 41.53 1.39
36.16 42.03 1.31
36.16 42.52 1.24
36.16 43.02 1.18
36.16 43.51 1.12
36.16 44.01 1.06
36.16 44.50 1.01
36.65 0.50 0.99
36.65 0.99 1.04
36.65 1.49 1.10
36.65 1.98 1.16
36.65 2.48 1.22
36.65 2.97 1.29
36.65 3.47 1.37
36.65 3.96 1.44
36.65 4.46 1.53
36.65 4.95 1.62
36.65 5.44 1.72
36.65 5.94 1.82
36.65 6.43 1.93
36.65 6.93 2.05
36.65 7.42 2.18
36.65 7.92 2.32
36.65 8.41 2.47
36.65 8.90 2.64
36.65 9.40 2.81
36.65 9.89 3.00
36.65 10.39 3.21
36.65 10.88 3.43
36.65 11.38 3.67
36.65 11.87 3.92
36.65 12.37 4.20
36.65 12.86 4.49
36.65 13.35 4.81
36.65 13.85 5.15
36.65 14.34 5.52
36.65 14.84 5.90
36.65 15.33 6.31
36.65 15.83 6.74
36.65 16.32 7.19
36.65 16.81 7.66
36.65 17.31 8.14
36.65 17.80 8.62
36.65 18.30 9.11
36.65 18.79 9.58
36.65 19.29 10.03
36.65 19.78 10.45
36.65 20.28 10.82
36.65 20.77 11.14
36.65 21.26 11.39
36.65 21.76 11.56
36.65 22.25 11.65
36.65 22.75 11.65
36.65 23.24 11.56
36.65 23.74 11.39
36.65 24.23 11.14
36.65 24.72 10.82
36.65 25.22 10.45
36.65 25.71 10.03
36.65 26.21 9.58
36.65 26.70 9.11
36.65 27.20 8.62
36.65 27.69 8.14
36.65 28.19 7.66
36.65 28.68 7.19
36.65 29.17 6.74
36.65 29.67 6.31
36.65 30.16 5.90
36.65 30.66 5.52
36.65 31.15 5.15
36.65 31.65 4.81
36.65 32.14 4.49
36.65 32.63 4.20
36.65 33.13 3.92
36.65 33.62 3.67
36.65 34.12 3.43
36.65 34.61 3.21
36.65 35.11 3.00
36.65 35.60 2.81
36.65 36.10 2.64
36.65 36.59 2.47
36.65 37.08 2.32
36.65 37.58 2.18
36.65 38.07 2.05
36.65 38.57 1.93
36.65 39.06 1.82
36.65 39.56 1.72
36.65 40.05 1.62
36.65 40.54 1.53
36.65 41.04 1.44
36.65 41.53 1.37
36.65 42.03 1.29
36.65 42.52 1.22
36.65 43.02 1.16
36.65 43.51 1.10
36.65 44.01 1.04
36.65 44.50 0.99
37.15 0.50 0.98
37.15 0.99 1.03
37.15 1.49 1.08
37.15 1.98 1.14
37.15 2.48 1.20
37.15 2.97 1.27
37.15 3.47 1.34
37.15 3.96 1.42
37.15 4.46 1.50
37.15 4.95 1.59
37.15 5.44 1.68
37.15 5.94 1.78
37.15 6.43 1.89
37.15 6.93 2.01
37.15 7.42 2.13
37.15 7.92 2.27
37.15 8.41 2.41
37.15 8.90 2.57
37.15 9.40 2.74
37.15 9.89 2.92
37.15 10.39 3.12
37.15 10.88 3.33
37.15 11.38 3.56
37.15 11.87 3.80
37.15 12.37 4.07
37.15 12.86 4.35
37.15 13.35 4.66
37.15 13.85 4.98
37.15 14.34 5.33
37.15 14.84 5.70
37.15 15.33 6.08
37.15 15.83 6.49
37.15 16.32 6.92
37.15 16.81 7.36
37.15 17.31 7.82
37.15 17.80 8.27
37.15 18.30 8.73
37.15 18.79 9.18
37.15 19.29 9.60
37.15 19.78 10.00
37.15 20.28 10.35
37.15 20.77 10.65
37.15 21.26 10.88
37.15 21.76 11.05
37.15 22.25 11.13
37.15 22.75 11.13
37.15 23.24 11.05
37.15 23.74 10.88
37.15 24.23 10.65
37.15 24.72 10.35
37.15 25.22 10.00
37.15 25.71 9.60
37.15 26.21 9.18
37.15 26.70 8.73
37.15 27.20 8.27
37.15 27.69 7.82
37.15 28.19 7.36
37.15 28.68 6.92
37.15 29.17 6.49
37.15 29.67 6.08
37.15 30.16 5.70
37.15 30.66 5.33
37.15 31.15 4.98
37.15 31.65 4.66
37.15 32.14 4.35
37.15 32.63 4.07
37.15 33.13 3.80
37.15 33.62 3.56
37.15 34.12 3.33
37.15 34.61 3.12
37.15 35.11 2.92
37.15 35.60 2.74
37.15 36.10 2.57
37.15 36.59 2.41
37.15 37.08 2.27
37.15 37.58 2.13
37.15 38.07 2.01
37.15 38.57 1.89
37.15 39.06 1.78
37.15 39.56 1.68
37.15 40.05 1.59
37.15 40.54 1.50
37.15 41.04 1.42
37.15 41.53 1.34
37.15 42.03 1.27
37.15 42.52 1.20
37.15 43.02 1.14
37.15 43.51 1.08
37.15 44.01 1.03
37.15 44.50 0.98
37.64 0.50 0.96
37.64 0.99 1.01
37.64 1.49 1.06
37.64 1.98 1.12
37.64 2.48 1.18
37.64 2.97 1.24
37.64 3.47 1.31
37.64 3.96 1.39
37.64 4.46 1.47
37.64 4.95 1.55
37.64 5.44 1.64
37.64 5.94 1.74
37.64 6.43 1.85
37.64 6.93 1.96
37.64 7.42 2.08
37.64 7.92 2.21
37.64 8.41 2.35
37.64 8.90 2.50
37.64 9.40 2.66
37.64 9.89 2.84
37.64 10.39 3.03
37.64 10.88 3.23
37.64 11.38 3.45
37.64 11.87 3.68
37.64 12.37 3.94
37.64 12.86 4.21
37.64 13.35 4.50
37.64 13.85 4.80
37.64 14.34 5.13
37.64 14.84 5.48
37.64 15.33 5.85
37.64 15.83 6.24
37.64 16.32 6.64
37.64 16.81 7.06
37.64 17.31 7.49
37.64 17.80 7.92
37.64 18.30 8.35
37.64 18.79 8.77
37.64 19.29 9.17
37.64 19.78 9.54
37.64 20.28 9.87
37.64 20.77 10.15
37.64 21.26 10.37
37.64 21.76 10.52
37.64 22.25 10.60
37.64 22.75 10.60
37.64 23.24 10.52
37.64 23.74 10.37
37.64 24.23 10.15
37.64 24.72 9.87
37.64 25.22 9.54
37.64 25.71 9.17
37.64 26.21 8.77
37.64 26.70 8.35
37.64 27.20 7.92
37.64 27.69 7.49
37.64 28.19 7.06
37.64 28.68 6.64
37.64 29.17 6.24
37.64 29.67 5.85
37.64 30.16 5.48
37.64 30.66 5.13
37.64 31.15 4.80
37.64 31.65 4.50
37.64 32.14 4.21
37.64 32.63 3.94
37.64 33.13 3.68
37.64 33.62 3.45
37.64 34.12 3.23
37.64 34.61 3.03
37.64 35.11 2.84
37.64 35.60 2.66
37.64 36.10 2.50
37.64 36.59 2.35
37.64 37.08 2.21
37.64 37.58 2.08
37.64 38.07 1.96
37.64 38.57 1.85
37.64 39.06 1.74
37.64 39.56 1.64
37.64 40.05 1.55
37.64 40.54 1.47
37.64 41.04 1.39
37.64 41.53 1.31
37.64 42.03 1.24
37.64 42.52 1.18
37.64 43.02 1.12
37.64 43.51 1.06
37.64 44.01 1.01
37.64 44.50 0.96
38.14 0.50 0.94
38.14 0.99 0.99
38.14 1.49 1.04
38.14 1.98 1.10
38.14 2.48 1.16
38.14 2.97 1.22
38.14 3.47 1.29
38.14 3.96 1.36
38.14 4.46 1.43
38.14 4.95 1.52
38.14 5.44 1.61
38.14 5.94 1.70
38.14 6.43 1.80
38.14 6.93 1.91
38.14 7.42 2.03
38.14 7.92 2.15
38.14 8.41 2.29
38.14 8.90 2.43
38.14 9.40 2.59
38.14 9.89 2.76
38.14 10.39 2.94
38.14 10.88 3.13
38.14 11.38 3.34
38.14 11.87 3.56
38.14 12.37 3.80
38.14 12.86 4.06
38.14 13.35 4.33
38.14 13.85 4.63
38.14 14.34 4.94
38.14 14.84 5.27
38.14 15.33 5.62
38.14 15.83 5.98
38.14 16.32 6.36
38.14 16.81 6.75
38.14 17.31 7.16
38.14 17.80 7.56
38.14 18.30 7.96
38.14 18.79 8.35
38.14 19.29 8.73
38.14 19.78 9.07
38.14 20.28 9.38
38.14 20.77 9.65
38.14 21.26 9.85
38.14 21.76 9.99
38.14 22.25 10.06
38.14 22.75 10.06
38.14 23.24 9.99
38.14 23.74 9.85
38.14 24.23 9.65
38.14 24.72 9.38
38.14 25.22 9.07
38.14 25.71 8.73
38.14 26.21 8.35
38.14 26.70 7.96
38.14 27.20 7.56
38.14 27.69 7.16
38.14 28.19 6.75
38.14 28.68 6.36
38.14 29.17 5.98
38.14 29.67 5.62
38.14 30.16 5.27
38.14 30.66 4.94
38.14 31.15 4.63
38.14 31.65 4.33
38.14 32.14 4.06
38.14 32.63 3.80
38.14 33.13 3.56
38.14 33.62 3.34
38.14 34.12 3.13
38.14 34.61 2.94
38.14 35.11 2.76
38.14 35.60 2.59
38.14 36.10 2.43
38.14 36.59 2.29
38.14 37.08 2.15
38.14 37.58 2.03
38.14 38.07 1.91
38.14 38.57 1.80
38.14 39.06 1.70
38.14 39.56 1.61
38.14 40.05 1.52
38.14 40.54 1.43
38.14 41.04 1.36
38.14 41.53 1.29
38.14 42.03 1.22
38.14 42.52 1.16
38.14 43.02 1.10
38.14 43.51 1.04
38.14 44.01 0.99
38.14 44.50 0.94
38.63 0.50 0.93
38.63 0.99 0.97
38.63 1.49 1.02
38.63 1.98 1.08
38.63 2.48 1.13
38.63 2.97 1.19
38.63 3.47 1.26
38.63 3.96 1.33
38.63 4.46 1.40
38.63 4.95 1.48
38.63 5.44 1.57
38.63 5.94 1.66
38.63 6.43 1.76
38.63 6.93 1.86
38.63 7.42 1.97
38.63 7.92 2.09
38.63 8.41 2.22
38.63 8.90 2.36
38.63 9.40 2.51
38.63 9.89 2.67
38.63 10.39 2.84
38.63 10.88 3.03
38.63 11.38 3.23
38.63 11.87 3.44
38.63 12.37 3.67
38.63 12.86 3.91
38.63 13.35 4.17
38.63 13.85 4.45
38.63 14.34 4.74
38.63 14.84 5.05
38.63 15.33 5.38
38.63 15.83 5.72
38.63 16.32 6.08
38.63 16.81 6.45
38.63 17.31 6.82
38.63 17.80 7.20
38.63 18.30 7.57
38.63 18.79 7.94
38.63 19.29 8.29
38.63 19.78 8.61
38.63 20.28 8.90
38.63 20.77 9.14
38.63 21.26 9.33
38.63 21.76 9.46
38.63 22.25 9.53
38.63 22.75 9.53
38.63 23.24 9.46
38.63 23.74 9.33
38.63 24.23 9.14
38.63 24.72 8.90
38.63 25.22 8.61
38.63 25.71 8.29
38.63 26.21 7.94
38.63 26.70 7.57
38.63 27.20 7.20
38.63 27.69 6.82
38.63 28.19 6.45
38.63 28.68 6.08
38.63 29.17 5.72
38.63 29.67 5.38
38.63 30.16 5.05
38.63 30.66 4.74
38.63 31.15 4.45
38.63 31.65 4.17
38.63 32.14 3.91
38.63 32.63 3.67
38.63 33.13 3.44
38.63 33.62 3.23
38.63 34.12 3.03
38.63 34.61 2.84
38.63 35.11 2.67
38.63 35.60 2.51
38.63 36.10 2.36
38.63 36.59 2.22
38.63 37.08 2.09
38.63 37.58 1.97
38.63 38.07 1.86
38.63 38.57 1.76
38.63 39.06 1.66
38.63 39.56 1.57
38.63 40.05 1.48
38.63 40.54 1.40
38.63 41.04 1.33
38.63 41.53 1.26
38.63 42.03 1.19
38.63 42.52 1.13
38.63 43.02 1.08
38.63 43.51 1.02
38.63 44.01 0.97
38.63 44.50 0.93
39.13 0.50 0.91
39.13 0.99 0.95
39.13 1.49 1.00
39.13 1.98 1.05
39.13 2.48 1.11
39.13 2.97 1.17
39.13 3.47 1.23
39.13 3.96 1.30
39.13 4.46 1.37
39.13 4.95 1.45
39.13 5.44 1.53
39.13 5.94 1.62
39.13 6.43 1.71
39.13 6.93 1.81
39.13 7.42 1.92
39.13 7.92 2.03
39.13 8.41 2.16
39.13 8.90 2.29
39.13 9.40 2.43
39.13 9.89 2.58
39.13 10.39 2.75
39.13 10.88 2.92
39.13 11.38 3.11
39.13 11.87 3.31
39.13 12.37 3.53
39.13 12.86 3.76
39.13 13.35 4.01
39.13 13.85 4.27
39.13 14.34 4.54
39.13 14.84 4.83
39.13 15.33 5.14
39.13 15.83 5.46
39.13 16.32 5.80
39.13 16.81 6.14
39.13 17.31 6.49
39.13 17.80 6.84
39.13 18.30 7.19
39.13 18.79 7.53
39.13 19.29 7.85
39.13 19.78 8.15
39.13 20.28 8.41
39.13 20.77 8.63
39.13 21.26 8.81
39.13 21.76 8.93
39.13 22.25 8.99
39.13 22.75 8.99
39.13 23.24 8.93
39.13 23.74 8.81
39.13 24.23 8.63
39.13 24.72 8.41
39.13 25.22 8.15
39.13 25.71 7.85
39.13 26.21 7.53
39.13 26.70 7.19
39.13 27.20 6.84
39.13 27.69 6.49
39.13 28.19 6.14
39.13 28.68 5.80
39.13 29.17 5.46
39.13 29.67 5.14
39.13 30.16 4.83
39.13 30.66 4.54
39.13 31.15 4.27
39.13 31.65 4.01
39.13 32.14 3.76
39.13 32.63 3.53
39.13 33.13 3.31
39.13 33.62 3.11
39.13 34.12 2.92
39.13 34.61 2.75
39.13 35.11 2.58
39.13 35.60 2.43
39.13 36.10 2.29
39.13 36.59 2.16
39.13 37.08 2.03
39.13 37.58 1.92
39.13 38.07 1.81
39.13 38.57 1.71
39.13 39.06 1.62
39.13 39.56 1.53
39.13 40.05 1.45
39.13 40.54 1.37
39.13 41.04 1.30
39.13 41.53 1.23
39.13 42.03 1.17
39.13 42.52 1.11
39.13 43.02 1.05
39.13 43.51 1.00
39.13 44.01 0.95
39.13 44.50 0.91
39.62 0.50 0.89
39.62 0.99 0.93
39.62 1.49 0.98
39.62 1.98 1.03
39.62 2.48 1.09
39.62 2.97 1.14
39.62 3.47 1.20
39.62 3.96 1.27
39.62 4.46 1.34
39.62 4.95 1.41
39.62 5.44 1.49
39.62 5.94 1.57
39.62 6.43 1.66
39.62 6.93 1.76
39.62 7.42 1.86
39.62 7.92 1.97
39.62 8.41 2.09
39.62 8.90 2.22
39.62 9.40 2.35
39.62 9.89 2.50
39.62 10.39 2.65
39.62 10.88 2.82
39.62 11.38 3.00
39.62 11.87 3.19
39.62 12.37 3.39
39.62 12.86 3.61
39.62 13.35 3.84
39.62 13.85 4.09
39.62 14.34 4.35
39.62 14.84 4.62
39.62 15.33 4.91
39.62 15.83 5.21
39.62 16.32 5.52
39.62 16.81 5.83
39.62 17.31 6.16
39.62 17.80 6.48
39.62 18.30 6.80
39.62 18.79 7.12
39.62 19.29 7.41
39.62 19.78 7.69
39.62 20.28 7.93
39.62 20.77 8.14
39.62 21.26 8.30
39.62 21.76 8.41
39.62 22.25 8.46
39.62 22.75 8.46
39.62 23.24 8.41
39.62 23.74 8.30
39.62 24.23 8.14
39.62 24.72 7.93
39.62 25.22 7.69
39.62 25.71 7.41
39.62 26.21 7.12
39.62 26.70 6.80
39.62 27.20 6.48
39.62 27.69 6.16
39.62 28.19 5.83
39.62 28.68 5.52
39.62 29.17 5.21
39.62 29.67 4.91
39.62 30.16 4.62
39.62 30.66 4.35
39.62 31.15 4.09
39.62 31.65 3.84
39.62 32.14 3.61
39.62 32.63 3.39
39.62 33.13 3.19
39.62 33.62 3.00
39.62 34.12 2.82
39.62 34.61 2.65
39.62 35.11 2.50
39.62 35.60 2.35
39.62 36.10 2.22
39.62 36.59 2.09
39.62 37.08 1.97
39.62 37.58 1.86
39.62 38.07 1.76
39.62 38.57 1.66
39.62 39.06 1.57
39.62 39.56 1.49
39.62 40.05 1.41
39.62 40.54 1.34
39.62 41.04 1.27
39.62 41.53 1.20
39.62 42.03 1.14
39.62 42.52 1.09
39.62 43.02 1.03
39.62 43.51 0.98
39.62 44.01 0.93
39.62 44.50 0.89
40.12 0.50 0.87
40.12 0.99 0.91
40.12 1.49 0.96
40.12 1.98 1.01
40.12 2.48 1.06
40.12 2.97 1.12
40.12 3.47 1.17
40.12 3.96 1.24
40.12 4.46 1.30
40.12 4.95 1.37
40.12 5.44 1.45
40.12 5.94 1.53
40.12 6.43 1.62
40.12 6.93 1.71
40.12 7.42 1.81
40.12 7.92 1.91
40.12 8.41 2.02
40.12 8.90 2.15
40.12 9.40 2.27
40.12 9.89 2.41
40.12 10.39 2.56
40.12 10.88 2.72
40.12 11.38 2.89
40.12 11.87 3.07
40.12 12.37 3.26
40.12 12.86 3.46
40.12 13.35 3.68
40.12 13.85 3.91
40.12 14.34 4.15
40.12 14.84 4.40
40.12 15.33 4.67
40.12 15.83 4.95
40.12 16.32 5.24
40.12 16.81 5.53
40.12 17.31 5.83
40.12 17.80 6.13
40.12 18.30 6.43
40.12 18.79 6.71
40.12 19.29 6.99
40.12 19.78 7.24
40.12 20.28 7.46
40.12 20.77 7.65
40.12 21.26 7.79
40.12 21.76 7.89
40.12 22.25 7.95
40.12 22.75 7.95
40.12 23.24 7.89
40.12 23.74 7.79
40.12 24.23 7.65
40.12 24.72 7.46
40.12 25.22 7.24
40.12 25.71 6.99
40.12 26.21 6.71
40.12 26.70 6.43
40.12 27.20 6.13
40.12 27.69 5.83
40.12 28.19 5.53
40.12 28.68 5.24
40.12 29.17 4.95
40.12 29.67 4.67
40.12 30.16 4.40
40.12 30.66 4.15
40.12 31.15 3.91
40.12 31.65 3.68
40.12 32.14 3.46
40.12 32.63 3.26
40.12 33.13 3.07
40.12 33.62 2.89
40.12 34.12 2.72
40.12 34.61 2.56
40.12 35.11 2.41
40.12 35.60 2.27
40.12 36.10 2.15
40.12 36.59 2.02
40.12 37.08 1.91
40.12 37.58 1.81
40.12 38.07 1.71
40.12 38.57 1.62
40.12 39.06 1.53
40.12 39.56 1.45
40.12 40.05 1.37
40.12 40.54 1.30
40.12 41.04 1.24
40.12 41.53 1.17
40.12 42.03 1.12
40.12 42.52 1.06
40.12 43.02 1.01
40.12 43.51 0.96
40.12 44.01 0.91
40.12 44.50 0.87
40.61 0.50 0.85
40.61 0.99 0.90
40.61 1.49 0.94
40.61 1.98 0.99
40.61 2.48 1.04
40.61 2.97 1.09
40.61 3.47 1.15
40.61 3.96 1.21
40.61 4.46 1.27
40.61 4.95 1.34
40.61 5.44 1.41
40.61 5.94 1.49
40.61 6.43 1.57
40.61 6.93 1.66
40.61 7.42 1.75
40.61 7.92 1.85
40.61 8.41 1.96
40.61 8.90 2.07
40.61 9.40 2.20
40.61 9.89 2.33
40.61 10.39 2.47
40.61 10.88 2.61
40.61 11.38 2.77
40.61 11.87 2.94
40.61 12.37 3.12
40.61 12.86 3.31
40.61 13.35 3.52
40.61 13.85 3.73
40.61 14.34 3.96
40.61 14.84 4.19
40.61 15.33 4.44
40.61 15.83 4.70
40.61 16.32 4.96
40.61 16.81 5.24
40.61 17.31 5.51
40.61 17.80 5.79
40.61 18.30 6.06
40.61 18.79 6.32
40.61 19.29 6.57
40.61 19.78 6.80
40.61 20.28 7.00
40.61 20.77 7.17
40.61 21.26 7.30
40.61 21.76 7.39
40.61 22.25 7.44
40.61 22.75 7.44
40.61 23.24 7.39
40.61 23.74 7.30
40.61 24.23 7.17
40.61 24.72 7.00
40.61 25.22 6.80
40.61 25.71 6.57
40.61 26.21 6.32
40.61 26.70 6.06
40.61 27.20 5.79
40.61 27.69 5.51
40.61 28.19 5.24
40.61 28.68 4.96
40.61 29.17 4.70
40.61 29.67 4.44
40.61 30.16 4.19
40.61 30.66 3.96
40.61 31.15 3.73
40.61 31.65 3.52
40.61 32.14 3.31
40.61 32.63 3.12
40.61 33.13 2.94
40.61 33.62 2.77
40.61 34.12 2.61
40.61 34.61 2.47
40.61 35.11 2.33
40.61 35.60 2.20
40.61 36.10 2.07
40.61 36.59 1.96
40.61 37.08 1.85
40.61 37.58 1.75
40.61 38.07 1.66
40.61 38.57 1.57
40.61 39.06 1.49
40.61 39.56 1.41
40.61 40.05 1.34
40.61 40.54 1.27
40.61 41.04 1.21
40.61 41.53 1.15
40.61 42.03 1.09
40.61 42.52 1.04
40.61 43.02 0.99
40.61 43.51 0.94
40.61 44.01 0.90
40.61 44.50 0.85
41.11 0.50 0.84
41.11 0.99 0.88
41.11 1.49 0.92
41.11 1.98 0.96
41.11 2.48 1.01
41.11 2.97 1.06
41.11 3.47 1.12
41.11 3.96 1.17
41.11 4.46 1.24
41.11 4.95 1.30
41.11 5.44 1.37
41.11 5.94 1.44
41.11 6.43 1.52
41.11 6.93 1.61
41.11 7.42 1.70
41.11 7.92 1.79
41.11 8.41 1.89
41.11 8.90 2.00
41.11 9.40 2.12
41.11 9.89 2.24
41.11 10.39 2.37
41.11 10.88 2.51
41.11 11.38 2.66
41.11 11.87 2.82
41.11 12.37 2.99
41.11 12.86 3.17
41.11 13.35 3.36
41.11 13.85 3.56
41.11 14.34 3.77
41.11 14.84 3.99
41.11 15.33 4.22
41.11 15.83 4.45
41.11 16.32 4.70
41.11 16.81 4.95
41.11 17.31 5.20
41.11 17.80 5.45
41.11 18.30 5.70
41.11 18.79 5.94
41.11 19.29 6.16
41.11 19.78 6.37
41.11 20.28 6.55
41.11 20.77 6.71
41.11 21.26 6.83
41.11 21.76 6.91
41.11 22.25 6.95
41.11 22.75 6.95
41.11 23.24 6.91
41.11 23.74 6.83
41.11 24.23 6.71
41.11 24.72 6.55
41.11 25.22 6.37
41.11 25.71 6.16
41.11 26.21 5.94
41.11 26.70 5.70
41.11 27.20 5.45
41.11 27.69 5.20
41.11 28.19 4.95
41.11 28.68 4.70
41.11 29.17 4.45
41.11 29.67 4.22
41.11 30.16 3.99
41.11 30.66 3.77
41.11 31.15 3.56
41.11 31.65 3.36
41.11 32.14 3.17
41.11 32.63 2.99
41.11 33.13 2.82
41.11 33.62 2.66
41.11 34.12 2.51
41.11 34.61 2.37
41.11 35.11 2.24
41.11 35.60 2.12
41.11 36.10 2.00
41.11 36.59 1.89
41.11 37.08 1.79
41.11 37.58 1.70
41.11 38.07 1.61
41.11 38.57 1.52
41.11 39.06 1.44
41.11 39.56 1.37
41.11 40.05 1.30
41.11 40.54 1.24
41.11 41.04 1.17
41.11 41.53 1.12
41.11 42.03 1.06
41.11 42.52 1.01
41.11 43.02 0.96
41.11 43.51 0.92
41.11 44.01 0.88
41.11 44.50 0.84
41.60 0.50 0.82
41.60 0.99 0.86
41.60 1.49 0.90
41.60 1.98 0.94
41.60 2.48 0.99
41.60 2.97 1.04
41.60 3.47 1.09
41.60 3.96 1.14
41.60 4.46 1.20
41.60 4.95 1.26
41.60 5.44 1.33
41.60 5.94 1.40
41.60 6.43 1.48
41.60 6.93 1.56
41.60 7.42 1.64
41.60 7.92 1.73
41.60 8.41 1.83
41.60 8.90 1.93
41.60 9.40 2.04
41.60 9.89 2.16
41.60 10.39 2.28
41.60 10.88 2.41
41.60 11.38 2.55
41.60 11.87 2.70
41.60 12.37 2.86
41.60 12.86 3.03
41.60 13.35 3.20
41.60 13.85 3.39
41.60 14.34 3.58
41.60 14.84 3.78
41.60 15.33 4.00
41.60 15.83 4.21
41.60 16.32 4.44
41.60 16.81 4.67
41.60 17.31 4.90
41.60 17.80 5.12
41.60 18.30 5.35
41.60 18.79 5.57
41.60 19.29 5.77
41.60 19.78 5.96
41.60 20.28 6.12
41.60 20.77 6.26
41.60 21.26 6.37
41.60 21.76 6.44
41.60 22.25 6.48
41.60 22.75 6.48
41.60 23.24 6.44
41.60 23.74 6.37
41.60 24.23 6.26
41.60 24.72 6.12
41.60 25.22 5.96
41.60 25.71 5.77
41.60 26.21 5.57
41.60 26.70 5.35
41.60 27.20 5.12
41.60 27.69 4.90
41.60 28.19 4.67
41.60 28.68 4.44
41.60 29.17 4.21
41.60 29.67 4.00
41.60 30.16 3.78
41.60 30.66 3.58
41.60 31.15 3.39
41.60 31.65 3.20
41.60 32.14 3.03
41.60 32.63 2.86
41.60 33.13 2.70
41.60 33.62 2.55
41.60 34.12 2.41
41.60 34.61 2.28
41.60 35.11 2.16
41.60 35.60 2.04
41.60 36.10 1.93
41.60 36.59 1.83
41.60 37.08 1.73
41.60 37.58 1.64
41.60 38.07 1.56
41.60 38.57 1.48
41.60 39.06 1.40
41.60 39.56 1.33
41.60 40.05 1.26
41.60 40.54 1.20
41.60 41.04 1.14
41.60 41.53 1.09
41.60 42.03 1.04
41.60 42.52 0.99
41.60 43.02 0.94
41.60 43.51 0.90
41.60 44.01 0.86
41.60 44.50 0.82
42.10 0.50 0.80
42.10 0.99 0.84
42.10 1.49 0.88
42.10 1.98 0.92
42.10 2.48 0.96
42.10 2.97 1.01
42.10 3.47 1.06
42.10 3.96 1.11
42.10 4.46 1.17
42.10 4.95 1.23
42.10 5.44 1.29
42.10 5.94 1.36
42.10 6.43 1.43
42.10 6.93 1.51
42.10 7.42 1.59
42.10 7.92 1.67
42.10 8.41 1.76
42.10 8.90 1.86
42.10 9.40 1.96
42.10 9.89 2.07
42.10 10.39 2.19
42.10 10.88 2.31
42.10 11.38 2.45
42.10 11.87 2.58
42.10 12.37 2.73
42.10 12.86 2.89
42.10 13.35 3.05
42.10 13.85 3.22
42.10 14.34 3.40
42.10 14.84 3.59
42.10 15.33 3.78
42.10 15.83 3.98
42.10 16.32 4.19
42.10 16.81 4.39
42.10 17.31 4.60
42.10 17.80 4.81
42.10 18.30 5.01
42.10 18.79 5.21
42.10 19.29 5.39
42.10 19.78 5.56
42.10 20.28 5.71
42.10 20.77 5.83
42.10 21.26 5.93
42.10 21.76 6.00
42.10 22.25 6.03
42.10 22.75 6.03
42.10 23.24 6.00
42.10 23.74 5.93
42.10 24.23 5.83
42.10 24.72 5.71
42.10 25.22 5.56
42.10 25.71 5.39
42.10 26.21 5.21
42.10 26.70 5.01
42.10 27.20 4.81
42.10 27.69 4.60
42.10 28.19 4.39
42.10 28.68 4.19
42.10 29.17 3.98
42.10 29.67 3.78
42.10 30.16 3.59
42.10 30.66 3.40
42.10 31.15 3.22
42.10 31.65 3.05
42.10 32.14 2.89
42.10 32.63 2.73
42.10 33.13 2.58
42.10 33.62 2.45
42.10 34.12 2.31
42.10 34.61 2.19
42.10 35.11 2.07
42.10 35.60 1.96
42.10 36.10 1.86
42.10 36.59 1.76
42.10 37.08 1.67
42.10 37.58 1.59
42.10 38.07 1.51
42.10 38.57 1.43
42.10 39.06 1.36
42.10 39.56 1.29
42.10 40.05 1.23
42.10 40.54 1.17
42.10 41.04 1.11
42.10 41.53 1.06
42.10 42.03 1.01
42.10 42.52 0.96
42.10 43.02 0.92
42.10 43.51 0.88
42.10 44.01 0.84
42.10 44.50 0.80
42.60 0.50 0.78
42.60 0.99 0.82
42.60 1.49 0.85
42.60 1.98 0.89
42.60 2.48 0.94
42.60 2.97 0.98
42.60 3.47 1.03
42.60 3.96 1.08
42.60 4.46 1.13
42.60 4.95 1.19
42.60 5.44 1.25
42.60 5.94 1.32
42.60 6.43 1.38
42.60 6.93 1.46
42.60 7.42 1.53
42.60 7.92 1.61
42.60 8.41 1.70
42.60 8.90 1.79
42.60 9.40 1.89
42.60 9.89 1.99
42.60 10.39 2.10
42.60 10.88 2.22
42.60 11.38 2.34
42.60 11.87 2.47
42.60 12.37 2.61
42.60 12.86 2.75
42.60 13.35 2.90
42.60 13.85 3.06
42.60 14.34 3.22
42.60 14.84 3.40
42.60 15.33 3.57
42.60 15.83 3.76
42.60 16.32 3.94
42.60 16.81 4.13
42.60 17.31 4.32
42.60 17.80 4.51
42.60 18.30 4.69
42.60 18.79 4.87
42.60 19.29 5.03
42.60 19.78 5.18
42.60 20.28 5.32
42.60 20.77 5.43
42.60 21.26 5.51
42.60 21.76 5.57
42.60 22.25 5.60
42.60 22.75 5.60
42.60 23.24 5.57
42.60 23.74 5.51
42.60 24.23 5.43
42.60 24.72 5.32
42.60 25.22 5.18
42.60 25.71 5.03
42.60 26.21 4.87
42.60 26.70 4.69
42.60 27.20 4.51
42.60 27.69 4.32
42.60 28.19 4.13
42.60 28.68 3.94
42.60 29.17 3.76
42.60 29.67 3.57
42.60 30.16 3.40
42.60 30.66 3.22
42.60 31.15 3.06
42.60 31.65 2.90
42.60 32.14 2.75
42.60 32.63 2.61
42.60 33.13 2.47
42.60 33.62 2.34
42.60 34.12 2.22
42.60 34.61 2.10
42.60 35.11 1.99
42.60 35.60 1.89
42.60 36.10 1.79
42.60 36.59 1.70
42.60 37.08 1.61
42.60 37.58 1.53
42.60 38.07 1.46
42.60 38.57 1.38
42.60 39.06 1.32
42.60 39.56 1.25
42.60 40.05 1.19
42.60 40.54 1.13
42.60 41.04 1.08
42.60 41.53 1.03
42.60 42.03 0.98
42.60 42.52 0.94
42.60 43.02 0.89
42.60 43.51 0.85
42.60 44.01 0.82
42.60 44.50 0.78
43.09 0.50 0.76
43.09 0.99 0.80
43.09 1.49 0.83
43.09 1.98 0.87
43.09 2.48 0.91
43.09 2.97 0.96
43.09 3.47 1.00
43.09 3.96 1.05
43.09 4.46 1.10
43.09 4.95 1.16
43.09 5.44 1.21
43.09 5.94 1.27
43.09 6.43 1.34
43.09 6.93 1.41
43.09 7.42 1.48
43.09 7.92 1.56
43.09 8.41 1.64
43.09 8.90 1.72
43.09 9.40 1.82
43.09 9.89 1.91
43.09 10.39 2.01
43.09 10.88 2.12
43.09 11.38 2.24
43.09 11.87 2.36
43.09 12.37 2.48
43.09 12.86 2.62
43.09 13.35 2.76
43.09 13.85 2.90
43.09 14.34 3.06
43.09 14.84 3.21
43.09 15.33 3.37
43.09 15.83 3.54
43.09 16.32 3.71
43.09 16.81 3.88
43.09 17.31 4.05
43.09 17.80 4.22
43.09 18.30 4.39
43.09 18.79 4.54
43.09 19.29 4.69
43.09 19.78 4.83
43.09 20.28 4.94
43.09 20.77 5.04
43.09 21.26 5.12
43.09 21.76 5.17
43.09 22.25 5.20
43.09 22.75 5.20
43.09 23.24 5.17
43.09 23.74 5.12
43.09 24.23 5.04
43.09 24.72 4.94
43.09 25.22 4.83
43.09 25.71 4.69
43.09 26.21 4.54
43.09 26.70 4.39
43.09 27.20 4.22
43.09 27.69 4.05
43.09 28.19 3.88
43.09 28.68 3.71
43.09 29.17 3.54
43.09 29.67 3.37
43.09 30.16 3.21
43.09 30.66 3.06
43.09 31.15 2.90
43.09 31.65 2.76
43.09 32.14 2.62
43.09 32.63 2.48
43.09 33.13 2.36
43.09 33.62 2.24
43.09 34.12 2.12
43.09 34.61 2.01
43.09 35.11 1.91
43.09 35.60 1.82
43.09 36.10 1.72
43.09 36.59 1.64
43.09 37.08 1.56
43.09 37.58 1.48
43.09 38.07 1.41
43.09 38.57 1.34
43.09 39.06 1.27
43.09 39.56 1.21
43.09 40.05 1.16
43.09 40.54 1.10
43.09 41.04 1.05
43.09 41.53 1.00
43.09 42.03 0.96
43.09 42.52 0.91
43.09 43.02 0.87
43.09 43.51 0.83
43.09 44.01 0.80
43.09 44.50 0.76
43.59 0.50 0.74
43.59 0.99 0.78
43.59 1.49 0.81
43.59 1.98 0.85
43.59 2.48 0.89
43.59 2.97 0.93
43.59 3.47 0.97
43.59 3.96 1.02
43.59 4.46 1.07
43.59 4.95 1.12
43.59 5.44 1.17
43.59 5.94 1.23
43.59 6.43 1.29
43.59 6.93 1.36
43.59 7.42 1.43
43.59 7.92 1.50
43.59 8.41 1.58
43.59 8.90 1.66
43.59 9.40 1.74
43.59 9.89 1.83
43.59 10.39 1.93
43.59 10.88 2.03
43.59 11.38 2.14
43.59 11.87 2.25
43.59 12.37 2.37
43.59 12.86 2.49
43.59 13.35 2.62
43.59 13.85 2.75
43.59 14.34 2.89
43.59 14.84 3.04
43.59 15.33 3.18
43.59 15.83 3.34
43.59 16.32 3.49
43.59 16.81 3.64
43.59 17.31 3.80
43.59 17.80 3.95
43.59 18.30 4.10
43.59 18.79 4.24
43.59 19.29 4.37
43.59 19.78 4.49
43.59 20.28 4.59
43.59 20.77 4.68
43.59 21.26 4.75
43.59 21.76 4.79
43.59 22.25 4.82
43.59 22.75 4.82
43.59 23.24 4.79
43.59 23.74 4.75
43.59 24.23 4.68
43.59 24.72 4.59
43.59 25.22 4.49
43.59 25.71 4.37
43.59 26.21 4.24
43.59 26.70 4.10
43.59 27.20 3.95
43.59 27.69 3.80
43.59 28.19 3.64
43.59 28.68 3.49
43.59 29.17 3.34
43.59 29.67 3.18
43.59 30.16 3.04
43.59 30.66 2.89
43.59 31.15 2.75
43.59 31.65 2.62
43.59 32.14 2.49
43.59 32.63 2.37
43.59 33.13 2.25
43.59 33.62 2.14
43.59 34.12 2.03
43.59 34.61 1.93
43.59 35.11 1.83
43.59 35.60 1.74
43.59 36.10 1.66
43.59 36.59 1.58
43.59 37.08 1.50
43.59 37.58 1.43
43.59 38.07 1.36
43.59 38.57 1.29
43.59 39.06 1.23
43.59 39.56 1.17
43.59 40.05 1.12
43.59 40.54 1.07
43.59 41.04 1.02
43.59 41.53 0.97
43.59 42.03 0.93
43.59 42.52 0.89
43.59 43.02 0.85
43.59 43.51 0.81
43.59 44.01 0.78
43.59 44.50 0.74
44.08 0.50 0.72
44.08 0.99 0.76
44.08 1.49 0.79
44.08 1.98 0.83
44.08 2.48 0.86
44.08 2.97 0.90
44.08 3.47 0.94
44.08 3.96 0.99
44.08 4.46 1.04
44.08 4.95 1.08
44.08 5.44 1.14
44.08 5.94 1.19
44.08 6.43 1.25
44.08 6.93 1.31
44.08 7.42 1.38
44.08 7.92 1.44
44.08 8.41 1.52
44.08 8.90 1.59
44.08 9.40 1.67
44.08 9.89 1.76
44.08 10.39 1.85
44.08 10.88 1.94
44.08 11.38 2.04
44.08 11.87 2.14
44.08 12.37 2.25
44.08 12.86 2.37
44.08 13.35 2.48
44.08 13.85 2.61
44.08 14.34 2.73
44.08 14.84 2.87
44.08 15.33 3.00
44.08 15.83 3.14
44.08 16.32 3.28
44.08 16.81 3.42
44.08 17.31 3.56
44.08 17.80 3.69
44.08 18.30 3.82
44.08 18.79 3.95
44.08 19.29 4.07
44.08 19.78 4.17
44.08 20.28 4.26
44.08 20.77 4.34
44.08 21.26 4.40
44.08 21.76 4.44
44.08 22.25 4.46
44.08 22.75 4.46
44.08 23.24 4.44
44.08 23.74 4.40
44.08 24.23 4.34
44.08 24.72 4.26
44.08 25.22 4.17
44.08 25.71 4.07
44.08 26.21 3.95
44.08 26.70 3.82
44.08 27.20 3.69
44.08 27.69 3.56
44.08 28.19 3.42
44.08 28.68 3.28
44.08 29.17 3.14
44.08 29.67 3.00
44.08 30.16 2.87
44.08 30.66 2.73
44.08 31.15 2.61
44.08 31.65 2.48
44.08 32.14 2.37
44.08 32.63 2.25
44.08 33.13 2.14
44.08 33.62 2.04
44.08 34.12 1.94
44.08 34.61 1.85
44.08 35.11 1.76
44.08 35.60 1.67
44.08 36.10 1.59
44.08 36.59 1.52
44.08 37.08 1.44
44.08 37.58 1.38
44.08 38.07 1.31
44.08 38.57 1.25
44.08 39.06 1.19
44.08 39.56 1.14
44.08 40.05 1.08
44.08 40.54 1.04
44.08 41.04 0.99
44.08 41.53 0.94
44.08 42.03 0.90
44.08 42.52 0.86
44.08 43.02 0.83
44.08 43.51 0.79
44.08 44.01 0.76
44.08 44.50 0.72
44.58 0.50 0.71
44.58 0.99 0.74
44.58 1.49 0.77
44.58 1.98 0.80
44.58 2.48 0.84
44.58 2.97 0.88
44.58 3.47 0.92
44.58 3.96 0.96
44.58 4.46 1.00
44.58 4.95 1.05
44.58 5.44 1.10
44.58 5.94 1.15
44.58 6.43 1.21
44.58 6.93 1.26
44.58 7.42 1.33
44.58 7.92 1.39
44.58 8.41 1.46
44.58 8.90 1.53
44.58 9.40 1.60
44.58 9.89 1.68
44.58 10.39 1.77
44.58 10.88 1.85
44.58 11.38 1.95
44.58 11.87 2.04
44.58 12.37 2.14
44.58 12.86 2.25
44.58 13.35 2.36
44.58 13.85 2.47
44.58 14.34 2.58
44.58 14.84 2.70
44.58 15.33 2.83
44.58 15.83 2.95
44.58 16.32 3.08
44.58 16.81 3.20
44.58 17.31 3.33
44.58 17.80 3.45
44.58 18.30 3.57
44.58 18.79 3.68
44.58 19.29 3.78
44.58 19.78 3.87
44.58 20.28 3.96
44.58 20.77 4.02
44.58 21.26 4.08
44.58 21.76 4.11
44.58 22.25 4.13
44.58 22.75 4.13
44.58 23.24 4.11
44.58 23.74 4.08
44.58 24.23 4.02
44.58 24.72 3.96
44.58 25.22 3.87
44.58 25.71 3.78
44.58 26.21 3.68
44.58 26.70 3.57
44.58 27.20 3.45
44.58 27.69 3.33
44.58 28.19 3.20
44.58 28.68 3.08
44.58 29.17 2.95
44.58 29.67 2.83
44.58 30.16 2.70
44.58 30.66 2.58
44.58 31.15 2.47
44.58 31.65 2.36
44.58 32.14 2.25
44.58 32.63 2.14
44.58 33.13 2.04
44.58 33.62 1.95
44.58 34.12 1.85
44.58 34.61 1.77
44.58 35.11 1.68
44.58 35.60 1.60
44.58 36.10 1.53
44.58 36.59 1.46
44.58 37.08 1.39
44.58 37.58 1.33
44.58 38.07 1.26
44.58 38.57 1.21
44.58 39.06 1.15
44.58 39.56 1.10
44.58 40.05 1.05
44.58 40.54 1.00
44.58 41.04 0.96
44.58 41.53 0.92
44.58 42.03 0.88
44.58 42.52 0.84
44.58 43.02 0.80
44.58 43.51 0.77
44.58 44.01 0.74
44.58 44.50 0.71
45.07 0.50 0.69
45.07 0.99 0.72
45.07 1.49 0.75
45.07 1.98 0.78
45.07 2.48 0.82
45.07 2.97 0.85
45.07 3.47 0.89
45.07 3.96 0.93
45.07 4.46 0.97
45.07 4.95 1.02
45.07 5.44 1.06
45.07 5.94 1.11
45.07 6.43 1.16
45.07 6.93 1.22
45.07 7.42 1.28
45.07 7.92 1.34
45.07 8.41 1.40
45.07 8.90 1.47
45.07 9.40 1.54
45.07 9.89 1.61
45.07 10.39 1.69
45.07 10.88 1.77
45.07 11.38 1.86
45.07 11.87 1.94
45.07 12.37 2.04
45.07 12.86 2.13
45.07 13.35 2.23
45.07 13.85 2.34
45.07 14.34 2.44
45.07 14.84 2.55
45.07 15.33 2.66
45.07 15.83 2.77
45.07 16.32 2.89
45.07 16.81 3.00
45.07 17.31 3.11
45.07 17.80 3.22
45.07 18.30 3.32
45.07 18.79 3.42
45.07 19.29 3.51
45.07 19.78 3.60
45.07 20.28 3.67
45.07 20.77 3.73
45.07 21.26 3.77
45.07 21.76 3.81
45.07 22.25 3.82
45.07 22.75 3.82
45.07 23.24 3.81
45.07 23.74 3.77
45.07 24.23 3.73
45.07 24.72 3.67
45.07 25.22 3.60
45.07 25.71 3.51
45.07 26.21 3.42
45.07 26.70 3.32
45.07 27.20 3.22
45.07 27.69 3.11
45.07 28.19 3.00
45.07 28.68 2.89
45.07 29.17 2.77
45.07 29.67 2.66
45.07 30.16 2.55
45.07 30.66 2.44
45.07 31.15 2.34
45.07 31.65 2.23
45.07 32.14 2.13
45.07 32.63 2.04
45.07 33.13 1.94
45.07 33.62 1.86
45.07 34.12 1.77
45.07 34.61 1.69
45.07 35.11 1.61
45.07 35.60 1.54
45.07 36.10 1.47
45.07 36.59 1.40
45.07 37.08 1.34
45.07 37.58 1.28
45.07 38.07 1.22
45.07 38.57 1.16
45.07 39.06 1.11
45.07 39.56 1.06
45.07 40.05 1.02
45.07 40.54 0.97
45.07 41.04 0.93
45.07 41.53 0.89
45.07 42.03 0.85
45.07 42.52 0.82
45.07 43.02 0.78
45.07 43.51 0.75
45.07 44.01 0.72
45.07 44.50 0.69
45.57 0.50 0.67
45.57 0.99 0.70
45.57 1.49 0.73
45.57 1.98 0.76
45.57 2.48 0.79
45.57 2.97 0.83
45.57 3.47 0.86
45.57 3.96 0.90
45.57 4.46 0.94
45.57 4.95 0.98
45.57 5.44 1.03
45.57 5.94 1.07
45.57 6.43 1.12
45.57 6.93 1.17
45.57 7.42 1.23
45.57 7.92 1.29
45.57 8.41 1.34
45.57 8.90 1.41
45.57 9.40 1.47
45.57 9.89 1.54
45.57 10.39 1.61
45.57 10.88 1.69
45.57 11.38 1.77
45.57 11.87 1.85
45.57 12.37 1.94
45.57 12.86 2.02
45.57 13.35 2.11
45.57 13.85 2.21
45.57 14.34 2.31
45.57 14.84 2.40
45.57 15.33 2.50
45.57 15.83 2.61
45.57 16.32 2.71
45.57 16.81 2.81
45.57 17.31 2.91
45.57 17.80 3.00
45.57 18.30 3.10
45.57 18.79 3.19
45.57 19.29 3.27
45.57 19.78 3.34
45.57 20.28 3.40
45.57 20.77 3.45
45.57 21.26 3.49
45.57 21.76 3.52
45.57 22.25 3.54
45.57 22.75 3.54
45.57 23.24 3.52
45.57 23.74 3.49
45.57 24.23 3.45
45.57 24.72 3.40
45.57 25.22 3.34
45.57 25.71 3.27
45.57 26.21 3.19
45.57 26.70 3.10
45.57 27.20 3.00
45.57 27.69 2.91
45.57 28.19 2.81
45.57 28.68 2.71
45.57 29.17 2.61
45.57 29.67 2.50
45.57 30.16 2.40
45.57 30.66 2.31
45.57 31.15 2.21
45.57 31.65 2.11
45.57 32.14 2.02
45.57 32.63 1.94
45.57 33.13 1.85
45.57 33.62 1.77
45.57 34.12 1.69
45.57 34.61 1.61
45.57 35.11 1.54
45.57 35.60 1.47
45.57 36.10 1.41
45.57 36.59 1.34
45.57 37.08 1.29
45.57 37.58 1.23
45.57 38.07 1.17
45.57 38.57 1.12
45.57 39.06 1.07
45.57 39.56 1.03
45.57 40.05 0.98
45.57 40.54 0.94
45.57 41.04 0.90
45.57 41.53 0.86
45.57 42.03 0.83
45.57 42.52 0.79
45.57 43.02 0.76
45.57 43.51 0.73
45.57 44.01 0.70
45.57 44.50 0.67
46.06 0.50 0.65
46.06 0.99 0.68
46.06 1.49 0.71
46.06 1.98 0.74
46.06 2.48 0.77
46.06 2.97 0.80
46.06 3.47 0.84
46.06 3.96 0.87
46.06 4.46 0.91
46.06 4.95 0.95
46.06 5.44 0.99
46.06 5.94 1.04
46.06 6.43 1.08
46.06 6.93 1.13
46.06 7.42 1.18
46.06 7.92 1.23
46.06 8.41 1.29
46.06 8.90 1.35
46.06 9.40 1.41
46.06 9.89 1.47
46.06 10.39 1.54
46.06 10.88 1.61
46.06 11.38 1.68
46.06 11.87 1.76
46.06 12.37 1.84
46.06 12.86 1.92
46.06 13.35 2.00
46.06 13.85 2.09
46.06 14.34 2.18
46.06 14.84 2.27
46.06 15.33 2.36
46.06 15.83 2.45
46.06 16.32 2.54
46.06 16.81 2.63
46.06 17.31 2.72
46.06 17.80 2.80
46.06 18.30 2.89
46.06 18.79 2.96
46.06 19.29 3.04
46.06 19.78 3.10
46.06 20.28 3.16
46.06 20.77 3.20
46.06 21.26 3.24
46.06 21.76 3.26
46.06 22.25 3.27
46.06 22.75 3.27
46.06 23.24 3.26
46.06 23.74 3.24
46.06 24.23 3.20
46.06 24.72 3.16
46.06 25.22 3.10
46.06 25.71 3.04
46.06 26.21 2.96
46.06 26.70 2.89
46.06 27.20 2.80
46.06 27.69 2.72
46.06 28.19 2.63
46.06 28.68 2.54
46.06 29.17 2.45
46.06 29.67 2.36
46.06 30.16 2.27
46.06 30.66 2.18
46.06 31.15 2.09
46.06 31.65 2.00
46.06 32.14 1.92
46.06 32.63 1.84
46.06 33.13 1.76
46.06 33.62 1.68
46.06 34.12 1.61
46.06 34.61 1.54
46.06 35.11 1.47
46.06 35.60 1.41
46.06 36.10 1.35
46.06 36.59 1.29
46.06 37.08 1.23
46.06 37.58 1.18
46.06 38.07 1.13
46.06 38.57 1.08
46.06 39.06 1.04
46.06 39.56 0.99
46.06 40.05 0.95
46.06 40.54 0.91
46.06 41.04 0.87
46.06 41.53 0.84
46.06 42.03 0.80
46.06 42.52 0.77
46.06 43.02 0.74
46.06 43.51 0.71
46.06 44.01 0.68
46.06 44.50 0.65
46.56 0.50 0.63
46.56 0.99 0.66
46.56 1.49 0.69
46.56 1.98 0.72
46.56 2.48 0.75
46.56 2.97 0.78
46.56 3.47 0.81
46.56 3.96 0.84
46.56 4.46 0.88
46.56 4.95 0.92
46.56 5.44 0.96
46.56 5.94 1.00
46.56 6.43 1.04
46.56 6.93 1.09
46.56 7.42 1.14
46.56 7.92 1.19
46.56 8.41 1.24
46.56 8.90 1.29
46.56 9.40 1.35
46.56 9.89 1.41
46.56 10.39 1.47
46.56 10.88 1.54
46.56 11.38 1.60
46.56 11.87 1.67
46.56 12.37 1.75
46.56 12.86 1.82
46.56 13.35 1.90
46.56 13.85 1.97
46.56 14.34 2.05
46.56 14.84 2.13
46.56 15.33 2.22
46.56 15.83 2.30
46.56 16.32 2.38
46.56 16.81 2.46
46.56 17.31 2.54
46.56 17.80 2.62
46.56 18.30 2.69
46.56 18.79 2.76
46.56 19.29 2.82
46.56 19.78 2.88
46.56 20.28 2.93
46.56 20.77 2.97
46.56 21.26 3.00
46.56 21.76 3.02
46.56 22.25 3.03
46.56 22.75 3.03
46.56 23.24 3.02
46.56 23.74 3.00
46.56 24.23 2.97
46.56 24.72 2.93
46.56 25.22 2.88
46.56 25.71 2.82
46.56 26.21 2.76
46.56 26.70 2.69
46.56 27.20 2.62
46.56 27.69 2.54
46.56 28.19 2.46
46.56 28.68 2.38
46.56 29.17 2.30
46.56 29.67 2.22
46.56 30.16 2.13
46.56 30.66 2.05
46.56 31.15 1.97
46.56 31.65 1.90
46.56 32.14 1.82
46.56 32.63 1.75
46.56 33.13 1.67
46.56 33.62 1.60
46.56 34.12 1.54
46.56 34.61 1.47
46.56 35.11 1.41
46.56 35.60 1.35
46.56 36.10 1.29
46.56 36.59 1.24
46.56 37.08 1.19
46.56 37.58 1.14
46.56 38.07 1.09
46.56 38.57 1.04
46.56 39.06 1.00
46.56 39.56 0.96
46.56 40.05 0.92
46.56 40.54 0.88
46.56 41.04 0.84
46.56 41.53 0.81
46.56 42.03 0.78
46.56 42.52 0.75
46.56 43.02 0.72
46.56 43.51 0.69
46.56 44.01 0.66
46.56 44.50 0.63
47.05 0.50 0.62
47.05 0.99 0.64
47.05 1.49 0.67
47.05 1.98 0.70
47.05 2.48 0.72
47.05 2.97 0.75
47.05 3.47 0.78
47.05 3.96 0.82
47.05 4.46 0.85
47.05 4.95 0.89
47.05 5.44 0.92
47.05 5.94 0.96
47.05 6.43 1.00
47.05 6.93 1.05
47.05 7.42 1.09
47.05 7.92 1.14
47.05 8.41 1.19
47.05 8.90 1.24
47.05 9.40 1.29
47.05 9.89 1.35
47.05 10.39 1.40
47.05 10.88 1.46
47.05 11.38 1.53
47.05 11.87 1.59
47.05 12.37 1.66
47.05 12.86 1.72
47.05 13.35 1.79
47.05 13.85 1.87
47.05 14.34 1.94
47.05 14.84 2.01
47.05 15.33 2.09
47.05 15.83 2.16
47.05 16.32 2.23
47.05 16.81 2.31
47.05 17.31 2.38
47.05 17.80 2.44
47.05 18.30 2.51
47.05 18.79 2.57
47.05 19.29 2.63
47.05 19.78 2.67
47.05 20.28 2.72
47.05 20.77 2.75
47.05 21.26 2.78
47.05 21.76 2.80
47.05 22.25 2.81
47.05 22.75 2.81
47.05 23.24 2.80
47.05 23.74 2.78
47.05 24.23 2.75
47.05 24.72 2.72
47.05 25.22 2.67
47.05 25.71 2.63
47.05 26.21 2.57
47.05 26.70 2.51
47.05 27.20 2.44
47.05 27.69 2.38
47.05 28.19 2.31
47.05 28.68 2.23
47.05 29.17 2.16
47.05 29.67 2.09
47.05 30.16 2.01
47.05 30.66 1.94
47.05 31.15 1.87
47.05 31.65 1.79
47.05 32.14 1.72
47.05 32.63 1.66
47.05 33.13 1.59
47.05 33.62 1.53
47.05 34.12 1.46
47.05 34.61 1.40
47.05 35.11 1.35
47.05 35.60 1.29
47.05 36.10 1.24
47.05 36.59 1.19
47.05 37.08 1.14
47.05 37.58 1.09
47.05 38.07 1.05
47.05 38.57 1.00
47.05 39.06 0.96
47.05 39.56 0.92
47.05 40.05 0.89
47.05 40.54 0.85
47.05 41.04 0.82
47.05 41.53 0.78
47.05 42.03 0.75
47.05 42.52 0.72
47.05 43.02 0.70
47.05 43.51 0.67
47.05 44.01 0.64
47.05 44.50 0.62
47.55 0.50 0.60
47.55 0.99 0.62
47.55 1.49 0.65
47.55 1.98 0.67
47.55 2.48 0.70
47.55 2.97 0.73
47.55 3.47 0.76
47.55 3.96 0.79
47.55 4.46 0.82
47.55 4.95 0.86
47.55 5.44 0.89
47.55 5.94 0.93
47.55 6.43 0.97
47.55 6.93 1.01
47.55 7.42 1.05
47.55 7.92 1.09
47.55 8.41 1.14
47.55 8.90 1.19
47.55 9.40 1.24
47.55 9.89 1.29
47.55 10.39 1.34
47.55 10.88 1.40
47.55 11.38 1.45
47.55 11.87 1.51
47.55 12.37 1.57
47.55 12.86 1.63
47.55 13.35 1.70
47.55 13.85 1.76
47.55 14.34 1.83
47.55 14.84 1.89
47.55 15.33 1.96
47.55 15.83 2.03
47.55 16.32 2.09
47.55 16.81 2.16
47.55 17.31 2.22
47.55 17.80 2.28
47.55 18.30 2.34
47.55 18.79 2.39
47.55 19.29 2.44
47.55 19.78 2.49
47.55 20.28 2.52
47.55 20.77 2.56
47.55 21.26 2.58
47.55 21.76 2.60
47.55 22.25 2.60
47.55 22.75 2.60
47.55 23.24 2.60
47.55 23.74 2.58
47.55 24.23 2.56
47.55 24.72 2.52
47.55 25.22 2.49
47.55 25.71 2.44
47.55 26.21 2.39
47.55 26.70 2.34
47.55 27.20 2.28
47.55 27.69 2.22
47.55 28.19 2.16
47.55 28.68 2.09
47.55 29.17 2.03
47.55 29.67 1.96
47.55 30.16 1.89
47.55 30.66 1.83
47.55 31.15 1.76
47.55 31.65 1.70
47.55 32.14 1.63
47.55 32.63 1.57
47.55 33.13 1.51
47.55 33.62 1.45
47.55 34.12 1.40
47.55 34.61 1.34
47.55 35.11 1.29
47.55 35.60 1.24
47.55 36.10 1.19
47.55 36.59 1.14
47.55 37.08 1.09
47.55 37.58 1.05
47.55 38.07 1.01
47.55 38.57 0.97
47.55 39.06 0.93
47.55 39.56 0.89
47.55 40.05 0.86
47.55 40.54 0.82
47.55 41.04 0.79
47.55 41.53 0.76
47.55 42.03 0.73
47.55 42.52 0.70
47.55 43.02 0.67
47.55 43.51 0.65
47.55 44.01 0.62
47.55 44.50 0.60
48.04 0.50 0.58
48.04 0.99 0.61
48.04 1.49 0.63
48.04 1.98 0.65
48.04 2.48 0.68
48.04 2.97 0.71
48.04 3.47 0.73
48.04 3.96 0.76
48.04 4.46 0.79
48.04 4.95 0.83
48.04 5.44 0.86
48.04 5.94 0.89
48.04 6.43 0.93
48.04 6.93 0.97
48.04 7.42 1.01
48.04 7.92 1.05
48.04 8.41 1.09
48.04 8.90 1.14
48.04 9.40 1.18
48.04 9.89 1.23
48.04 10.39 1.28
48.04 10.88 1.33
48.04 11.38 1.38
48.04 11.87 1.44
48.04 12.37 1.49
48.04 12.86 1.55
48.04 13.35 1.61
48.04 13.85 1.67
48.04 14.34 1.73
48.04 14.84 1.79
48.04 15.33 1.85
48.04 15.83 1.91
48.04 16.32 1.96
48.04 16.81 2.02
48.04 17.31 2.08
48.04 17.80 2.13
48.04 18.30 2.18
48.04 18.79 2.23
48.04 19.29 2.27
48.04 19.78 2.31
48.04 20.28 2.35
48.04 20.77 2.37
48.04 21.26 2.39
48.04 21.76 2.41
48.04 22.25 2.42
48.04 22.75 2.42
48.04 23.24 2.41
48.04 23.74 2.39
48.04 24.23 2.37
48.04 24.72 2.35
48.04 25.22 2.31
48.04 25.71 2.27
48.04 26.21 2.23
48.04 26.70 2.18
48.04 27.20 2.13
48.04 27.69 2.08
48.04 28.19 2.02
48.04 28.68 1.96
48.04 29.17 1.91
48.04 29.67 1.85
48.04 30.16 1.79
48.04 30.66 1.73
48.04 31.15 1.67
48.04 31.65 1.61
48.04 32.14 1.55
48.04 32.63 1.49
48.04 33.13 1.44
48.04 33.62 1.38
48.04 34.12 1.33
48.04 34.61 1.28
48.04 35.11 1.23
48.04 35.60 1.18
48.04 36.10 1.14
48.04 36.59 1.09
48.04 37.08 1.05
48.04 37.58 1.01
48.04 38.07 0.97
48.04 38.57 0.93
48.04 39.06 0.89
48.04 39.56 0.86
48.04 40.05 0.83
48.04 40.54 0.79
48.04 41.04 0.76
48.04 41.53 0.73
48.04 42.03 0.71
48.04 42.52 0.68
48.04 43.02 0.65
48.04 43.51 0.63
48.04 44.01 0.61
48.04 44.50 0.58
48.54 0.50 0.57
48.54 0.99 0.59
48.54 1.49 0.61
48.54 1.98 0.63
48.54 2.48 0.66
48.54 2.97 0.68
48.54 3.47 0.71
48.54 3.96 0.74
48.54 4.46 0.77
48.54 4.95 0.80
48.54 5.44 0.83
48.54 5.94 0.86
48.54 6.43 0.90
48.54 6.93 0.93
48.54 7.42 0.97
48.54 7.92 1.01
48.54 8.41 1.05
48.54 8.90 1.09
48.54 9.40 1.13
48.54 9.89 1.17
48.54 10.39 1.22
48.54 10.88 1.27
48.54 11.38 1.32
48.54 11.87 1.37
48.54 12.37 1.42
48.54 12.86 1.47
48.54 13.35 1.52
48.54 13.85 1.57
48.54 14.34 1.63
48.54 14.84 1.68
48.54 15.33 1.74
48.54 15.83 1.79
48.54 16.32 1.84
48.54 16.81 1.90
48.54 17.31 1.95
48.54 17.80 1.99
48.54 18.30 2.04
48.54 18.79 2.08
48.54 19.29 2.12
48.54 19.78 2.15
48.54 20.28 2.18
48.54 20.77 2.21
48.54 21.26 2.23
48.54 21.76 2.24
48.54 22.25 2.24
48.54 22.75 2.24
48.54 23.24 2.24
48.54 23.74 2.23
48.54 24.23 2.21
48.54 24.72 2.18
48.54 25.22 2.15
48.54 25.71 2.12
48.54 26.21 2.08
48.54 26.70 2.04
48.54 27.20 1.99
48.54 27.69 1.95
48.54 28.19 1.90
48.54 28.68 1.84
48.54 29.17 1.79
48.54 29.67 1.74
48.54 30.16 1.68
48.54 30.66 1.63
48.54 31.15 1.57
48.54 31.65 1.52
48.54 32.14 1.47
48.54 32.63 1.42
48.54 33.13 1.37
48.54 33.62 1.32
48.54 34.12 1.27
48.54 34.61 1.22
48.54 35.11 1.17
48.54 35.60 1.13
48.54 36.10 1.09
48.54 36.59 1.05
48.54 37.08 1.01
48.54 37.58 0.97
48.54 38.07 0.93
48.54 38.57 0.90
48.54 39.06 0.86
48.54 39.56 0.83
48.54 40.05 0.80
48.54 40.54 0.77
48.54 41.04 0.74
48.54 41.53 0.71
48.54 42.03 0.68
48.54 42.52 0.66
48.54 43.02 0.63
48.54 43.51 0.61
48.54 44.01 0.59
48.54 44.50 0.57
49.03 0.50 0.55
49.03 0.99 0.57
49.03 1.49 0.59
49.03 1.98 0.62
49.03 2.48 0.64
49.03 2.97 0.66
49.03 3.47 0.69
49.03 3.96 0.71
49.03 4.46 0.74
49.03 4.95 0.77
49.03 5.44 0.80
49.03 5.94 0.83
49.03 6.43 0.86
49.03 6.93 0.90
49.03 7.42 0.93
49.03 7.92 0.97
49.03 8.41 1.00
49.03 8.90 1.04
49.03 9.40 1.08
49.03 9.89 1.12
49.03 10.39 1.16
49.03 10.88 1.21
49.03 11.38 1.25
49.03 11.87 1.30
49.03 12.37 1.34
49.03 12.86 1.39
49.03 13.35 1.44
49.03 13.85 1.49
49.03 14.34 1.54
49.03 14.84 1.59
49.03 15.33 1.64
49.03 15.83 1.68
49.03 16.32 1.73
49.03 16.81 1.78
49.03 17.31 1.82
49.03 17.80 1.87
49.03 18.30 1.91
49.03 18.79 1.94
49.03 19.29 1.98
49.03 19.78 2.01
49.03 20.28 2.03
49.03 20.77 2.05
49.03 21.26 2.07
49.03 21.76 2.08
49.03 22.25 2.09
49.03 22.75 2.09
49.03 23.24 2.08
49.03 23.74 2.07
49.03 24.23 2.05
49.03 24.72 2.03
49.03 25.22 2.01
49.03 25.71 1.98
49.03 26.21 1.94
49.03 26.70 1.91
49.03 27.20 1.87
49.03 27.69 1.82
49.03 28.19 1.78
49.03 28.68 1.73
49.03 29.17 1.68
49.03 29.67 1.64
49.03 30.16 1.59
49.03 30.66 1.54
49.03 31.15 1.49
49.03 31.65 1.44
49.03 32.14 1.39
49.03 32.63 1.34
49.03 33.13 1.30
49.03 33.62 1.25
49.03 34.12 1.21
49.03 34.61 1.16
49.03 35.11 1.12
49.03 35.60 1.08
49.03 36.10 1.04
49.03 36.59 1.00
49.03 37.08 0.97
49.03 37.58 0.93
49.03 38.07 0.90
49.03 38.57 0.86
49.03 39.06 0.83
49.03 39.56 0.80
49.03 40.05 0.77
49.03 40.54 0.74
49.03 41.04 0.71
49.03 41.53 0.69
49.03 42.03 0.66
49.03 42.52 0.64
49.03 43.02 0.62
49.03 43.51 0.59
49.03 44.01 0.57
49.03 44.50 0.55
49.53 0.50 0.54
49.53 0.99 0.55
49.53 1.49 0.58
49.53 1.98 0.60
49.53 2.48 0.62
49.53 2.97 0.64
49.53 3.47 0.67
49.53 3.96 0.69
49.53 4.46 0.72
49.53 4.95 0.74
49.53 5.44 0.77
49.53 5.94 0.80
49.53 6.43 0.83
49.53 6.93 0.86
49.53 7.42 0.89
49.53 7.92 0.93
49.53 8.41 0.96
49.53 8.90 1.00
49.53 9.40 1.03
49.53 9.89 1.07
49.53 10.39 1.11
49.53 10.88 1.15
49.53 11.38 1.19
49.53 11.87 1.23
49.53 12.37 1.28
49.53 12.86 1.32
49.53 13.35 1.36
49.53 13.85 1.41
49.53 14.34 1.45
49.53 14.84 1.50
49.53 15.33 1.54
49.53 15.83 1.58
49.53 16.32 1.63
49.53 16.81 1.67
49.53 17.31 1.71
49.53 17.80 1.75
49.53 18.30 1.78
49.53 18.79 1.82
49.53 19.29 1.85
49.53 19.78 1.87
49.53 20.28 1.89
49.53 20.77 1.91
49.53 21.26 1.93
49.53 21.76 1.94
49.53 22.25 1.94
49.53 22.75 1.94
49.53 23.24 1.94
49.53 23.74 1.93
49.53 24.23 1.91
49.53 24.72 1.89
49.53 25.22 1.87
49.53 25.71 1.85
49.53 26.21 1.82
49.53 26.70 1.78
49.53 27.20 1.75
49.53 27.69 1.71
49.53 28.19 1.67
49.53 28.68 1.63
49.53 29.17 1.58
49.53 29.67 1.54
49.53 30.16 1.50
49.53 30.66 1.45
49.53 31.15 1.41
49.53 31.65 1.36
49.53 32.14 1.32
49.53 32.63 1.28
49.53 33.13 1.23
49.53 33.62 1.19
49.53 34.12 1.15
49.53 34.61 1.11
49.53 35.11 1.07
49.53 35.60 1.03
49.53 36.10 1.00
49.53 36.59 0.96
49.53 37.08 0.93
49.53 37.58 0.89
49.53 38.07 0.86
49.53 38.57 0.83
49.53 39.06 0.80
49.53 39.56 0.77
49.53 40.05 0.74
49.53 40.54 0.72
49.53 41.04 0.69
49.53 41.53 0.67
49.53 42.03 0.64
49.53 42.52 0.62
49.53 43.02 0.60
49.53 43.51 0.58
49.53 44.01 0.55
49.53 44.50 0.54
50.02 0.50 0.52
50.02 0.99 0.54
50.02 1.49 0.56
50.02 1.98 0.58
50.02 2.48 0.60
50.02 2.97 0.62
50.02 3.47 0.64
50.02 3.96 0.67
50.02 4.46 0.69
50.02 4.95 0.72
50.02 5.44 0.74
50.02 5.94 0.77
50.02 6.43 0.80
50.02 6.93 0.83
50.02 7.42 0.86
50.02 7.92 0.89
50.02 8.41 0.92
50.02 8.90 0.95
50.02 9.40 0.99
50.02 9.89 1.02
50.02 10.39 1.06
50.02 10.88 1.10
50.02 11.38 1.13
50.02 11.87 1.17
50.02 12.37 1.21
50.02 12.86 1.25
50.02 13.35 1.29
50.02 13.85 1.33
50.02 14.34 1.37
50.02 14.84 1.41
50.02 15.33 1.45
50.02 15.83 1.49
50.02 16.32 1.53
50.02 16.81 1.57
50.02 17.31 1.60
50.02 17.80 1.64
50.02 18.30 1.67
50.02 18.79 1.70
50.02 19.29 1.72
50.02 19.78 1.75
50.02 20.28 1.77
50.02 20.77 1.78
50.02 21.26 1.80
50.02 21.76 1.81
50.02 22.25 1.81
50.02 22.75 1.81
50.02 23.24 1.81
50.02 23.74 1.80
50.02 24.23 1.78
50.02 24.72 1.77
50.02 25.22 1.75
50.02 25.71 1.72
50.02 26.21 1.70
50.02 26.70 1.67
50.02 27.20 1.64
50.02 27.69 1.60
50.02 28.19 1.57
50.02 28.68 1.53
50.02 29.17 1.49
50.02 29.67 1.45
50.02 30.16 1.41
50.02 30.66 1.37
50.02 31.15 1.33
50.02 31.65 1.29
50.02 32.14 1.25
50.02 32.63 1.21
50.02 33.13 1.17
50.02 33.62 1.13
50.02 34.12 1.10
50.02 34.61 1.06
50.02 35.11 1.02
50.02 35.60 0.99
50.02 36.10 0.95
50.02 36.59 0.92
50.02 37.08 0.89
50.02 37.58 0.86
50.02 38.07 0.83
50.02 38.57 0.80
50.02 39.06 0.77
50.02 39.56 0.74
50.02 40.05 0.72
50.02 40.54 0.69
50.02 41.04 0.67
50.02 41.53 0.64
50.02 42.03 0.62
50.02 42.52 0.60
50.02 43.02 0.58
50.02 43.51 0.56
50.02 44.01 0.54
50.02 44.50 0.52
50.52 0.50 0.50
50.52 0.99 0.52
50.52 1.49 0.54
50.52 1.98 0.56
50.52 2.48 0.58
50.52 2.97 0.60
50.52 3.47 0.62
50.52 3.96 0.64
50.52 4.46 0.67
50.52 4.95 0.69
50.52 5.44 0.72
50.52 5.94 0.74
50.52 6.43 0.77
50.52 6.93 0.79
50.52 7.42 0.82
50.52 7.92 0.85
50.52 8.41 0.88
50.52 8.90 0.91
50.52 9.40 0.94
50.52 9.89 0.98
50.52 10.39 1.01
50.52 10.88 1.04
50.52 11.38 1.08
50.52 11.87 1.11
50.52 12.37 1.15
50.52 12.86 1.19
50.52 13.35 1.22
50.52 13.85 1.26
50.52 14.34 1.30
50.52 14.84 1.33
50.52 15.33 1.37
50.52 15.83 1.40
50.52 16.32 1.44
50.52 16.81 1.47
50.52 17.31 1.50
50.52 17.80 1.53
50.52 18.30 1.56
50.52 18.79 1.59
50.52 19.29 1.61
50.52 19.78 1.63
50.52 20.28 1.65
50.52 20.77 1.67
50.52 21.26 1.68
50.52 21.76 1.68
50.52 22.25 1.69
50.52 22.75 1.69
50.52 23.24 1.68
50.52 23.74 1.68
50.52 24.23 1.67
50.52 24.72 1.65
50.52 25.22 1.63
50.52 25.71 1.61
50.52 26.21 1.59
50.52 26.70 1.56
50.52 27.20 1.53
50.52 27.69 1.50
50.52 28.19 1.47
50.52 28.68 1.44
50.52 29.17 1.40
50.52 29.67 1.37
50.52 30.16 1.33
50.52 30.66 1.30
50.52 31.15 1.26
50.52 31.65 1.22
50.52 32.14 1.19
50.52 32.63 1.15
50.52 33.13 1.11
50.52 33.62 1.08
50.52 34.12 1.04
50.52 34.61 1.01
50.52 35.11 0.98
50.52 35.60 0.94
50.52 36.10 0.91
50.52 36.59 0.88
50.52 37.08 0.85
50.52 37.58 0.82
50.52 38.07 0.79
50.52 38.57 0.77
50.52 39.06 0.74
50.52 39.56 0.72
50.52 40.05 0.69
50.52 40.54 0.67
50.52 41.04 0.64
50.52 41.53 0.62
50.52 42.03 0.60
50.52 42.52 0.58
50.52 43.02 0.56
50.52 43.51 0.54
50.52 44.01 0.52
50.52 44.50 0.50
51.01 0.50 0.49
51.01 0.99 0.51
51.01 1.49 0.52
51.01 1.98 0.54
51.01 2.48 0.56
51.01 2.97 0.58
51.01 3.47 0.60
51.01 3.96 0.62
51.01 4.46 0.64
51.01 4.95 0.67
51.01 5.44 0.69
51.01 5.94 0.71
51.01 6.43 0.74
51.01 6.93 0.76
51.01 7.42 0.79
51.01 7.92 0.82
51.01 8.41 0.85
51.01 8.90 0.87
51.01 9.40 0.90
51.01 9.89 0.93
51.01 10.39 0.96
51.01 10.88 1.00
51.01 11.38 1.03
51.01 11.87 1.06
51.01 12.37 1.09
51.01 12.86 1.13
51.01 13.35 1.16
51.01 13.85 1.19
51.01 14.34 1.23
51.01 14.84 1.26
51.01 15.33 1.29
51.01 15.83 1.32
51.01 16.32 1.35
51.01 16.81 1.38
51.01 17.31 1.41
51.01 17.80 1.44
51.01 18.30 1.47
51.01 18.79 1.49
51.01 19.29 1.51
51.01 19.78 1.53
51.01 20.28 1.54
51.01 20.77 1.56
51.01 21.26 1.57
51.01 21.76 1.57
51.01 22.25 1.58
51.01 22.75 1.58
51.01 23.24 1.57
51.01 23.74 1.57
51.01 24.23 1.56
51.01 24.72 1.54
51.01 25.22 1.53
51.01 25.71 1.51
51.01 26.21 1.49
51.01 26.70 1.47
51.01 27.20 1.44
51.01 27.69 1.41
51.01 28.19 1.38
51.01 28.68 1.35
51.01 29.17 1.32
51.01 29.67 1.29
51.01 30.16 1.26
51.01 30.66 1.23
51.01 31.15 1.19
51.01 31.65 1.16
51.01 32.14 1.13
51.01 32.63 1.09
51.01 33.13 1.06
51.01 33.62 1.03
51.01 34.12 1.00
51.01 34.61 0.96
51.01 35.11 0.93
51.01 35.60 0.90
51.01 36.10 0.87
51.01 36.59 0.85
51.01 37.08 0.82
51.01 37.58 0.79
51.01 38.07 0.76
51.01 38.57 0.74
51.01 39.06 0.71
51.01 39.56 0.69
51.01 40.05 0.67
51.01 40.54 0.64
51.01 41.04 0.62
51.01 41.53 0.60
51.01 42.03 0.58
51.01 42.52 0.56
51.01 43.02 0.54
51.01 43.51 0.52
51.01 44.01 0.51
51.01 44.50 0.49
51.51 0.50 0.48
51.51 0.99 0.49
51.51 1.49 0.51
51.51 1.98 0.53
51.51 2.48 0.54
51.51 2.97 0.56
51.51 3.47 0.58
51.51 3.96 0.60
51.51 4.46 0.62
51.51 4.95 0.64
51.51 5.44 0.66
51.51 5.94 0.69
51.51 6.43 0.71
51.51 6.93 0.73
51.51 7.42 0.76
51.51 7.92 0.78
51.51 8.41 0.81
51.51 8.90 0.84
51.51 9.40 0.86
51.51 9.89 0.89
51.51 10.39 0.92
51.51 10.88 0.95
51.51 11.38 0.98
51.51 11.87 1.01
51.51 12.37 1.04
51.51 12.86 1.07
51.51 13.35 1.10
51.51 13.85 1.13
51.51 14.34 1.16
51.51 14.84 1.19
51.51 15.33 1.22
51.51 15.83 1.25
51.51 16.32 1.28
51.51 16.81 1.30
51.51 17.31 1.33
51.51 17.80 1.35
51.51 18.30 1.38
51.51 18.79 1.40
51.51 19.29 1.42
51.51 19.78 1.43
51.51 20.28 1.45
51.51 20.77 1.46
51.51 21.26 1.47
51.51 21.76 1.47
51.51 22.25 1.47
51.51 22.75 1.47
51.51 23.24 1.47
51.51 23.74 1.47
51.51 24.23 1.46
51.51 24.72 1.45
51.51 25.22 1.43
51.51 25.71 1.42
51.51 26.21 1.40
51.51 26.70 1.38
51.51 27.20 1.35
51.51 27.69 1.33
51.51 28.19 1.30
51.51 28.68 1.28
51.51 29.17 1.25
51.51 29.67 1.22
51.51 30.16 1.19
51.51 30.66 1.16
51.51 31.15 1.13
51.51 31.65 1.10
51.51 32.14 1.07
51.51 32.63 1.04
51.51 33.13 1.01
51.51 33.62 0.98
51.51 34.12 0.95
51.51 34.61 0.92
51.51 35.11 0.89
51.51 35.60 0.86
51.51 36.10 0.84
51.51 36.59 0.81
51.51 37.08 0.78
51.51 37.58 0.76
51.51 38.07 0.73
51.51 38.57 0.71
51.51 39.06 0.69
51.51 39.56 0.66
51.51 40.05 0.64
51.51 40.54 0.62
51.51 41.04 0.60
51.51 41.53 0.58
51.51 42.03 0.56
51.51 42.52 0.54
51.51 43.02 0.53
51.51 43.51 0.51
51.51 44.01 0.49
51.51 44.50 0.48
52.00 0.50 0.46
52.00 0.99 0.48
52.00 1.49 0.49
52.00 1.98 0.51
52.00 2.48 0.53
52.00 2.97 0.54
52.00 3.47 0.56
52.00 3.96 0.58
52.00 4.46 0.60
52.00 4.95 0.62
52.00 5.44 0.64
52.00 5.94 0.66
52.00 6.43 0.68
52.00 6.93 0.71
52.00 7.42 0.73
52.00 7.92 0.75
52.00 8.41 0.78
52.00 8.90 0.80
52.00 9.40 0.83
52.00 9.89 0.85
52.00 10.39 0.88
52.00 10.88 0.91
52.00 11.38 0.93
52.00 11.87 0.96
52.00 12.37 0.99
52.00 12.86 1.02
52.00 13.35 1.04
52.00 13.85 1.07
52.00 14.34 1.10
52.00 14.84 1.13
52.00 15.33 1.15
52.00 15.83 1.18
52.00 16.32 1.20
52.00 16.81 1.23
52.00 17.31 1.25
52.00 17.80 1.27
52.00 18.30 1.29
52.00 18.79 1.31
52.00 19.29 1.33
52.00 19.78 1.34
52.00 20.28 1.36
52.00 20.77 1.37
52.00 21.26 1.37
52.00 21.76 1.38
52.00 22.25 1.38
52.00 22.75 1.38
52.00 23.24 1.38
52.00 23.74 1.37
52.00 24.23 1.37
52.00 24.72 1.36
52.00 25.22 1.34
52.00 25.71 1.33
52.00 26.21 1.31
52.00 26.70 1.29
52.00 27.20 1.27
52.00 27.69 1.25
52.00 28.19 1.23
52.00 28.68 1.20
52.00 29.17 1.18
52.00 29.67 1.15
52.00 30.16 1.13
52.00 30.66 1.10
52.00 31.15 1.07
52.00 31.65 1.04
52.00 32.14 1.02
52.00 32.63 0.99
52.00 33.13 0.96
52.00 33.62 0.93
52.00 34.12 0.91
52.00 34.61 0.88
52.00 35.11 0.85
52.00 35.60 0.83
52.00 36.10 0.80
52.00 36.59 0.78
52.00 37.08 0.75
52.00 37.58 0.73
52.00 38.07 0.71
52.00 38.57 0.68
52.00 39.06 0.66
52.00 39.56 0.64
52.00 40.05 0.62
52.00 40.54 0.60
52.00 41.04 0.58
52.00 41.53 0.56
52.00 42.03 0.54
52.00 42.52 0.53
52.00 43.02 0.51
52.00 43.51 0.49
52.00 44.01 0.48
52.00 44.50 0.46
52.50 0.50 0.45
52.50 0.99 0.46
52.50 1.49 0.48
52.50 1.98 0.49
52.50 2.48 0.51
52.50 2.97 0.53
52.50 3.47 0.54
52.50 3.96 0.56
52.50 4.46 0.58
52.50 4.95 0.60
52.50 5.44 0.62
52.50 5.94 0.64
52.50 6.43 0.66
52.50 6.93 0.68
52.50 7.42 0.70
52.50 7.92 0.72
52.50 8.41 0.74
52.50 8.90 0.77
52.50 9.40 0.79
52.50 9.89 0.81
52.50 10.39 0.84
52.50 10.88 0.86
52.50 11.38 0.89
52.50 11.87 0.91
52.50 12.37 0.94
52.50 12.86 0.96
52.50 13.35 0.99
52.50 13.85 1.02
52.50 14.34 1.04
52.50 14.84 1.06
52.50 15.33 1.09
52.50 15.83 1.11
52.50 16.32 1.14
52.50 16.81 1.16
52.50 17.31 1.18
52.50 17.80 1.20
52.50 18.30 1.22
52.50 18.79 1.23
52.50 19.29 1.25
52.50 19.78 1.26
52.50 20.28 1.27
52.50 20.77 1.28
52.50 21.26 1.29
52.50 21.76 1.29
52.50 22.25 1.29
52.50 22.75 1.29
52.50 23.24 1.29
52.50 23.74 1.29
52.50 24.23 1.28
52.50 24.72 1.27
52.50 25.22 1.26
52.50 25.71 1.25
52.50 26.21 1.23
52.50 26.70 1.22
52.50 27.20 1.20
52.50 27.69 1.18
52.50 28.19 1.16
52.50 28.68 1.14
52.50 29.17 1.11
52.50 29.67 1.09
52.50 30.16 1.06
52.50 30.66 1.04
52.50 31.15 1.02
52.50 31.65 0.99
52.50 32.14 0.96
52.50 32.63 0.94
52.50 33.13 0.91
52.50 33.62 0.89
52.50 34.12 0.86
52.50 34.61 0.84
52.50 35.11 0.81
52.50 35.60 0.79
52.50 36.10 0.77
52.50 36.59 0.74
52.50 37.08 0.72
52.50 37.58 0.70
52.50 38.07 0.68
52.50 38.57 0.66
52.50 39.06 0.64
52.50 39.56 0.62
52.50 40.05 0.60
52.50 40.54 0.58
52.50 41.04 0.56
52.50 41.53 0.54
52.50 42.03 0.53
52.50 42.52 0.51
52.50 43.02 0.49
52.50 43.51 0.48
52.50 44.01 0.46
52.50 44.50 0.45
