# X(km) Y(km) Z(km) Density(kg/m3)
-10.000000 -10.000000 0.000000 0.000317
-10.000000 -10.000000 2.000000 0.014243
-10.000000 -10.000000 4.000000 0.028473
-10.000000 -10.000000 6.000000 0.042729
-10.000000 -10.000000 8.000000 0.057039
-10.000000 -10.000000 10.000000 0.071366
-10.000000 -10.000000 12.000000 0.085265
-10.000000 -7.047619 0.000000 0.000332
-10.000000 -7.047619 2.000000 0.015180
-10.000000 -7.047619 4.000000 0.030321
-10.000000 -7.047619 6.000000 0.045558
-10.000000 -7.047619 8.000000 0.061060
-10.000000 -7.047619 10.000000 0.076843
-10.000000 -7.047619 12.000000 0.092358
-10.000000 -4.095238 0.000000 0.000339
-10.000000 -4.095238 2.000000 0.015751
-10.000000 -4.095238 4.000000 0.031499
-10.000000 -4.095238 6.000000 0.047608
-10.000000 -4.095238 8.000000 0.064467
-10.000000 -4.095238 10.000000 0.082083
-10.000000 -4.095238 12.000000 0.099670
-10.000000 -1.142857 0.000000 0.000331
-10.000000 -1.142857 2.000000 0.015241
-10.000000 -1.142857 4.000000 0.031025
-10.000000 -1.142857 6.000000 0.048088
-10.000000 -1.142857 8.000000 0.066816
-10.000000 -1.142857 10.000000 0.086913
-10.000000 -1.142857 12.000000 0.107163
-10.000000 1.809524 0.000000 0.000316
-10.000000 1.809524 2.000000 0.013760
-10.000000 1.809524 4.000000 0.029317
-10.000000 1.809524 6.000000 0.047715
-10.000000 1.809524 8.000000 0.068927
-10.000000 1.809524 10.000000 0.092084
-10.000000 1.809524 12.000000 0.115434
-10.000000 4.761905 0.000000 0.000318
-10.000000 4.761905 2.000000 0.013226
-10.000000 4.761905 4.000000 0.029059
-10.000000 4.761905 6.000000 0.048919
-10.000000 4.761905 8.000000 0.072612
-10.000000 4.761905 10.000000 0.098807
-10.000000 4.761905 12.000000 0.125232
-10.000000 7.714286 0.000000 0.000337
-10.000000 7.714286 2.000000 0.013715
-10.000000 7.714286 4.000000 0.030540
-10.000000 7.714286 6.000000 0.052168
-10.000000 7.714286 8.000000 0.078337
-10.000000 7.714286 10.000000 0.107403
-10.000000 7.714286 12.000000 0.136666
-10.000000 10.666667 0.000000 0.000363
-10.000000 10.666667 2.000000 0.014547
-10.000000 10.666667 4.000000 0.032740
-10.000000 10.666667 6.000000 0.056456
-10.000000 10.666667 8.000000 0.085240
-10.000000 10.666667 10.000000 0.117105
-10.000000 10.666667 12.000000 0.148984
-10.000000 13.619048 0.000000 0.000384
-10.000000 13.619048 2.000000 0.015128
-10.000000 13.619048 4.000000 0.034676
-10.000000 13.619048 6.000000 0.060604
-10.000000 13.619048 8.000000 0.092063
-10.000000 13.619048 10.000000 0.126629
-10.000000 13.619048 12.000000 0.160892
-10.000000 16.571429 0.000000 0.000402
-10.000000 16.571429 2.000000 0.015486
-10.000000 16.571429 4.000000 0.036136
-10.000000 16.571429 6.000000 0.064010
-10.000000 16.571429 8.000000 0.097846
-10.000000 16.571429 10.000000 0.134759
-10.000000 16.571429 12.000000 0.171010
-10.000000 19.523810 0.000000 0.000417
-10.000000 19.523810 2.000000 0.015948
-10.000000 19.523810 4.000000 0.037503
-10.000000 19.523810 6.000000 0.066778
-10.000000 19.523810 8.000000 0.102239
-10.000000 19.523810 10.000000 0.140695
-10.000000 19.523810 12.000000 0.178209
-10.000000 22.476190 0.000000 0.000428
-10.000000 22.476190 2.000000 0.016841
-10.000000 22.476190 4.000000 0.039208
-10.000000 22.476190 6.000000 0.069121
-10.000000 22.476190 8.000000 0.105046
-10.000000 22.476190 10.000000 0.143850
-10.000000 22.476190 12.000000 0.181626
-10.000000 25.428571 0.000000 0.000435
-10.000000 25.428571 2.000000 0.018058
-10.000000 25.428571 4.000000 0.040832
-10.000000 25.428571 6.000000 0.070325
-10.000000 25.428571 8.000000 0.105454
-10.000000 25.428571 10.000000 0.143459
-10.000000 25.428571 12.000000 0.180591
-10.000000 28.380952 0.000000 0.000418
-10.000000 28.380952 2.000000 0.017550
-10.000000 28.380952 4.000000 0.039621
-10.000000 28.380952 6.000000 0.068136
-10.000000 28.380952 8.000000 0.102097
-10.000000 28.380952 10.000000 0.138901
-10.000000 28.380952 12.000000 0.174959
-10.000000 31.333333 0.000000 0.000386
-10.000000 31.333333 2.000000 0.015620
-10.000000 31.333333 4.000000 0.036075
-10.000000 31.333333 6.000000 0.063218
-10.000000 31.333333 8.000000 0.095803
-10.000000 31.333333 10.000000 0.131139
-10.000000 31.333333 12.000000 0.165770
-10.000000 34.285714 0.000000 0.000362
-10.000000 34.285714 2.000000 0.014495
-10.000000 34.285714 4.000000 0.033536
-10.000000 34.285714 6.000000 0.058870
-10.000000 34.285714 8.000000 0.089329
-10.000000 34.285714 10.000000 0.122404
-10.000000 34.285714 12.000000 0.154905
-10.000000 37.238095 0.000000 0.000351
-10.000000 37.238095 2.000000 0.014612
-10.000000 37.238095 4.000000 0.032852
-10.000000 37.238095 6.000000 0.056255
-10.000000 37.238095 8.000000 0.084012
-10.000000 37.238095 10.000000 0.114115
-10.000000 37.238095 12.000000 0.143822
-10.000000 40.190476 0.000000 0.000342
-10.000000 40.190476 2.000000 0.014588
-10.000000 40.190476 4.000000 0.032176
-10.000000 40.190476 6.000000 0.053948
-10.000000 40.190476 8.000000 0.079196
-10.000000 40.190476 10.000000 0.106315
-10.000000 40.190476 12.000000 0.133063
-10.000000 43.142857 0.000000 0.000335
-10.000000 43.142857 2.000000 0.014274
-10.000000 43.142857 4.000000 0.031154
-10.000000 43.142857 6.000000 0.051488
-10.000000 43.142857 8.000000 0.074517
-10.000000 43.142857 10.000000 0.098897
-10.000000 43.142857 12.000000 0.122818
-10.000000 46.095238 0.000000 0.000338
-10.000000 46.095238 2.000000 0.014491
-10.000000 46.095238 4.000000 0.030818
-10.000000 46.095238 6.000000 0.049622
-10.000000 46.095238 8.000000 0.070373
-10.000000 46.095238 10.000000 0.092068
-10.000000 46.095238 12.000000 0.113275
-10.000000 49.047619 0.000000 0.000343
-10.000000 49.047619 2.000000 0.014852
-10.000000 49.047619 4.000000 0.030734
-10.000000 49.047619 6.000000 0.048082
-10.000000 49.047619 8.000000 0.066639
-10.000000 49.047619 10.000000 0.085789
-10.000000 49.047619 12.000000 0.104451
-10.000000 52.000000 0.000000 0.000340
-10.000000 52.000000 2.000000 0.014830
-10.000000 52.000000 4.000000 0.030157
-10.000000 52.000000 6.000000 0.046224
-10.000000 52.000000 8.000000 0.062918
-10.000000 52.000000 10.000000 0.079891
-10.000000 52.000000 12.000000 0.096355
-7.166667 -10.000000 0.000000 0.000337
-7.166667 -10.000000 2.000000 0.015441
-7.166667 -10.000000 4.000000 0.030807
-7.166667 -10.000000 6.000000 0.046199
-7.166667 -10.000000 8.000000 0.061779
-7.166667 -10.000000 10.000000 0.077577
-7.166667 -10.000000 12.000000 0.093069
-7.166667 -7.047619 0.000000 0.000347
-7.166667 -7.047619 2.000000 0.016829
-7.166667 -7.047619 4.000000 0.033111
-7.166667 -7.047619 6.000000 0.049223
-7.166667 -7.047619 8.000000 0.065881
-7.166667 -7.047619 10.000000 0.083338
-7.166667 -7.047619 12.000000 0.100876
-7.166667 -4.095238 0.000000 0.000341
-7.166667 -4.095238 2.000000 0.018354
-7.166667 -4.095238 4.000000 0.034760
-7.166667 -4.095238 6.000000 0.050764
-7.166667 -4.095238 8.000000 0.068468
-7.166667 -4.095238 10.000000 0.088209
-7.166667 -4.095238 12.000000 0.108633
-7.166667 -1.142857 0.000000 0.000279
-7.166667 -1.142857 2.000000 0.016478
-7.166667 -1.142857 4.000000 0.031014
-7.166667 -1.142857 6.000000 0.047286
-7.166667 -1.142857 8.000000 0.067739
-7.166667 -1.142857 10.000000 0.091571
-7.166667 -1.142857 12.000000 0.116281
-7.166667 1.809524 0.000000 0.000138
-7.166667 1.809524 2.000000 0.006484
-7.166667 1.809524 4.000000 0.018946
-7.166667 1.809524 6.000000 0.038957
-7.166667 1.809524 8.000000 0.065197
-7.166667 1.809524 10.000000 0.095012
-7.166667 1.809524 12.000000 0.125094
-7.166667 4.761905 0.000000 0.000103
-7.166667 4.761905 2.000000 0.003981
-7.166667 4.761905 4.000000 0.015023
-7.166667 4.761905 6.000000 0.036596
-7.166667 4.761905 8.000000 0.066911
-7.166667 4.761905 10.000000 0.101865
-7.166667 4.761905 12.000000 0.136933
-7.166667 7.714286 0.000000 0.000100
-7.166667 7.714286 2.000000 0.003524
-7.166667 7.714286 4.000000 0.015406
-7.166667 7.714286 6.000000 0.039352
-7.166667 7.714286 8.000000 0.073445
-7.166667 7.714286 10.000000 0.112865
-7.166667 7.714286 12.000000 0.152246
-7.166667 10.666667 0.000000 0.000115
-7.166667 10.666667 2.000000 0.003892
-7.166667 10.666667 4.000000 0.017201
-7.166667 10.666667 6.000000 0.044394
-7.166667 10.666667 8.000000 0.082746
-7.166667 10.666667 10.000000 0.126543
-7.166667 10.666667 12.000000 0.169810
-7.166667 13.619048 0.000000 0.000091
-7.166667 13.619048 2.000000 0.001710
-7.166667 13.619048 4.000000 0.017067
-7.166667 13.619048 6.000000 0.048843
-7.166667 13.619048 8.000000 0.092182
-7.166667 13.619048 10.000000 0.140475
-7.166667 13.619048 12.000000 0.187381
-7.166667 16.571429 0.000000 0.000073
-7.166667 16.571429 2.000000 -0.000714
-7.166667 16.571429 4.000000 0.015671
-7.166667 16.571429 6.000000 0.051499
-7.166667 16.571429 8.000000 0.099722
-7.166667 16.571429 10.000000 0.152346
-7.166667 16.571429 12.000000 0.202530
-7.166667 19.523810 0.000000 0.000075
-7.166667 19.523810 2.000000 -0.001773
-7.166667 19.523810 4.000000 0.015398
-7.166667 19.523810 6.000000 0.053978
-7.166667 19.523810 8.000000 0.105566
-7.166667 19.523810 10.000000 0.161132
-7.166667 19.523810 12.000000 0.213451
-7.166667 22.476190 0.000000 0.000073
-7.166667 22.476190 2.000000 -0.001244
-7.166667 22.476190 4.000000 0.017788
-7.166667 22.476190 6.000000 0.057967
-7.166667 22.476190 8.000000 0.110339
-7.166667 22.476190 10.000000 0.166271
-7.166667 22.476190 12.000000 0.218809
-7.166667 25.428571 0.000000 0.000144
-7.166667 25.428571 2.000000 0.007057
-7.166667 25.428571 4.000000 0.027313
-7.166667 25.428571 6.000000 0.064245
-7.166667 25.428571 8.000000 0.113016
-7.166667 25.428571 10.000000 0.166390
-7.166667 25.428571 12.000000 0.217360
-7.166667 28.380952 0.000000 0.000119
-7.166667 28.380952 2.000000 0.006265
-7.166667 28.380952 4.000000 0.025805
-7.166667 28.380952 6.000000 0.061222
-7.166667 28.380952 8.000000 0.107916
-7.166667 28.380952 10.000000 0.159222
-7.166667 28.380952 12.000000 0.208487
-7.166667 31.333333 0.000000 0.000048
-7.166667 31.333333 2.000000 -0.000725
-7.166667 31.333333 4.000000 0.015480
-7.166667 31.333333 6.000000 0.050348
-7.166667 31.333333 8.000000 0.096561
-7.166667 31.333333 10.000000 0.146560
-7.166667 31.333333 12.000000 0.194130
-7.166667 34.285714 0.000000 0.000038
-7.166667 34.285714 2.000000 -0.001724
-7.166667 34.285714 4.000000 0.012529
-7.166667 34.285714 6.000000 0.044556
-7.166667 34.285714 8.000000 0.087399
-7.166667 34.285714 10.000000 0.133847
-7.166667 34.285714 12.000000 0.178164
-7.166667 37.238095 0.000000 0.000095
-7.166667 37.238095 2.000000 0.003966
-7.166667 37.238095 4.000000 0.018537
-7.166667 37.238095 6.000000 0.046245
-7.166667 37.238095 8.000000 0.083118
-7.166667 37.238095 10.000000 0.123741
-7.166667 37.238095 12.000000 0.163159
-7.166667 40.190476 0.000000 0.000132
-7.166667 40.190476 2.000000 0.006011
-7.166667 40.190476 4.000000 0.021332
-7.166667 40.190476 6.000000 0.047058
-7.166667 40.190476 8.000000 0.079594
-7.166667 40.190476 10.000000 0.114953
-7.166667 40.190476 12.000000 0.149405
-7.166667 43.142857 0.000000 0.000148
-7.166667 43.142857 2.000000 0.005195
-7.166667 43.142857 4.000000 0.020627
-7.166667 43.142857 6.000000 0.045532
-7.166667 43.142857 8.000000 0.075301
-7.166667 43.142857 10.000000 0.106578
-7.166667 43.142857 12.000000 0.136713
-7.166667 46.095238 0.000000 0.000225
-7.166667 46.095238 2.000000 0.009117
-7.166667 46.095238 4.000000 0.024490
-7.166667 46.095238 6.000000 0.046494
-7.166667 46.095238 8.000000 0.072283
-7.166667 46.095238 10.000000 0.099280
-7.166667 46.095238 12.000000 0.125313
-7.166667 49.047619 0.000000 0.000306
-7.166667 49.047619 2.000000 0.013038
-7.166667 49.047619 4.000000 0.028907
-7.166667 49.047619 6.000000 0.048297
-7.166667 49.047619 8.000000 0.070135
-7.166667 49.047619 10.000000 0.092967
-7.166667 49.047619 12.000000 0.115152
-7.166667 52.000000 0.000000 0.000344
-7.166667 52.000000 2.000000 0.014883
-7.166667 52.000000 4.000000 0.030917
-7.166667 52.000000 6.000000 0.048554
-7.166667 52.000000 8.000000 0.067476
-7.166667 52.000000 10.000000 0.086995
-7.166667 52.000000 12.000000 0.105990
-4.333333 -10.000000 0.000000 0.000354
-4.333333 -10.000000 2.000000 0.016606
-4.333333 -10.000000 4.000000 0.033045
-4.333333 -10.000000 6.000000 0.049566
-4.333333 -10.000000 8.000000 0.066548
-4.333333 -10.000000 10.000000 0.084089
-4.333333 -10.000000 12.000000 0.101517
-4.333333 -7.047619 0.000000 0.000356
-4.333333 -7.047619 2.000000 0.019297
-4.333333 -7.047619 4.000000 0.036452
-4.333333 -7.047619 6.000000 0.052789
-4.333333 -7.047619 8.000000 0.070419
-4.333333 -7.047619 10.000000 0.089886
-4.333333 -7.047619 12.000000 0.110018
-4.333333 -4.095238 0.000000 0.000374
-4.333333 -4.095238 2.000000 0.029108
-4.333333 -4.095238 4.000000 0.043498
-4.333333 -4.095238 6.000000 0.054549
-4.333333 -4.095238 8.000000 0.071365
-4.333333 -4.095238 10.000000 0.093679
-4.333333 -4.095238 12.000000 0.118029
-4.333333 -1.142857 0.000000 0.000335
-4.333333 -1.142857 2.000000 0.045546
-4.333333 -1.142857 4.000000 0.041132
-4.333333 -1.142857 6.000000 0.043431
-4.333333 -1.142857 8.000000 0.063939
-4.333333 -1.142857 10.000000 0.093753
-4.333333 -1.142857 12.000000 0.125405
-4.333333 1.809524 0.000000 -0.000743
-4.333333 1.809524 2.000000 -0.035961
-4.333333 1.809524 4.000000 -0.024273
-4.333333 1.809524 6.000000 0.008301
-4.333333 1.809524 8.000000 0.049459
-4.333333 1.809524 10.000000 0.093092
-4.333333 1.809524 12.000000 0.134597
-4.333333 4.761905 0.000000 -0.000489
-4.333333 4.761905 2.000000 -0.013199
-4.333333 4.761905 4.000000 -0.024060
-4.333333 4.761905 6.000000 0.001325
-4.333333 4.761905 8.000000 0.047621
-4.333333 4.761905 10.000000 0.099935
-4.333333 4.761905 12.000000 0.149578
-4.333333 7.714286 0.000000 -0.000789
-4.333333 7.714286 2.000000 -0.029922
-4.333333 7.714286 4.000000 -0.030541
-4.333333 7.714286 6.000000 0.002080
-4.333333 7.714286 8.000000 0.055456
-4.333333 7.714286 10.000000 0.115086
-4.333333 7.714286 12.000000 0.171305
-4.333333 10.666667 0.000000 -0.000609
-4.333333 10.666667 2.000000 -0.018362
-4.333333 10.666667 4.000000 -0.026793
-4.333333 10.666667 6.000000 0.009333
-4.333333 10.666667 8.000000 0.069763
-4.333333 10.666667 10.000000 0.136102
-4.333333 10.666667 12.000000 0.197885
-4.333333 13.619048 0.000000 -0.001089
-4.333333 13.619048 2.000000 -0.047673
-4.333333 13.619048 4.000000 -0.035995
-4.333333 13.619048 6.000000 0.015916
-4.333333 13.619048 8.000000 0.085563
-4.333333 13.619048 10.000000 0.158617
-4.333333 13.619048 12.000000 0.225507
-4.333333 16.571429 0.000000 -0.001289
-4.333333 16.571429 2.000000 -0.063233
-4.333333 16.571429 4.000000 -0.050531
-4.333333 16.571429 6.000000 0.014221
-4.333333 16.571429 8.000000 0.095854
-4.333333 16.571429 10.000000 0.177361
-4.333333 16.571429 12.000000 0.249650
-4.333333 19.523810 0.000000 -0.001217
-4.333333 19.523810 2.000000 -0.064185
-4.333333 19.523810 4.000000 -0.055457
-4.333333 19.523810 6.000000 0.014583
-4.333333 19.523810 8.000000 0.103800
-4.333333 19.523810 10.000000 0.191267
-4.333333 19.523810 12.000000 0.267250
-4.333333 22.476190 0.000000 -0.001605
-4.333333 22.476190 2.000000 -0.088457
-4.333333 22.476190 4.000000 -0.064376
-4.333333 22.476190 6.000000 0.018295
-4.333333 22.476190 8.000000 0.111490
-4.333333 22.476190 10.000000 0.199810
-4.333333 22.476190 12.000000 0.275957
-4.333333 25.428571 0.000000 -0.000891
-4.333333 25.428571 2.000000 -0.020224
-4.333333 25.428571 4.000000 -0.007478
-4.333333 25.428571 6.000000 0.045046
-4.333333 25.428571 8.000000 0.120681
-4.333333 25.428571 10.000000 0.200950
-4.333333 25.428571 12.000000 0.273489
-4.333333 28.380952 0.000000 -0.001136
-4.333333 28.380952 2.000000 -0.034371
-4.333333 28.380952 4.000000 -0.012458
-4.333333 28.380952 6.000000 0.040505
-4.333333 28.380952 8.000000 0.112188
-4.333333 28.380952 10.000000 0.188611
-4.333333 28.380952 12.000000 0.258431
-4.333333 31.333333 0.000000 -0.001320
-4.333333 31.333333 2.000000 -0.065834
-4.333333 31.333333 4.000000 -0.056763
-4.333333 31.333333 6.000000 0.008511
-4.333333 31.333333 8.000000 0.088297
-4.333333 31.333333 10.000000 0.166095
-4.333333 31.333333 12.000000 0.234523
-4.333333 34.285714 0.000000 -0.001265
-4.333333 34.285714 2.000000 -0.067188
-4.333333 34.285714 4.000000 -0.060516
-4.333333 34.285714 6.000000 -0.000091
-4.333333 34.285714 8.000000 0.074157
-4.333333 34.285714 10.000000 0.146196
-4.333333 34.285714 12.000000 0.209577
-4.333333 37.238095 0.000000 -0.000851
-4.333333 37.238095 2.000000 -0.028019
-4.333333 37.238095 4.000000 -0.020071
-4.333333 37.238095 6.000000 0.019528
-4.333333 37.238095 8.000000 0.075212
-4.333333 37.238095 10.000000 0.133939
-4.333333 37.238095 12.000000 0.188173
-4.333333 40.190476 0.000000 -0.000652
-4.333333 40.190476 2.000000 -0.023326
-4.333333 40.190476 4.000000 -0.006752
-4.333333 40.190476 6.000000 0.030345
-4.333333 40.190476 8.000000 0.076307
-4.333333 40.190476 10.000000 0.124440
-4.333333 40.190476 12.000000 0.169853
-4.333333 43.142857 0.000000 -0.000757
-4.333333 43.142857 2.000000 -0.042112
-4.333333 43.142857 4.000000 -0.017770
-4.333333 43.142857 6.000000 0.027471
-4.333333 43.142857 8.000000 0.072390
-4.333333 43.142857 10.000000 0.114726
-4.333333 43.142857 12.000000 0.153506
-4.333333 46.095238 0.000000 -0.000236
-4.333333 46.095238 2.000000 -0.011414
-4.333333 46.095238 4.000000 0.003592
-4.333333 46.095238 6.000000 0.035495
-4.333333 46.095238 8.000000 0.071500
-4.333333 46.095238 10.000000 0.106788
-4.333333 46.095238 12.000000 0.139410
-4.333333 49.047619 0.000000 0.000176
-4.333333 49.047619 2.000000 0.007028
-4.333333 49.047619 4.000000 0.022250
-4.333333 49.047619 6.000000 0.045460
-4.333333 49.047619 8.000000 0.072615
-4.333333 49.047619 10.000000 0.100664
-4.333333 49.047619 12.000000 0.127432
-4.333333 52.000000 0.000000 0.000329
-4.333333 52.000000 2.000000 0.014035
-4.333333 52.000000 4.000000 0.030561
-4.333333 52.000000 6.000000 0.050211
-4.333333 52.000000 8.000000 0.072059
-4.333333 52.000000 10.000000 0.094808
-4.333333 52.000000 12.000000 0.116907
-1.500000 -10.000000 0.000000 0.000363
-1.500000 -10.000000 2.000000 0.017206
-1.500000 -10.000000 4.000000 0.034439
-1.500000 -10.000000 6.000000 0.052182
-1.500000 -10.000000 8.000000 0.070926
-1.500000 -10.000000 10.000000 0.090675
-1.500000 -10.000000 12.000000 0.110486
-1.500000 -7.047619 0.000000 0.000337
-1.500000 -7.047619 2.000000 0.020425
-1.500000 -7.047619 4.000000 0.037429
-1.500000 -7.047619 6.000000 0.054067
-1.500000 -7.047619 8.000000 0.073546
-1.500000 -7.047619 10.000000 0.096084
-1.500000 -7.047619 12.000000 0.119720
-1.500000 -4.095238 0.000000 0.000446
-1.500000 -4.095238 2.000000 0.052800
-1.500000 -4.095238 4.000000 0.052701
-1.500000 -4.095238 6.000000 0.053556
-1.500000 -4.095238 8.000000 0.070722
-1.500000 -4.095238 10.000000 0.097948
-1.500000 -4.095238 12.000000 0.128046
-1.500000 -1.142857 0.000000 0.002945
-1.500000 -1.142857 2.000000 0.374416
-1.500000 -1.142857 4.000000 0.091081
-1.500000 -1.142857 6.000000 0.028461
-1.500000 -1.142857 8.000000 0.051713
-1.500000 -1.142857 10.000000 0.093246
-1.500000 -1.142857 12.000000 0.135397
-1.500000 1.809524 0.000000 -0.007358
-1.500000 1.809524 2.000000 -0.413769
-1.500000 1.809524 4.000000 -0.214577
-1.500000 1.809524 6.000000 -0.074735
-1.500000 1.809524 8.000000 0.015987
-1.500000 1.809524 10.000000 0.087029
-1.500000 1.809524 12.000000 0.145942
-1.500000 4.761905 0.000000 0.002464
-1.500000 4.761905 2.000000 0.327498
-1.500000 4.761905 4.000000 -0.094848
-1.500000 4.761905 6.000000 -0.073823
-1.500000 4.761905 8.000000 0.011740
-1.500000 4.761905 10.000000 0.095454
-1.500000 4.761905 12.000000 0.166702
-1.500000 7.714286 0.000000 -0.004857
-1.500000 7.714286 2.000000 -0.113706
-1.500000 7.714286 4.000000 -0.181813
-1.500000 7.714286 6.000000 -0.084992
-1.500000 7.714286 8.000000 0.021966
-1.500000 7.714286 10.000000 0.118365
-1.500000 7.714286 12.000000 0.199317
-1.500000 10.666667 0.000000 0.000563
-1.500000 10.666667 2.000000 0.195169
-1.500000 10.666667 4.000000 -0.150639
-1.500000 10.666667 6.000000 -0.070198
-1.500000 10.666667 8.000000 0.047173
-1.500000 10.666667 10.000000 0.152868
-1.500000 10.666667 12.000000 0.241260
-1.500000 13.619048 0.000000 -0.006381
-1.500000 13.619048 2.000000 -0.234737
-1.500000 13.619048 4.000000 -0.155387
-1.500000 13.619048 6.000000 -0.034828
-1.500000 13.619048 8.000000 0.081952
-1.500000 13.619048 10.000000 0.192405
-1.500000 13.619048 12.000000 0.286676
-1.500000 16.571429 0.000000 -0.006556
-1.500000 16.571429 2.000000 -0.259337
-1.500000 16.571429 4.000000 -0.224575
-1.500000 16.571429 6.000000 -0.051256
-1.500000 16.571429 8.000000 0.097800
-1.500000 16.571429 10.000000 0.224643
-1.500000 16.571429 12.000000 0.327356
-1.500000 19.523810 0.000000 -0.003389
-1.500000 19.523810 2.000000 -0.085948
-1.500000 19.523810 4.000000 -0.210777
-1.500000 19.523810 6.000000 -0.049895
-1.500000 19.523810 8.000000 0.111782
-1.500000 19.523810 10.000000 0.249294
-1.500000 19.523810 12.000000 0.357698
-1.500000 22.476190 0.000000 -0.008601
-1.500000 22.476190 2.000000 -0.334912
-1.500000 22.476190 4.000000 -0.302863
-1.500000 22.476190 6.000000 -0.056870
-1.500000 22.476190 8.000000 0.123350
-1.500000 22.476190 10.000000 0.263817
-1.500000 22.476190 12.000000 0.372360
-1.500000 25.428571 0.000000 -0.004001
-1.500000 25.428571 2.000000 -0.092716
-1.500000 25.428571 4.000000 -0.066044
-1.500000 25.428571 6.000000 0.015256
-1.500000 25.428571 8.000000 0.140854
-1.500000 25.428571 10.000000 0.264302
-1.500000 25.428571 12.000000 0.366786
-1.500000 28.380952 0.000000 -0.008889
-1.500000 28.380952 2.000000 -0.365224
-1.500000 28.380952 4.000000 -0.085353
-1.500000 28.380952 6.000000 0.012065
-1.500000 28.380952 8.000000 0.125632
-1.500000 28.380952 10.000000 0.241137
-1.500000 28.380952 12.000000 0.339550
-1.500000 31.333333 0.000000 -0.004146
-1.500000 31.333333 2.000000 -0.062529
-1.500000 31.333333 4.000000 -0.248087
-1.500000 31.333333 6.000000 -0.075179
-1.500000 31.333333 8.000000 0.077284
-1.500000 31.333333 10.000000 0.200472
-1.500000 31.333333 12.000000 0.298209
-1.500000 34.285714 0.000000 -0.004933
-1.500000 34.285714 2.000000 -0.148035
-1.500000 34.285714 4.000000 -0.266173
-1.500000 34.285714 6.000000 -0.089742
-1.500000 34.285714 8.000000 0.053842
-1.500000 34.285714 10.000000 0.167099
-1.500000 34.285714 12.000000 0.256986
-1.500000 37.238095 0.000000 -0.005719
-1.500000 37.238095 2.000000 -0.235533
-1.500000 37.238095 4.000000 -0.114845
-1.500000 37.238095 6.000000 -0.025707
-1.500000 37.238095 8.000000 0.064585
-1.500000 37.238095 10.000000 0.149745
-1.500000 37.238095 12.000000 0.223753
-1.500000 40.190476 0.000000 -0.004681
-1.500000 40.190476 2.000000 -0.224612
-1.500000 40.190476 4.000000 -0.044490
-1.500000 40.190476 6.000000 0.015625
-1.500000 40.190476 8.000000 0.075540
-1.500000 40.190476 10.000000 0.138534
-1.500000 40.190476 12.000000 0.197364
-1.500000 43.142857 0.000000 -0.005785
-1.500000 43.142857 2.000000 -0.282659
-1.500000 43.142857 4.000000 -0.106183
-1.500000 43.142857 6.000000 0.005067
-1.500000 43.142857 8.000000 0.071601
-1.500000 43.142857 10.000000 0.126418
-1.500000 43.142857 12.000000 0.175114
-1.500000 46.095238 0.000000 -0.002019
-1.500000 46.095238 2.000000 -0.082557
-1.500000 46.095238 4.000000 -0.043339
-1.500000 46.095238 6.000000 0.018751
-1.500000 46.095238 8.000000 0.071267
-1.500000 46.095238 10.000000 0.116631
-1.500000 46.095238 12.000000 0.156763
-1.500000 49.047619 0.000000 -0.000097
-1.500000 49.047619 2.000000 -0.006301
-1.500000 49.047619 4.000000 0.010253
-1.500000 49.047619 6.000000 0.041119
-1.500000 49.047619 8.000000 0.075712
-1.500000 49.047619 10.000000 0.109958
-1.500000 49.047619 12.000000 0.141908
-1.500000 52.000000 0.000000 0.000305
-1.500000 52.000000 2.000000 0.012624
-1.500000 52.000000 4.000000 0.029824
-1.500000 52.000000 6.000000 0.052062
-1.500000 52.000000 8.000000 0.077370
-1.500000 52.000000 10.000000 0.103769
-1.500000 52.000000 12.000000 0.129324
1.333333 -10.000000 0.000000 0.000365
1.333333 -10.000000 2.000000 0.016860
1.333333 -10.000000 4.000000 0.034584
1.333333 -10.000000 6.000000 0.053871
1.333333 -10.000000 8.000000 0.074964
1.333333 -10.000000 10.000000 0.097505
1.333333 -10.000000 12.000000 0.120175
1.333333 -7.047619 0.000000 0.000254
1.333333 -7.047619 2.000000 0.015179
1.333333 -7.047619 4.000000 0.031671
1.333333 -7.047619 6.000000 0.051254
1.333333 -7.047619 8.000000 0.075095
1.333333 -7.047619 10.000000 0.102359
1.333333 -7.047619 12.000000 0.130506
1.333333 -4.095238 0.000000 -0.000267
1.333333 -4.095238 2.000000 0.006473
1.333333 -4.095238 4.000000 0.020864
1.333333 -4.095238 6.000000 0.037314
1.333333 -4.095238 8.000000 0.066008
1.333333 -4.095238 10.000000 0.102407
1.333333 -4.095238 12.000000 0.140055
1.333333 -1.142857 0.000000 -0.005994
1.333333 -1.142857 2.000000 -0.373533
1.333333 -1.142857 4.000000 -0.055044
1.333333 -1.142857 6.000000 -0.019553
1.333333 -1.142857 8.000000 0.035217
1.333333 -1.142857 10.000000 0.094808
1.333333 -1.142857 12.000000 0.149489
1.333333 1.809524 0.000000 -0.000065
1.333333 1.809524 2.000000 0.137520
1.333333 1.809524 4.000000 -0.503584
1.333333 1.809524 6.000000 -0.177505
1.333333 1.809524 8.000000 -0.015775
1.333333 1.809524 10.000000 0.087104
1.333333 1.809524 12.000000 0.164978
1.333333 4.761905 0.000000 -0.001415
1.333333 4.761905 2.000000 0.000547
1.333333 4.761905 4.000000 -0.359285
1.333333 4.761905 6.000000 -0.174578
1.333333 4.761905 8.000000 -0.019382
1.333333 4.761905 10.000000 0.101791
1.333333 4.761905 12.000000 0.196626
1.333333 7.714286 0.000000 -0.000749
1.333333 7.714286 2.000000 0.056324
1.333333 7.714286 4.000000 -0.509920
1.333333 7.714286 6.000000 -0.188480
1.333333 7.714286 8.000000 0.001086
1.333333 7.714286 10.000000 0.139733
1.333333 7.714286 12.000000 0.247584
1.333333 10.666667 0.000000 -0.002216
1.333333 10.666667 2.000000 -0.012279
1.333333 10.666667 4.000000 -0.503123
1.333333 10.666667 6.000000 -0.164782
1.333333 10.666667 8.000000 0.043319
1.333333 10.666667 10.000000 0.196444
1.333333 10.666667 12.000000 0.314878
1.333333 13.619048 0.000000 -0.002862
1.333333 13.619048 2.000000 -0.058438
1.333333 13.619048 4.000000 -0.073265
1.333333 13.619048 6.000000 -0.032676
1.333333 13.619048 8.000000 0.111306
1.333333 13.619048 10.000000 0.264854
1.333333 13.619048 12.000000 0.390921
1.333333 16.571429 0.000000 -0.002074
1.333333 16.571429 2.000000 0.011935
1.333333 16.571429 4.000000 -0.340758
1.333333 16.571429 6.000000 -0.086270
1.333333 16.571429 8.000000 0.139754
1.333333 16.571429 10.000000 0.324384
1.333333 16.571429 12.000000 0.462751
1.333333 19.523810 0.000000 -0.003114
1.333333 19.523810 2.000000 -0.013444
1.333333 19.523810 4.000000 -0.287796
1.333333 19.523810 6.000000 -0.068940
1.333333 19.523810 8.000000 0.174636
1.333333 19.523810 10.000000 0.374245
1.333333 19.523810 12.000000 0.518782
1.333333 22.476190 0.000000 -0.003209
1.333333 22.476190 2.000000 -0.034644
1.333333 22.476190 4.000000 -0.406424
1.333333 22.476190 6.000000 -0.063622
1.333333 22.476190 8.000000 0.201363
1.333333 22.476190 10.000000 0.402133
1.333333 22.476190 12.000000 0.545052
1.333333 25.428571 0.000000 -0.004392
1.333333 25.428571 2.000000 -0.117061
1.333333 25.428571 4.000000 -0.263399
1.333333 25.428571 6.000000 -0.021347
1.333333 25.428571 8.000000 0.207921
1.333333 25.428571 10.000000 0.394207
1.333333 25.428571 12.000000 0.531193
1.333333 28.380952 0.000000 -0.003843
1.333333 28.380952 2.000000 -0.115375
1.333333 28.380952 4.000000 -0.097276
1.333333 28.380952 6.000000 -0.008146
1.333333 28.380952 8.000000 0.174775
1.333333 28.380952 10.000000 0.346639
1.333333 28.380952 12.000000 0.479245
1.333333 31.333333 0.000000 -0.002187
1.333333 31.333333 2.000000 0.000359
1.333333 31.333333 4.000000 -0.439842
1.333333 31.333333 6.000000 -0.137721
1.333333 31.333333 8.000000 0.096913
1.333333 31.333333 10.000000 0.274456
1.333333 31.333333 12.000000 0.405754
1.333333 34.285714 0.000000 -0.002216
1.333333 34.285714 2.000000 0.010447
1.333333 34.285714 4.000000 -0.427617
1.333333 34.285714 6.000000 -0.149093
1.333333 34.285714 8.000000 0.056918
1.333333 34.285714 10.000000 0.214623
1.333333 34.285714 12.000000 0.334232
1.333333 37.238095 0.000000 -0.003850
1.333333 37.238095 2.000000 -0.117066
1.333333 37.238095 4.000000 -0.173072
1.333333 37.238095 6.000000 -0.057648
1.333333 37.238095 8.000000 0.064254
1.333333 37.238095 10.000000 0.179927
1.333333 37.238095 12.000000 0.277432
1.333333 40.190476 0.000000 -0.003729
1.333333 40.190476 2.000000 -0.139673
1.333333 40.190476 4.000000 0.040435
1.333333 40.190476 6.000000 0.024702
1.333333 40.190476 8.000000 0.081539
1.333333 40.190476 10.000000 0.160248
1.333333 40.190476 12.000000 0.235302
1.333333 43.142857 0.000000 -0.005655
1.333333 43.142857 2.000000 -0.219901
1.333333 43.142857 4.000000 -0.021050
1.333333 43.142857 6.000000 0.022639
1.333333 43.142857 8.000000 0.081573
1.333333 43.142857 10.000000 0.144277
1.333333 43.142857 12.000000 0.203326
1.333333 46.095238 0.000000 -0.004279
1.333333 46.095238 2.000000 -0.256086
1.333333 46.095238 4.000000 -0.078265
1.333333 46.095238 6.000000 0.017616
1.333333 46.095238 8.000000 0.078898
1.333333 46.095238 10.000000 0.131305
1.333333 46.095238 12.000000 0.178571
1.333333 49.047619 0.000000 -0.000231
1.333333 49.047619 2.000000 -0.015738
1.333333 49.047619 4.000000 0.006031
1.333333 49.047619 6.000000 0.043129
1.333333 49.047619 8.000000 0.082937
1.333333 49.047619 10.000000 0.122287
1.333333 49.047619 12.000000 0.159252
1.333333 52.000000 0.000000 0.000314
1.333333 52.000000 2.000000 0.012873
1.333333 52.000000 4.000000 0.031459
1.333333 52.000000 6.000000 0.056121
1.333333 52.000000 8.000000 0.084529
1.333333 52.000000 10.000000 0.114424
1.333333 52.000000 12.000000 0.143508
4.166667 -10.000000 0.000000 0.000373
4.166667 -10.000000 2.000000 0.016329
4.166667 -10.000000 4.000000 0.034546
4.166667 -10.000000 6.000000 0.055589
4.166667 -10.000000 8.000000 0.079358
4.166667 -10.000000 10.000000 0.105038
4.166667 -10.000000 12.000000 0.130869
4.166667 -7.047619 0.000000 0.000192
4.166667 -7.047619 2.000000 0.009120
4.166667 -7.047619 4.000000 0.025147
4.166667 -7.047619 6.000000 0.048470
4.166667 -7.047619 8.000000 0.077426
4.166667 -7.047619 10.000000 0.109999
4.166667 -7.047619 12.000000 0.143110
4.166667 -4.095238 0.000000 -0.000623
4.166667 -4.095238 2.000000 -0.026045
4.166667 -4.095238 4.000000 -0.009703
4.166667 -4.095238 6.000000 0.024053
4.166667 -4.095238 8.000000 0.064885
4.166667 -4.095238 10.000000 0.110405
4.166667 -4.095238 12.000000 0.155720
4.166667 -1.142857 0.000000 -0.002563
4.166667 -1.142857 2.000000 0.050721
4.166667 -1.142857 4.000000 -0.083075
4.166667 -1.142857 6.000000 -0.032400
4.166667 -1.142857 8.000000 0.035201
4.166667 -1.142857 10.000000 0.105822
4.166667 -1.142857 12.000000 0.170960
4.166667 1.809524 0.000000 -0.000916
4.166667 1.809524 2.000000 0.007452
4.166667 1.809524 4.000000 -0.286763
4.166667 1.809524 6.000000 -0.144588
4.166667 1.809524 8.000000 -0.007200
4.166667 1.809524 10.000000 0.105481
4.166667 1.809524 12.000000 0.197078
4.166667 4.761905 0.000000 0.000446
4.166667 4.761905 2.000000 0.144191
4.166667 4.761905 4.000000 -0.353327
4.166667 4.761905 6.000000 -0.184441
4.166667 4.761905 8.000000 -0.010389
4.166667 4.761905 10.000000 0.132970
4.166667 4.761905 12.000000 0.246963
4.166667 7.714286 0.000000 -0.000619
4.166667 7.714286 2.000000 0.075691
4.166667 7.714286 4.000000 -0.103568
4.166667 7.714286 6.000000 -0.113587
4.166667 7.714286 8.000000 0.039018
4.166667 7.714286 10.000000 0.197356
4.166667 7.714286 12.000000 0.327402
4.166667 10.666667 0.000000 -0.001256
4.166667 10.666667 2.000000 0.051052
4.166667 10.666667 4.000000 -0.374967
4.166667 10.666667 6.000000 -0.133004
4.166667 10.666667 8.000000 0.097916
4.166667 10.666667 10.000000 0.289433
4.166667 10.666667 12.000000 0.436189
4.166667 13.619048 0.000000 -0.001237
4.166667 13.619048 2.000000 0.041347
4.166667 13.619048 4.000000 -0.217185
4.166667 13.619048 6.000000 -0.062865
4.166667 13.619048 8.000000 0.187009
4.166667 13.619048 10.000000 0.405402
4.166667 13.619048 12.000000 0.565749
4.166667 16.571429 0.000000 -0.001954
4.166667 16.571429 2.000000 0.056107
4.166667 16.571429 4.000000 -0.621512
4.166667 16.571429 6.000000 -0.121926
4.166667 16.571429 8.000000 0.259904
4.166667 16.571429 10.000000 0.525142
4.166667 16.571429 12.000000 0.697990
4.166667 19.523810 0.000000 -0.002399
4.166667 19.523810 2.000000 0.055084
4.166667 19.523810 4.000000 -0.605921
4.166667 19.523810 6.000000 -0.062079
4.166667 19.523810 8.000000 0.353138
4.166667 19.523810 10.000000 0.633640
4.166667 19.523810 12.000000 0.806397
4.166667 22.476190 0.000000 -0.004227
4.166667 22.476190 2.000000 -0.058344
4.166667 22.476190 4.000000 -0.216352
4.166667 22.476190 6.000000 0.077007
4.166667 22.476190 8.000000 0.429030
4.166667 22.476190 10.000000 0.692139
4.166667 22.476190 12.000000 0.855873
4.166667 25.428571 0.000000 -0.004553
4.166667 25.428571 2.000000 -0.073870
4.166667 25.428571 4.000000 -0.496548
4.166667 25.428571 6.000000 0.035161
4.166667 25.428571 8.000000 0.407557
4.166667 25.428571 10.000000 0.662733
4.166667 25.428571 12.000000 0.823281
4.166667 28.380952 0.000000 -0.004471
4.166667 28.380952 2.000000 -0.082188
4.166667 28.380952 4.000000 -0.418582
4.166667 28.380952 6.000000 -0.009109
4.166667 28.380952 8.000000 0.316679
4.166667 28.380952 10.000000 0.558561
4.166667 28.380952 12.000000 0.720643
4.166667 31.333333 0.000000 -0.002588
4.166667 31.333333 2.000000 0.020184
4.166667 31.333333 4.000000 -0.566241
4.166667 31.333333 6.000000 -0.141689
4.166667 31.333333 8.000000 0.187323
4.166667 31.333333 10.000000 0.423352
4.166667 31.333333 12.000000 0.585865
4.166667 34.285714 0.000000 -0.002289
4.166667 34.285714 2.000000 0.015374
4.166667 34.285714 4.000000 -0.479763
4.166667 34.285714 6.000000 -0.154477
4.166667 34.285714 8.000000 0.107095
4.166667 34.285714 10.000000 0.309219
4.166667 34.285714 12.000000 0.458219
4.166667 37.238095 0.000000 -0.001944
4.166667 37.238095 2.000000 0.010807
4.166667 37.238095 4.000000 -0.302666
4.166667 37.238095 6.000000 -0.115991
4.166667 37.238095 8.000000 0.071527
4.166667 37.238095 10.000000 0.231091
4.166667 37.238095 12.000000 0.357133
4.166667 40.190476 0.000000 -0.003579
4.166667 40.190476 2.000000 -0.121760
4.166667 40.190476 4.000000 -0.108426
4.166667 40.190476 6.000000 -0.041131
4.166667 40.190476 8.000000 0.072952
4.166667 40.190476 10.000000 0.187281
4.166667 40.190476 12.000000 0.285928
4.166667 43.142857 0.000000 -0.005781
4.166667 43.142857 2.000000 -0.243466
4.166667 43.142857 4.000000 -0.048867
4.166667 43.142857 6.000000 0.022005
4.166667 43.142857 8.000000 0.088507
4.166667 43.142857 10.000000 0.165075
4.166667 43.142857 12.000000 0.238142
4.166667 46.095238 0.000000 -0.000542
4.166667 46.095238 2.000000 0.005044
4.166667 46.095238 4.000000 -0.004773
4.166667 46.095238 6.000000 0.039179
4.166667 46.095238 8.000000 0.092317
4.166667 46.095238 10.000000 0.149311
4.166667 46.095238 12.000000 0.204386
4.166667 49.047619 0.000000 0.000075
4.166667 49.047619 2.000000 0.004819
4.166667 49.047619 4.000000 0.022421
4.166667 49.047619 6.000000 0.054025
4.166667 49.047619 8.000000 0.093759
4.166667 49.047619 10.000000 0.136900
4.166667 49.047619 12.000000 0.179044
4.166667 52.000000 0.000000 0.000364
4.166667 52.000000 2.000000 0.015707
4.166667 52.000000 4.000000 0.035938
4.166667 52.000000 6.000000 0.062143
4.166667 52.000000 8.000000 0.093022
4.166667 52.000000 10.000000 0.126318
4.166667 52.000000 12.000000 0.159146
7.000000 -10.000000 0.000000 0.000390
7.000000 -10.000000 2.000000 0.016353
7.000000 -10.000000 4.000000 0.035282
7.000000 -10.000000 6.000000 0.058095
7.000000 -10.000000 8.000000 0.084589
7.000000 -10.000000 10.000000 0.113539
7.000000 -10.000000 12.000000 0.142674
7.000000 -7.047619 0.000000 0.000195
7.000000 -7.047619 2.000000 0.008149
7.000000 -7.047619 4.000000 0.023739
7.000000 -7.047619 6.000000 0.048770
7.000000 -7.047619 8.000000 0.081722
7.000000 -7.047619 10.000000 0.119457
7.000000 -7.047619 12.000000 0.157715
7.000000 -4.095238 0.000000 -0.000448
7.000000 -4.095238 2.000000 -0.015499
7.000000 -4.095238 4.000000 -0.004685
7.000000 -4.095238 6.000000 0.024306
7.000000 -4.095238 8.000000 0.068804
7.000000 -4.095238 10.000000 0.121900
7.000000 -4.095238 12.000000 0.175023
7.000000 -1.142857 0.000000 -0.001744
7.000000 -1.142857 2.000000 -0.010506
7.000000 -1.142857 4.000000 -0.022182
7.000000 -1.142857 6.000000 -0.015999
7.000000 -1.142857 8.000000 0.044042
7.000000 -1.142857 10.000000 0.123154
7.000000 -1.142857 12.000000 0.199043
7.000000 1.809524 0.000000 -0.001999
7.000000 1.809524 2.000000 -0.017783
7.000000 1.809524 4.000000 -0.077548
7.000000 1.809524 6.000000 -0.098633
7.000000 1.809524 8.000000 0.012035
7.000000 1.809524 10.000000 0.135090
7.000000 1.809524 12.000000 0.241125
7.000000 4.761905 0.000000 0.000447
7.000000 4.761905 2.000000 0.154433
7.000000 4.761905 4.000000 -0.581182
7.000000 4.761905 6.000000 -0.212556
7.000000 4.761905 8.000000 0.012020
7.000000 4.761905 10.000000 0.183627
7.000000 4.761905 12.000000 0.318248
7.000000 7.714286 0.000000 -0.000493
7.000000 7.714286 2.000000 0.076393
7.000000 7.714286 4.000000 -0.290397
7.000000 7.714286 6.000000 -0.116003
7.000000 7.714286 8.000000 0.092798
7.000000 7.714286 10.000000 0.288203
7.000000 7.714286 12.000000 0.443404
7.000000 10.666667 0.000000 -0.002475
7.000000 10.666667 2.000000 -0.002019
7.000000 10.666667 4.000000 -0.456889
7.000000 10.666667 6.000000 -0.111269
7.000000 10.666667 8.000000 0.200179
7.000000 10.666667 10.000000 0.445009
7.000000 10.666667 12.000000 0.620399
7.000000 13.619048 0.000000 -0.002092
7.000000 13.619048 2.000000 0.036471
7.000000 13.619048 4.000000 -0.584922
7.000000 13.619048 6.000000 -0.040891
7.000000 13.619048 8.000000 0.370679
7.000000 13.619048 10.000000 0.660805
7.000000 13.619048 12.000000 0.845928
7.000000 16.571429 0.000000 -0.001092
7.000000 16.571429 2.000000 0.100234
7.000000 16.571429 4.000000 -0.631113
7.000000 16.571429 6.000000 0.060714
7.000000 16.571429 8.000000 0.588796
7.000000 16.571429 10.000000 0.916343
7.000000 16.571429 12.000000 1.094226
7.000000 19.523810 0.000000 -0.000750
7.000000 19.523810 2.000000 0.178904
7.000000 19.523810 4.000000 -0.793253
7.000000 19.523810 6.000000 0.214244
7.000000 19.523810 8.000000 0.831218
7.000000 19.523810 10.000000 1.157752
7.000000 19.523810 12.000000 1.307102
7.000000 22.476190 0.000000 -0.002144
7.000000 22.476190 2.000000 0.114537
7.000000 22.476190 4.000000 -0.538348
7.000000 22.476190 6.000000 0.415778
7.000000 22.476190 8.000000 0.984960
7.000000 22.476190 10.000000 1.277653
7.000000 22.476190 12.000000 1.401471
7.000000 25.428571 0.000000 -0.004427
7.000000 25.428571 2.000000 -0.068673
7.000000 25.428571 4.000000 -0.251605
7.000000 25.428571 6.000000 0.412227
7.000000 25.428571 8.000000 0.908598
7.000000 25.428571 10.000000 1.194345
7.000000 25.428571 12.000000 1.327705
7.000000 28.380952 0.000000 -0.003558
7.000000 28.380952 2.000000 -0.063994
7.000000 28.380952 4.000000 -0.178943
7.000000 28.380952 6.000000 0.240157
7.000000 28.380952 8.000000 0.667152
7.000000 28.380952 10.000000 0.959418
7.000000 28.380952 12.000000 1.122480
7.000000 31.333333 0.000000 -0.003121
7.000000 31.333333 2.000000 -0.041201
7.000000 31.333333 4.000000 -0.590413
7.000000 31.333333 6.000000 -0.016100
7.000000 31.333333 8.000000 0.401286
7.000000 31.333333 10.000000 0.690193
7.000000 31.333333 12.000000 0.872063
7.000000 34.285714 0.000000 -0.003068
7.000000 34.285714 2.000000 -0.060565
7.000000 34.285714 4.000000 -0.204778
7.000000 34.285714 6.000000 -0.039062
7.000000 34.285714 8.000000 0.230386
7.000000 34.285714 10.000000 0.471028
7.000000 34.285714 12.000000 0.645845
7.000000 37.238095 0.000000 -0.001551
7.000000 37.238095 2.000000 0.034984
7.000000 37.238095 4.000000 -0.503266
7.000000 37.238095 6.000000 -0.173254
7.000000 37.238095 8.000000 0.100335
7.000000 37.238095 10.000000 0.313340
7.000000 37.238095 12.000000 0.471146
7.000000 40.190476 0.000000 -0.002114
7.000000 40.190476 2.000000 0.016701
7.000000 40.190476 4.000000 -0.517820
7.000000 40.190476 6.000000 -0.165346
7.000000 40.190476 8.000000 0.057037
7.000000 40.190476 10.000000 0.224043
7.000000 40.190476 12.000000 0.352809
7.000000 43.142857 0.000000 -0.006270
7.000000 43.142857 2.000000 -0.258496
7.000000 43.142857 4.000000 0.067350
7.000000 43.142857 6.000000 0.016636
7.000000 43.142857 8.000000 0.086863
7.000000 43.142857 10.000000 0.186913
7.000000 43.142857 12.000000 0.279713
7.000000 46.095238 0.000000 0.000549
7.000000 46.095238 2.000000 0.127181
7.000000 46.095238 4.000000 0.043438
7.000000 46.095238 6.000000 0.045119
7.000000 46.095238 8.000000 0.097835
7.000000 46.095238 10.000000 0.166054
7.000000 46.095238 12.000000 0.232816
7.000000 49.047619 0.000000 0.000094
7.000000 49.047619 2.000000 0.010852
7.000000 49.047619 4.000000 0.025197
7.000000 49.047619 6.000000 0.056133
7.000000 49.047619 8.000000 0.100469
7.000000 49.047619 10.000000 0.150687
7.000000 49.047619 12.000000 0.200008
7.000000 52.000000 0.000000 0.000370
7.000000 52.000000 2.000000 0.015961
7.000000 52.000000 4.000000 0.037124
7.000000 52.000000 6.000000 0.065664
7.000000 52.000000 8.000000 0.100267
7.000000 52.000000 10.000000 0.138086
7.000000 52.000000 12.000000 0.175476
9.833333 -10.000000 0.000000 0.000409
9.833333 -10.000000 2.000000 0.016430
9.833333 -10.000000 4.000000 0.036229
9.833333 -10.000000 6.000000 0.061072
9.833333 -10.000000 8.000000 0.090557
9.833333 -10.000000 10.000000 0.122961
9.833333 -10.000000 12.000000 0.155474
9.833333 -7.047619 0.000000 0.000166
9.833333 -7.047619 2.000000 0.005411
9.833333 -7.047619 4.000000 0.020241
9.833333 -7.047619 6.000000 0.048015
9.833333 -7.047619 8.000000 0.086311
9.833333 -7.047619 10.000000 0.130165
9.833333 -7.047619 12.000000 0.174035
9.833333 -4.095238 0.000000 -0.000689
9.833333 -4.095238 2.000000 -0.023549
9.833333 -4.095238 4.000000 -0.022805
9.833333 -4.095238 6.000000 0.011213
9.833333 -4.095238 8.000000 0.068606
9.833333 -4.095238 10.000000 0.134120
9.833333 -4.095238 12.000000 0.196999
9.833333 -1.142857 0.000000 -0.004390
9.833333 -1.142857 2.000000 -0.141738
9.833333 -1.142857 4.000000 -0.143960
9.833333 -1.142857 6.000000 -0.071800
9.833333 -1.142857 8.000000 0.034286
9.833333 -1.142857 10.000000 0.139580
9.833333 -1.142857 12.000000 0.231533
9.833333 1.809524 0.000000 -0.000411
9.833333 1.809524 2.000000 0.136227
9.833333 1.809524 4.000000 -0.557450
9.833333 1.809524 6.000000 -0.212136
9.833333 1.809524 8.000000 0.003300
9.833333 1.809524 10.000000 0.166364
9.833333 1.809524 12.000000 0.294208
9.833333 4.761905 0.000000 -0.000768
9.833333 4.761905 2.000000 0.123654
9.833333 4.761905 4.000000 -0.469243
9.833333 4.761905 6.000000 -0.217716
9.833333 4.761905 8.000000 0.040324
9.833333 4.761905 10.000000 0.248996
9.833333 4.761905 12.000000 0.408682
9.833333 7.714286 0.000000 -0.002072
9.833333 7.714286 2.000000 0.026153
9.833333 7.714286 4.000000 -0.326845
9.833333 7.714286 6.000000 -0.117669
9.833333 7.714286 8.000000 0.164594
9.833333 7.714286 10.000000 0.412422
9.833333 7.714286 12.000000 0.597106
9.833333 10.666667 0.000000 -0.000548
9.833333 10.666667 2.000000 0.108475
9.833333 10.666667 4.000000 -0.605059
9.833333 10.666667 6.000000 -0.065629
9.833333 10.666667 8.000000 0.367642
9.833333 10.666667 10.000000 0.677871
9.833333 10.666667 12.000000 0.878653
9.833333 13.619048 0.000000 -0.002508
9.833333 13.619048 2.000000 -0.034559
9.833333 13.619048 4.000000 -0.313492
9.833333 13.619048 6.000000 0.242187
9.833333 13.619048 8.000000 0.748237
9.833333 13.619048 10.000000 1.082478
9.833333 13.619048 12.000000 1.263412
9.833333 16.571429 0.000000 -0.000464
9.833333 16.571429 2.000000 0.091852
9.833333 16.571429 4.000000 -0.431518
9.833333 16.571429 6.000000 0.634439
9.833333 16.571429 8.000000 1.293466
9.833333 16.571429 10.000000 1.608334
9.833333 16.571429 12.000000 1.716538
9.833333 19.523810 0.000000 0.000037
9.833333 19.523810 2.000000 0.120606
9.833333 19.523810 4.000000 0.143626
9.833333 19.523810 6.000000 1.388262
9.833333 19.523810 8.000000 1.964355
9.833333 19.523810 10.000000 2.140571
9.833333 19.523810 12.000000 2.124661
9.833333 22.476190 0.000000 -0.000419
9.833333 22.476190 2.000000 0.067540
9.833333 22.476190 4.000000 0.640082
9.833333 22.476190 6.000000 1.909154
9.833333 22.476190 8.000000 2.336066
9.833333 22.476190 10.000000 2.396060
9.833333 22.476190 12.000000 2.304052
9.833333 25.428571 0.000000 -0.002165
9.833333 25.428571 2.000000 -0.003620
9.833333 25.428571 4.000000 0.139639
9.833333 25.428571 6.000000 1.461870
9.833333 25.428571 8.000000 2.020042
9.833333 25.428571 10.000000 2.175534
9.833333 25.428571 12.000000 2.147090
9.833333 28.380952 0.000000 -0.002699
9.833333 28.380952 2.000000 -0.038365
9.833333 28.380952 4.000000 -0.391155
9.833333 28.380952 6.000000 0.698856
9.833333 28.380952 8.000000 1.348716
9.833333 28.380952 10.000000 1.650477
9.833333 28.380952 12.000000 1.748109
9.833333 31.333333 0.000000 -0.002721
9.833333 31.333333 2.000000 -0.054456
9.833333 31.333333 4.000000 -0.584749
9.833333 31.333333 6.000000 0.194431
9.833333 31.333333 8.000000 0.769030
9.833333 31.333333 10.000000 1.115290
9.833333 31.333333 12.000000 1.294407
9.833333 34.285714 0.000000 -0.003162
9.833333 34.285714 2.000000 -0.097782
9.833333 34.285714 4.000000 -0.260206
9.833333 34.285714 6.000000 0.034910
9.833333 34.285714 8.000000 0.410190
9.833333 34.285714 10.000000 0.711104
9.833333 34.285714 12.000000 0.908920
9.833333 37.238095 0.000000 -0.000385
9.833333 37.238095 2.000000 0.084223
9.833333 37.238095 4.000000 -0.703263
9.833333 37.238095 6.000000 -0.213844
9.833333 37.238095 8.000000 0.163390
9.833333 37.238095 10.000000 0.436276
9.833333 37.238095 12.000000 0.625579
9.833333 40.190476 0.000000 -0.001598
9.833333 40.190476 2.000000 0.049974
9.833333 40.190476 4.000000 -0.586502
9.833333 40.190476 6.000000 -0.226473
9.833333 40.190476 8.000000 0.064610
9.833333 40.190476 10.000000 0.281245
9.833333 40.190476 12.000000 0.440204
9.833333 43.142857 0.000000 -0.002761
9.833333 43.142857 2.000000 -0.018571
9.833333 43.142857 4.000000 -0.215983
9.833333 43.142857 6.000000 -0.080817
9.833333 43.142857 8.000000 0.071641
9.833333 43.142857 10.000000 0.212573
9.833333 43.142857 12.000000 0.329680
9.833333 46.095238 0.000000 -0.006502
9.833333 46.095238 2.000000 -0.414165
9.833333 46.095238 4.000000 -0.179078
9.833333 46.095238 6.000000 -0.021295
9.833333 46.095238 8.000000 0.086259
9.833333 46.095238 10.000000 0.180718
9.833333 46.095238 12.000000 0.263835
9.833333 49.047619 0.000000 -0.000605
9.833333 49.047619 2.000000 -0.037825
9.833333 49.047619 4.000000 -0.013792
9.833333 49.047619 6.000000 0.039284
9.833333 49.047619 8.000000 0.100398
9.833333 49.047619 10.000000 0.162933
9.833333 49.047619 12.000000 0.221706
9.833333 52.000000 0.000000 0.000303
9.833333 52.000000 2.000000 0.011517
9.833333 52.000000 4.000000 0.032936
9.833333 52.000000 6.000000 0.065508
9.833333 52.000000 8.000000 0.105665
9.833333 52.000000 10.000000 0.149307
9.833333 52.000000 12.000000 0.192067
12.666667 -10.000000 0.000000 0.000430
12.666667 -10.000000 2.000000 0.016724
12.666667 -10.000000 4.000000 0.037783
12.666667 -10.000000 6.000000 0.065037
12.666667 -10.000000 8.000000 0.097664
12.666667 -10.000000 10.000000 0.133433
12.666667 -10.000000 12.000000 0.169099
12.666667 -7.047619 0.000000 0.000108
12.666667 -7.047619 2.000000 -0.000357
12.666667 -7.047619 4.000000 0.014754
12.666667 -7.047619 6.000000 0.047757
12.666667 -7.047619 8.000000 0.092750
12.666667 -7.047619 10.000000 0.142937
12.666667 -7.047619 12.000000 0.192130
12.666667 -4.095238 0.000000 -0.001212
12.666667 -4.095238 2.000000 -0.066860
12.666667 -4.095238 4.000000 -0.065629
12.666667 -4.095238 6.000000 -0.007021
12.666667 -4.095238 8.000000 0.070546
12.666667 -4.095238 10.000000 0.149859
12.666667 -4.095238 12.000000 0.222232
12.666667 -1.142857 0.000000 -0.003750
12.666667 -1.142857 2.000000 -0.003236
12.666667 -1.142857 4.000000 -0.298828
12.666667 -1.142857 6.000000 -0.126774
12.666667 -1.142857 8.000000 0.030800
12.666667 -1.142857 10.000000 0.162251
12.666667 -1.142857 12.000000 0.269634
12.666667 1.809524 0.000000 -0.001388
12.666667 1.809524 2.000000 0.110383
12.666667 1.809524 4.000000 -0.542813
12.666667 1.809524 6.000000 -0.237616
12.666667 1.809524 8.000000 0.014727
12.666667 1.809524 10.000000 0.208787
12.666667 1.809524 12.000000 0.356966
12.666667 4.761905 0.000000 -0.000972
12.666667 4.761905 2.000000 0.124843
12.666667 4.761905 4.000000 -0.502792
12.666667 4.761905 6.000000 -0.211367
12.666667 4.761905 8.000000 0.085923
12.666667 4.761905 10.000000 0.331939
12.666667 4.761905 12.000000 0.516665
12.666667 7.714286 0.000000 -0.001844
12.666667 7.714286 2.000000 0.081439
12.666667 7.714286 4.000000 -0.434329
12.666667 7.714286 6.000000 -0.125901
12.666667 7.714286 8.000000 0.259698
12.666667 7.714286 10.000000 0.570832
12.666667 7.714286 12.000000 0.785760
12.666667 10.666667 0.000000 -0.002258
12.666667 10.666667 2.000000 0.038646
12.666667 10.666667 4.000000 -0.896691
12.666667 10.666667 6.000000 -0.016024
12.666667 10.666667 8.000000 0.604938
12.666667 10.666667 10.000000 0.991544
12.666667 10.666667 12.000000 1.209689
12.666667 13.619048 0.000000 -0.003620
12.666667 13.619048 2.000000 -0.129307
12.666667 13.619048 4.000000 -0.151393
12.666667 13.619048 6.000000 0.711229
12.666667 13.619048 8.000000 1.343130
12.666667 13.619048 10.000000 1.690145
12.666667 13.619048 12.000000 1.825292
12.666667 16.571429 0.000000 -0.000991
12.666667 16.571429 2.000000 -0.018042
12.666667 16.571429 4.000000 0.237975
12.666667 16.571429 6.000000 1.835564
12.666667 16.571429 8.000000 2.518549
12.666667 16.571429 10.000000 2.673058
12.666667 16.571429 12.000000 2.593939
12.666667 19.523810 0.000000 0.001569
12.666667 19.523810 2.000000 -0.137842
12.666667 19.523810 4.000000 3.396719
12.666667 19.523810 6.000000 4.226607
12.666667 19.523810 8.000000 4.119051
12.666667 19.523810 10.000000 3.738978
12.666667 19.523810 12.000000 3.319732
12.666667 22.476190 0.000000 0.005088
12.666667 22.476190 2.000000 -0.270565
12.666667 22.476190 4.000000 6.984415
12.666667 22.476190 6.000000 6.015961
12.666667 22.476190 8.000000 5.037225
12.666667 22.476190 10.000000 4.260729
12.666667 22.476190 12.000000 3.642619
12.666667 25.428571 0.000000 -0.000381
12.666667 25.428571 2.000000 -0.276203
12.666667 25.428571 4.000000 3.713066
12.666667 25.428571 6.000000 4.364400
12.666667 25.428571 8.000000 4.191033
12.666667 25.428571 10.000000 3.781237
12.666667 25.428571 12.000000 3.346572
12.666667 28.380952 0.000000 -0.003411
12.666667 28.380952 2.000000 -0.165342
12.666667 28.380952 4.000000 0.439896
12.666667 28.380952 6.000000 1.933094
12.666667 28.380952 8.000000 2.585367
12.666667 28.380952 10.000000 2.723609
12.666667 28.380952 12.000000 2.631851
12.666667 31.333333 0.000000 -0.002430
12.666667 31.333333 2.000000 -0.098336
12.666667 31.333333 4.000000 -0.629465
12.666667 31.333333 6.000000 0.624530
12.666667 31.333333 8.000000 1.367911
12.666667 31.333333 10.000000 1.732080
12.666667 31.333333 12.000000 1.863567
12.666667 34.285714 0.000000 -0.002414
12.666667 34.285714 2.000000 -0.101519
12.666667 34.285714 4.000000 -0.560369
12.666667 34.285714 6.000000 0.129377
12.666667 34.285714 8.000000 0.676070
12.666667 34.285714 10.000000 1.039802
12.666667 34.285714 12.000000 1.248087
12.666667 37.238095 0.000000 -0.001146
12.666667 37.238095 2.000000 0.020485
12.666667 37.238095 4.000000 -0.747185
12.666667 37.238095 6.000000 -0.169674
12.666667 37.238095 8.000000 0.283722
12.666667 37.238095 10.000000 0.605949
12.666667 37.238095 12.000000 0.819535
12.666667 40.190476 0.000000 -0.001997
12.666667 40.190476 2.000000 0.002330
12.666667 40.190476 4.000000 -0.568981
12.666667 40.190476 6.000000 -0.210048
12.666667 40.190476 8.000000 0.113133
12.666667 40.190476 10.000000 0.364866
12.666667 40.190476 12.000000 0.548172
12.666667 43.142857 0.000000 -0.003272
12.666667 43.142857 2.000000 -0.064458
12.666667 43.142857 4.000000 -0.296292
12.666667 43.142857 6.000000 -0.113898
12.666667 43.142857 8.000000 0.078967
12.666667 43.142857 10.000000 0.250624
12.666667 43.142857 12.000000 0.389173
12.666667 46.095238 0.000000 -0.005130
12.666667 46.095238 2.000000 -0.181298
12.666667 46.095238 4.000000 -0.136248
12.666667 46.095238 6.000000 -0.027467
12.666667 46.095238 8.000000 0.088825
12.666667 46.095238 10.000000 0.200672
12.666667 46.095238 12.000000 0.298619
12.666667 49.047619 0.000000 -0.000705
12.666667 49.047619 2.000000 -0.029586
12.666667 49.047619 4.000000 -0.013189
12.666667 49.047619 6.000000 0.037722
12.666667 49.047619 8.000000 0.104991
12.666667 49.047619 10.000000 0.176892
12.666667 49.047619 12.000000 0.244599
12.666667 52.000000 0.000000 0.000272
12.666667 52.000000 2.000000 0.010989
12.666667 52.000000 4.000000 0.032638
12.666667 52.000000 6.000000 0.067396
12.666667 52.000000 8.000000 0.111790
12.666667 52.000000 10.000000 0.160783
12.666667 52.000000 12.000000 0.208845
15.500000 -10.000000 0.000000 0.000465
15.500000 -10.000000 2.000000 0.018496
15.500000 -10.000000 4.000000 0.041633
15.500000 -10.000000 6.000000 0.071284
15.500000 -10.000000 8.000000 0.106502
15.500000 -10.000000 10.000000 0.144918
15.500000 -10.000000 12.000000 0.183079
15.500000 -7.047619 0.000000 0.000118
15.500000 -7.047619 2.000000 0.000329
15.500000 -7.047619 4.000000 0.018663
15.500000 -7.047619 6.000000 0.055817
15.500000 -7.047619 8.000000 0.104830
15.500000 -7.047619 10.000000 0.158912
15.500000 -7.047619 12.000000 0.211728
15.500000 -4.095238 0.000000 -0.001469
15.500000 -4.095238 2.000000 -0.085285
15.500000 -4.095238 4.000000 -0.067281
15.500000 -4.095238 6.000000 0.004079
15.500000 -4.095238 8.000000 0.088279
15.500000 -4.095238 10.000000 0.173229
15.500000 -4.095238 12.000000 0.250941
15.500000 -1.142857 0.000000 -0.005602
15.500000 -1.142857 2.000000 -0.097327
15.500000 -1.142857 4.000000 -0.285848
15.500000 -1.142857 6.000000 -0.102394
15.500000 -1.142857 8.000000 0.058667
15.500000 -1.142857 10.000000 0.197796
15.500000 -1.142857 12.000000 0.313440
15.500000 1.809524 0.000000 -0.001727
15.500000 1.809524 2.000000 0.084810
15.500000 1.809524 4.000000 -0.541220
15.500000 1.809524 6.000000 -0.213242
15.500000 1.809524 8.000000 0.053367
15.500000 1.809524 10.000000 0.264662
15.500000 1.809524 12.000000 0.427086
15.500000 4.761905 0.000000 -0.001742
15.500000 4.761905 2.000000 0.131679
15.500000 4.761905 4.000000 -0.485361
15.500000 4.761905 6.000000 -0.192250
15.500000 4.761905 8.000000 0.147171
15.500000 4.761905 10.000000 0.428906
15.500000 4.761905 12.000000 0.635709
15.500000 7.714286 0.000000 -0.002236
15.500000 7.714286 2.000000 0.093401
15.500000 7.714286 4.000000 -0.789820
15.500000 7.714286 6.000000 -0.133077
15.500000 7.714286 8.000000 0.384646
15.500000 7.714286 10.000000 0.757130
15.500000 7.714286 12.000000 0.997312
15.500000 10.666667 0.000000 -0.000952
15.500000 10.666667 2.000000 0.113324
15.500000 10.666667 4.000000 -1.199160
15.500000 10.666667 6.000000 0.116948
15.500000 10.666667 8.000000 0.919634
15.500000 10.666667 10.000000 1.369126
15.500000 10.666667 12.000000 1.590830
15.500000 13.619048 0.000000 -0.003286
15.500000 13.619048 2.000000 -0.150843
15.500000 13.619048 4.000000 0.424111
15.500000 13.619048 6.000000 1.414346
15.500000 13.619048 8.000000 2.124503
15.500000 13.619048 10.000000 2.442684
15.500000 13.619048 12.000000 2.492123
15.500000 16.571429 0.000000 -0.000251
15.500000 16.571429 2.000000 -0.046684
15.500000 16.571429 4.000000 1.809278
15.500000 16.571429 6.000000 3.746937
15.500000 16.571429 8.000000 4.229790
15.500000 16.571429 10.000000 4.052789
15.500000 16.571429 12.000000 3.670439
15.500000 19.523810 0.000000 0.010759
15.500000 19.523810 2.000000 -0.283204
15.500000 19.523810 4.000000 10.381356
15.500000 19.523810 6.000000 9.043751
15.500000 19.523810 8.000000 7.304538
15.500000 19.523810 10.000000 5.892499
15.500000 19.523810 12.000000 4.825074
15.500000 22.476190 0.000000 0.020792
15.500000 22.476190 2.000000 -0.632729
15.500000 22.476190 4.000000 19.009199
15.500000 22.476190 6.000000 12.967533
15.500000 22.476190 8.000000 9.101624
15.500000 22.476190 10.000000 6.810726
15.500000 22.476190 12.000000 5.346051
15.500000 25.428571 0.000000 0.008355
15.500000 25.428571 2.000000 -0.479269
15.500000 25.428571 4.000000 10.894753
15.500000 25.428571 6.000000 9.268263
15.500000 25.428571 8.000000 7.414624
15.500000 25.428571 10.000000 5.951286
15.500000 25.428571 12.000000 4.859525
15.500000 28.380952 0.000000 -0.003430
15.500000 28.380952 2.000000 -0.255497
15.500000 28.380952 4.000000 2.046301
15.500000 28.380952 6.000000 3.915164
15.500000 28.380952 8.000000 4.336522
15.500000 28.380952 10.000000 4.122740
15.500000 28.380952 12.000000 3.718236
15.500000 31.333333 0.000000 -0.004941
15.500000 31.333333 2.000000 -0.289975
15.500000 31.333333 4.000000 0.156243
15.500000 31.333333 6.000000 1.420292
15.500000 31.333333 8.000000 2.185692
15.500000 31.333333 10.000000 2.501393
15.500000 31.333333 12.000000 2.539425
15.500000 34.285714 0.000000 -0.004122
15.500000 34.285714 2.000000 -0.252227
15.500000 34.285714 4.000000 -0.259012
15.500000 34.285714 6.000000 0.437217
15.500000 34.285714 8.000000 1.040396
15.500000 34.285714 10.000000 1.435556
15.500000 34.285714 12.000000 1.637719
15.500000 37.238095 0.000000 -0.001945
15.500000 37.238095 2.000000 -0.085076
15.500000 37.238095 4.000000 -0.598075
15.500000 37.238095 6.000000 -0.033489
15.500000 37.238095 8.000000 0.451428
15.500000 37.238095 10.000000 0.807269
15.500000 37.238095 12.000000 1.037252
15.500000 40.190476 0.000000 -0.000620
15.500000 40.190476 2.000000 0.048890
15.500000 40.190476 4.000000 -0.627536
15.500000 40.190476 6.000000 -0.183881
15.500000 40.190476 8.000000 0.179991
15.500000 40.190476 10.000000 0.463332
15.500000 40.190476 12.000000 0.667316
15.500000 43.142857 0.000000 -0.002724
15.500000 43.142857 2.000000 -0.067011
15.500000 43.142857 4.000000 -0.267897
15.500000 43.142857 6.000000 -0.125200
15.500000 43.142857 8.000000 0.094264
15.500000 43.142857 10.000000 0.294525
15.500000 43.142857 12.000000 0.453218
15.500000 46.095238 0.000000 -0.003606
15.500000 46.095238 2.000000 -0.037217
15.500000 46.095238 4.000000 -0.081958
15.500000 46.095238 6.000000 -0.023941
15.500000 46.095238 8.000000 0.094844
15.500000 46.095238 10.000000 0.222497
15.500000 46.095238 12.000000 0.334748
15.500000 49.047619 0.000000 -0.000668
15.500000 49.047619 2.000000 -0.016192
15.500000 49.047619 4.000000 -0.006297
15.500000 49.047619 6.000000 0.039407
15.500000 49.047619 8.000000 0.110702
15.500000 49.047619 10.000000 0.191214
15.500000 49.047619 12.000000 0.267547
15.500000 52.000000 0.000000 0.000262
15.500000 52.000000 2.000000 0.011488
15.500000 52.000000 4.000000 0.033433
15.500000 52.000000 6.000000 0.069841
15.500000 52.000000 8.000000 0.117997
15.500000 52.000000 10.000000 0.172058
15.500000 52.000000 12.000000 0.225215
18.333333 -10.000000 0.000000 0.000512
18.333333 -10.000000 2.000000 0.021654
18.333333 -10.000000 4.000000 0.047344
18.333333 -10.000000 6.000000 0.078968
18.333333 -10.000000 8.000000 0.115966
18.333333 -10.000000 10.000000 0.156217
18.333333 -10.000000 12.000000 0.196199
18.333333 -7.047619 0.000000 0.000225
18.333333 -7.047619 2.000000 0.010772
18.333333 -7.047619 4.000000 0.033829
18.333333 -7.047619 6.000000 0.071459
18.333333 -7.047619 8.000000 0.120584
18.333333 -7.047619 10.000000 0.175924
18.333333 -7.047619 12.000000 0.230770
18.333333 -4.095238 0.000000 -0.000994
18.333333 -4.095238 2.000000 -0.030666
18.333333 -4.095238 4.000000 -0.004759
18.333333 -4.095238 6.000000 0.045966
18.333333 -4.095238 8.000000 0.117752
18.333333 -4.095238 10.000000 0.200078
18.333333 -4.095238 12.000000 0.279578
18.333333 -1.142857 0.000000 -0.006897
18.333333 -1.142857 2.000000 -0.252115
18.333333 -1.142857 4.000000 -0.051245
18.333333 -1.142857 6.000000 -0.005523
18.333333 -1.142857 8.000000 0.107155
18.333333 -1.142857 10.000000 0.238504
18.333333 -1.142857 12.000000 0.357116
18.333333 1.809524 0.000000 -0.002241
18.333333 1.809524 2.000000 0.053215
18.333333 1.809524 4.000000 -0.448170
18.333333 1.809524 6.000000 -0.159120
18.333333 1.809524 8.000000 0.102036
18.333333 1.809524 10.000000 0.322737
18.333333 1.809524 12.000000 0.495709
18.333333 4.761905 0.000000 -0.002255
18.333333 4.761905 2.000000 0.094280
18.333333 4.761905 4.000000 -0.737773
18.333333 4.761905 6.000000 -0.200792
18.333333 4.761905 8.000000 0.208679
18.333333 4.761905 10.000000 0.525644
18.333333 4.761905 12.000000 0.752068
18.333333 7.714286 0.000000 -0.002610
18.333333 7.714286 2.000000 0.025956
18.333333 7.714286 4.000000 -0.436580
18.333333 7.714286 6.000000 0.010651
18.333333 7.714286 8.000000 0.539192
18.333333 7.714286 10.000000 0.948690
18.333333 7.714286 12.000000 1.207353
18.333333 10.666667 0.000000 -0.002692
18.333333 10.666667 2.000000 -0.031228
18.333333 10.666667 4.000000 -0.751977
18.333333 10.666667 6.000000 0.422682
18.333333 10.666667 8.000000 1.272255
18.333333 10.666667 10.000000 1.757990
18.333333 10.666667 12.000000 1.974679
18.333333 13.619048 0.000000 -0.002657
18.333333 13.619048 2.000000 -0.070976
18.333333 13.619048 4.000000 0.500004
18.333333 13.619048 6.000000 2.044141
18.333333 13.619048 8.000000 2.925071
18.333333 13.619048 10.000000 3.221017
18.333333 13.619048 12.000000 3.174425
18.333333 16.571429 0.000000 0.002479
18.333333 16.571429 2.000000 0.147576
18.333333 16.571429 4.000000 2.607520
18.333333 16.571429 6.000000 5.684231
18.333333 16.571429 8.000000 6.062709
18.333333 16.571429 10.000000 5.518058
18.333333 16.571429 12.000000 4.792950
18.333333 19.523810 0.000000 0.024070
18.333333 19.523810 2.000000 -0.310885
18.333333 19.523810 4.000000 18.916921
18.333333 19.523810 6.000000 14.678413
18.333333 19.523810 8.000000 10.879275
18.333333 19.523810 10.000000 8.231954
18.333333 19.523810 12.000000 6.417252
18.333333 22.476190 0.000000 0.048986
18.333333 22.476190 2.000000 -0.655012
18.333333 22.476190 4.000000 34.604812
18.333333 22.476190 6.000000 21.310023
18.333333 22.476190 8.000000 13.721218
18.333333 22.476190 10.000000 9.601439
18.333333 22.476190 12.000000 7.156547
18.333333 25.428571 0.000000 0.020076
18.333333 25.428571 2.000000 -0.641925
18.333333 25.428571 4.000000 19.845518
18.333333 25.428571 6.000000 15.030041
18.333333 25.428571 8.000000 11.033093
18.333333 25.428571 10.000000 8.307356
18.333333 25.428571 12.000000 6.458799
18.333333 28.380952 0.000000 -0.001444
18.333333 28.380952 2.000000 -0.145016
18.333333 28.380952 4.000000 3.351344
18.333333 28.380952 6.000000 5.971066
18.333333 28.380952 8.000000 6.205699
18.333333 28.380952 10.000000 5.602939
18.333333 28.380952 12.000000 4.848224
18.333333 31.333333 0.000000 -0.002530
18.333333 31.333333 2.000000 -0.105544
18.333333 31.333333 4.000000 0.255079
18.333333 31.333333 6.000000 2.029072
18.333333 31.333333 8.000000 2.983507
18.333333 31.333333 10.000000 3.283174
18.333333 31.333333 12.000000 3.225674
18.333333 34.285714 0.000000 -0.004260
18.333333 34.285714 2.000000 -0.248810
18.333333 34.285714 4.000000 -0.458194
18.333333 34.285714 6.000000 0.580668
18.333333 34.285714 8.000000 1.365268
18.333333 34.285714 10.000000 1.822589
18.333333 34.285714 12.000000 2.023639
18.333333 37.238095 0.000000 -0.002352
18.333333 37.238095 2.000000 -0.133270
18.333333 37.238095 4.000000 -0.538434
18.333333 37.238095 6.000000 0.058931
18.333333 37.238095 8.000000 0.604335
18.333333 37.238095 10.000000 1.001784
18.333333 37.238095 12.000000 1.249333
18.333333 40.190476 0.000000 -0.001494
18.333333 40.190476 2.000000 -0.003792
18.333333 40.190476 4.000000 -0.714383
18.333333 40.190476 6.000000 -0.172555
18.333333 40.190476 8.000000 0.241625
18.333333 40.190476 10.000000 0.558374
18.333333 40.190476 12.000000 0.782397
18.333333 43.142857 0.000000 -0.001600
18.333333 43.142857 2.000000 0.045660
18.333333 43.142857 4.000000 -0.689989
18.333333 43.142857 6.000000 -0.240382
18.333333 43.142857 8.000000 0.089128
18.333333 43.142857 10.000000 0.333528
18.333333 43.142857 12.000000 0.514220
18.333333 46.095238 0.000000 -0.005993
18.333333 46.095238 2.000000 -0.167220
18.333333 46.095238 4.000000 -0.227835
18.333333 46.095238 6.000000 -0.085844
18.333333 46.095238 8.000000 0.083997
18.333333 46.095238 10.000000 0.239893
18.333333 46.095238 12.000000 0.368574
18.333333 49.047619 0.000000 -0.001072
18.333333 49.047619 2.000000 -0.042519
18.333333 49.047619 4.000000 -0.034204
18.333333 49.047619 6.000000 0.024503
18.333333 49.047619 8.000000 0.110482
18.333333 49.047619 10.000000 0.203354
18.333333 49.047619 12.000000 0.288926
18.333333 52.000000 0.000000 0.000222
18.333333 52.000000 2.000000 0.008196
18.333333 52.000000 4.000000 0.029973
18.333333 52.000000 6.000000 0.069555
18.333333 52.000000 8.000000 0.122784
18.333333 52.000000 10.000000 0.182357
18.333333 52.000000 12.000000 0.240432
21.166667 -10.000000 0.000000 0.000549
21.166667 -10.000000 2.000000 0.023896
21.166667 -10.000000 4.000000 0.051487
21.166667 -10.000000 6.000000 0.084752
21.166667 -10.000000 8.000000 0.123362
21.166667 -10.000000 10.000000 0.165264
21.166667 -10.000000 12.000000 0.206813
21.166667 -7.047619 0.000000 0.000300
21.166667 -7.047619 2.000000 0.017545
21.166667 -7.047619 4.000000 0.043122
21.166667 -7.047619 6.000000 0.081379
21.166667 -7.047619 8.000000 0.131694
21.166667 -7.047619 10.000000 0.189009
21.166667 -7.047619 12.000000 0.246031
21.166667 -4.095238 0.000000 -0.000607
21.166667 -4.095238 2.000000 0.013833
21.166667 -4.095238 4.000000 0.030686
21.166667 -4.095238 6.000000 0.066368
21.166667 -4.095238 8.000000 0.134788
21.166667 -4.095238 10.000000 0.219312
21.166667 -4.095238 12.000000 0.302190
21.166667 -1.142857 0.000000 -0.007472
21.166667 -1.142857 2.000000 -0.245860
21.166667 -1.142857 4.000000 0.039563
21.166667 -1.142857 6.000000 0.025448
21.166667 -1.142857 8.000000 0.129367
21.166667 -1.142857 10.000000 0.266373
21.166667 -1.142857 12.000000 0.391620
21.166667 1.809524 0.000000 -0.002960
21.166667 1.809524 2.000000 -0.031179
21.166667 1.809524 4.000000 -0.274770
21.166667 1.809524 6.000000 -0.133370
21.166667 1.809524 8.000000 0.127096
21.166667 1.809524 10.000000 0.365514
21.166667 1.809524 12.000000 0.551539
21.166667 4.761905 0.000000 -0.001818
21.166667 4.761905 2.000000 0.099031
21.166667 4.761905 4.000000 -0.732222
21.166667 4.761905 6.000000 -0.219455
21.166667 4.761905 8.000000 0.246963
21.166667 4.761905 10.000000 0.602842
21.166667 4.761905 12.000000 0.849483
21.166667 7.714286 0.000000 -0.001114
21.166667 7.714286 2.000000 0.105965
21.166667 7.714286 4.000000 -0.727075
21.166667 7.714286 6.000000 -0.016371
21.166667 7.714286 8.000000 0.636672
21.166667 7.714286 10.000000 1.104804
21.166667 7.714286 12.000000 1.385484
21.166667 10.666667 0.000000 -0.001810
21.166667 10.666667 2.000000 0.056858
21.166667 10.666667 4.000000 -0.942782
21.166667 10.666667 6.000000 0.497236
21.166667 10.666667 8.000000 1.527881
21.166667 10.666667 10.000000 2.082298
21.166667 10.666667 12.000000 2.303482
21.166667 13.619048 0.000000 -0.001603
21.166667 13.619048 2.000000 0.104063
21.166667 13.619048 4.000000 0.444918
21.166667 13.619048 6.000000 2.494233
21.166667 13.619048 8.000000 3.586391
21.166667 13.619048 10.000000 3.888353
21.166667 13.619048 12.000000 3.765173
21.166667 16.571429 0.000000 0.006803
21.166667 16.571429 2.000000 0.407452
21.166667 16.571429 4.000000 3.798678
21.166667 16.571429 6.000000 7.368988
21.166667 16.571429 8.000000 7.633708
21.166667 16.571429 10.000000 6.787274
21.166667 16.571429 12.000000 5.770252
21.166667 19.523810 0.000000 0.040638
21.166667 19.523810 2.000000 -0.120472
21.166667 19.523810 4.000000 25.436185
21.166667 19.523810 6.000000 19.240531
21.166667 19.523810 8.000000 13.892373
21.166667 19.523810 10.000000 10.249114
21.166667 19.523810 12.000000 7.803290
21.166667 22.476190 0.000000 0.072702
21.166667 22.476190 2.000000 -0.713611
21.166667 22.476190 4.000000 46.205163
21.166667 22.476190 6.000000 27.947685
21.166667 22.476190 8.000000 17.579187
21.166667 22.476190 10.000000 11.997967
21.166667 22.476190 12.000000 8.730605
21.166667 25.428571 0.000000 0.036865
21.166667 25.428571 2.000000 -0.482673
21.166667 25.428571 4.000000 26.702458
21.166667 25.428571 6.000000 19.658675
21.166667 25.428571 8.000000 14.063970
21.166667 25.428571 10.000000 10.331463
21.166667 25.428571 12.000000 7.848329
21.166667 28.380952 0.000000 0.004597
21.166667 28.380952 2.000000 0.225332
21.166667 28.380952 4.000000 4.134031
21.166667 28.380952 6.000000 7.572102
21.166667 28.380952 8.000000 7.761882
21.166667 28.380952 10.000000 6.871266
21.166667 28.380952 12.000000 5.827263
21.166667 31.333333 0.000000 -0.001196
21.166667 31.333333 2.000000 0.157137
21.166667 31.333333 4.000000 -0.097789
21.166667 31.333333 6.000000 2.390451
21.166667 31.333333 8.000000 3.617257
21.166667 31.333333 10.000000 3.942790
21.166667 31.333333 12.000000 3.815074
21.166667 34.285714 0.000000 -0.002510
21.166667 34.285714 2.000000 -0.052117
21.166667 34.285714 4.000000 -0.844700
21.166667 34.285714 6.000000 0.611155
21.166667 34.285714 8.000000 1.605355
21.166667 34.285714 10.000000 2.140688
21.166667 34.285714 12.000000 2.350340
21.166667 37.238095 0.000000 -0.002965
21.166667 37.238095 2.000000 -0.153303
21.166667 37.238095 4.000000 -0.395855
21.166667 37.238095 6.000000 0.127881
21.166667 37.238095 8.000000 0.716695
21.166667 37.238095 10.000000 1.158320
21.166667 37.238095 12.000000 1.426507
21.166667 40.190476 0.000000 -0.001898
21.166667 40.190476 2.000000 -0.027659
21.166667 40.190476 4.000000 -0.362244
21.166667 40.190476 6.000000 -0.085373
21.166667 40.190476 8.000000 0.301193
21.166667 40.190476 10.000000 0.638055
21.166667 40.190476 12.000000 0.879370
21.166667 43.142857 0.000000 -0.000734
21.166667 43.142857 2.000000 0.141988
21.166667 43.142857 4.000000 -0.858233
21.166667 43.142857 6.000000 -0.283223
21.166667 43.142857 8.000000 0.098614
21.166667 43.142857 10.000000 0.371013
21.166667 43.142857 12.000000 0.567887
21.166667 46.095238 0.000000 -0.007851
21.166667 46.095238 2.000000 -0.275906
21.166667 46.095238 4.000000 -0.317490
21.166667 46.095238 6.000000 -0.122900
21.166667 46.095238 8.000000 0.082386
21.166667 46.095238 10.000000 0.259014
21.166667 46.095238 12.000000 0.399782
21.166667 49.047619 0.000000 -0.001306
21.166667 49.047619 2.000000 -0.060260
21.166667 49.047619 4.000000 -0.052967
21.166667 49.047619 6.000000 0.015819
21.166667 49.047619 8.000000 0.113742
21.166667 49.047619 10.000000 0.216385
21.166667 49.047619 12.000000 0.308898
21.166667 52.000000 0.000000 0.000217
21.166667 52.000000 2.000000 0.006013
21.166667 52.000000 4.000000 0.028175
21.166667 52.000000 6.000000 0.070859
21.166667 52.000000 8.000000 0.128524
21.166667 52.000000 10.000000 0.192556
21.166667 52.000000 12.000000 0.254365
24.000000 -10.000000 0.000000 0.000562
24.000000 -10.000000 2.000000 0.023974
24.000000 -10.000000 4.000000 0.052305
24.000000 -10.000000 6.000000 0.086989
24.000000 -10.000000 8.000000 0.127310
24.000000 -10.000000 10.000000 0.170872
24.000000 -10.000000 12.000000 0.213828
24.000000 -7.047619 0.000000 0.000252
24.000000 -7.047619 2.000000 0.011208
24.000000 -7.047619 4.000000 0.036878
24.000000 -7.047619 6.000000 0.079602
24.000000 -7.047619 8.000000 0.134787
24.000000 -7.047619 10.000000 0.195947
24.000000 -7.047619 12.000000 0.255699
24.000000 -4.095238 0.000000 -0.001140
24.000000 -4.095238 2.000000 -0.047847
24.000000 -4.095238 4.000000 -0.028345
24.000000 -4.095238 6.000000 0.041362
24.000000 -4.095238 8.000000 0.131596
24.000000 -4.095238 10.000000 0.227276
24.000000 -4.095238 12.000000 0.316006
24.000000 -1.142857 0.000000 -0.004157
24.000000 -1.142857 2.000000 -0.053466
24.000000 -1.142857 4.000000 -0.252980
24.000000 -1.142857 6.000000 -0.071840
24.000000 -1.142857 8.000000 0.112602
24.000000 -1.142857 10.000000 0.276983
24.000000 -1.142857 12.000000 0.413172
24.000000 1.809524 0.000000 -0.002624
24.000000 1.809524 2.000000 0.016238
24.000000 1.809524 4.000000 -0.844553
24.000000 1.809524 6.000000 -0.270345
24.000000 1.809524 8.000000 0.113605
24.000000 1.809524 10.000000 0.389033
24.000000 1.809524 12.000000 0.589277
24.000000 4.761905 0.000000 -0.000389
24.000000 4.761905 2.000000 0.157985
24.000000 4.761905 4.000000 -0.887422
24.000000 4.761905 6.000000 -0.258945
24.000000 4.761905 8.000000 0.271714
24.000000 4.761905 10.000000 0.658006
24.000000 4.761905 12.000000 0.918709
24.000000 7.714286 0.000000 -0.001853
24.000000 7.714286 2.000000 0.086521
24.000000 7.714286 4.000000 -0.969202
24.000000 7.714286 6.000000 -0.043269
24.000000 7.714286 8.000000 0.705619
24.000000 7.714286 10.000000 1.216152
24.000000 7.714286 12.000000 1.511887
24.000000 10.666667 0.000000 -0.000107
24.000000 10.666667 2.000000 0.261699
24.000000 10.666667 4.000000 -1.581872
24.000000 10.666667 6.000000 0.450251
24.000000 10.666667 8.000000 1.688928
24.000000 10.666667 10.000000 2.307140
24.000000 10.666667 12.000000 2.534655
24.000000 13.619048 0.000000 -0.002578
24.000000 13.619048 2.000000 0.166976
24.000000 13.619048 4.000000 0.365073
24.000000 13.619048 6.000000 2.812515
24.000000 13.619048 8.000000 4.044827
24.000000 13.619048 10.000000 4.353360
24.000000 13.619048 12.000000 4.179389
24.000000 16.571429 0.000000 0.011885
24.000000 16.571429 2.000000 0.525656
24.000000 16.571429 4.000000 4.410768
24.000000 16.571429 6.000000 8.453663
24.000000 16.571429 8.000000 8.685672
24.000000 16.571429 10.000000 7.657444
24.000000 16.571429 12.000000 6.450236
24.000000 19.523810 0.000000 0.055894
24.000000 19.523810 2.000000 -0.102035
24.000000 19.523810 4.000000 28.372052
24.000000 19.523810 6.000000 21.783919
24.000000 19.523810 8.000000 15.785917
24.000000 19.523810 10.000000 11.595857
24.000000 19.523810 12.000000 8.757101
24.000000 22.476190 0.000000 0.091582
24.000000 22.476190 2.000000 -0.918669
24.000000 22.476190 4.000000 50.701193
24.000000 22.476190 6.000000 31.420903
24.000000 22.476190 8.000000 19.935372
24.000000 22.476190 10.000000 13.578202
24.000000 22.476190 12.000000 9.808193
24.000000 25.428571 0.000000 0.052235
24.000000 25.428571 2.000000 -0.496730
24.000000 25.428571 4.000000 29.600978
24.000000 25.428571 6.000000 22.182121
24.000000 25.428571 8.000000 15.955418
24.000000 25.428571 10.000000 11.680222
24.000000 25.428571 12.000000 8.804147
24.000000 28.380952 0.000000 0.010930
24.000000 28.380952 2.000000 0.397530
24.000000 28.380952 4.000000 4.561484
24.000000 28.380952 6.000000 8.570906
24.000000 28.380952 8.000000 8.792160
24.000000 28.380952 10.000000 7.738138
24.000000 28.380952 12.000000 6.507880
24.000000 31.333333 0.000000 -0.001777
24.000000 31.333333 2.000000 0.257991
24.000000 31.333333 4.000000 -0.162412
24.000000 31.333333 6.000000 2.684057
24.000000 31.333333 8.000000 4.063289
24.000000 31.333333 10.000000 4.402905
24.000000 31.333333 12.000000 4.227725
24.000000 34.285714 0.000000 -0.004427
24.000000 34.285714 2.000000 -0.015281
24.000000 34.285714 4.000000 -0.930977
24.000000 34.285714 6.000000 0.672285
24.000000 34.285714 8.000000 1.773010
24.000000 34.285714 10.000000 2.360022
24.000000 34.285714 12.000000 2.577824
24.000000 37.238095 0.000000 -0.002225
24.000000 37.238095 2.000000 0.024292
24.000000 37.238095 4.000000 -0.788299
24.000000 37.238095 6.000000 0.026684
24.000000 37.238095 8.000000 0.753139
24.000000 37.238095 10.000000 1.256071
24.000000 37.238095 12.000000 1.547635
24.000000 40.190476 0.000000 -0.003435
24.000000 40.190476 2.000000 -0.031310
24.000000 40.190476 4.000000 -0.568887
24.000000 40.190476 6.000000 -0.156646
24.000000 40.190476 8.000000 0.313277
24.000000 40.190476 10.000000 0.688872
24.000000 40.190476 12.000000 0.947641
24.000000 43.142857 0.000000 -0.003876
24.000000 43.142857 2.000000 0.030754
24.000000 43.142857 4.000000 -0.791949
24.000000 43.142857 6.000000 -0.252361
24.000000 43.142857 8.000000 0.127923
24.000000 43.142857 10.000000 0.407871
24.000000 43.142857 12.000000 0.611162
24.000000 46.095238 0.000000 -0.006617
24.000000 46.095238 2.000000 -0.248366
24.000000 46.095238 4.000000 -0.271328
24.000000 46.095238 6.000000 -0.094117
24.000000 46.095238 8.000000 0.106924
24.000000 46.095238 10.000000 0.285152
24.000000 46.095238 12.000000 0.428411
24.000000 49.047619 0.000000 -0.001066
24.000000 49.047619 2.000000 -0.051080
24.000000 49.047619 4.000000 -0.041642
24.000000 49.047619 6.000000 0.028029
24.000000 49.047619 8.000000 0.128083
24.000000 49.047619 10.000000 0.233136
24.000000 49.047619 12.000000 0.327622
24.000000 52.000000 0.000000 0.000285
24.000000 52.000000 2.000000 0.008067
24.000000 52.000000 4.000000 0.032318
24.000000 52.000000 6.000000 0.077317
24.000000 52.000000 8.000000 0.137327
24.000000 52.000000 10.000000 0.203405
24.000000 52.000000 12.000000 0.266783
26.833333 -10.000000 0.000000 0.000565
26.833333 -10.000000 2.000000 0.023552
26.833333 -10.000000 4.000000 0.052019
26.833333 -10.000000 6.000000 0.087439
26.833333 -10.000000 8.000000 0.128774
26.833333 -10.000000 10.000000 0.173317
26.833333 -10.000000 12.000000 0.217060
26.833333 -7.047619 0.000000 0.000227
26.833333 -7.047619 2.000000 0.007702
26.833333 -7.047619 4.000000 0.032905
26.833333 -7.047619 6.000000 0.077519
26.833333 -7.047619 8.000000 0.135301
26.833333 -7.047619 10.000000 0.198703
26.833333 -7.047619 12.000000 0.260032
26.833333 -4.095238 0.000000 -0.001339
26.833333 -4.095238 2.000000 -0.062105
26.833333 -4.095238 4.000000 -0.036456
26.833333 -4.095238 6.000000 0.036252
26.833333 -4.095238 8.000000 0.131009
26.833333 -4.095238 10.000000 0.230835
26.833333 -4.095238 12.000000 0.322330
26.833333 -1.142857 0.000000 -0.008197
26.833333 -1.142857 2.000000 -0.254295
26.833333 -1.142857 4.000000 -0.190976
26.833333 -1.142857 6.000000 -0.054507
26.833333 -1.142857 8.000000 0.118091
26.833333 -1.142857 10.000000 0.284679
26.833333 -1.142857 12.000000 0.423907
26.833333 1.809524 0.000000 -0.002342
26.833333 1.809524 2.000000 0.021403
26.833333 1.809524 4.000000 -0.613273
26.833333 1.809524 6.000000 -0.205031
26.833333 1.809524 8.000000 0.137437
26.833333 1.809524 10.000000 0.407783
26.833333 1.809524 12.000000 0.609132
26.833333 4.761905 0.000000 -0.003449
26.833333 4.761905 2.000000 -0.022845
26.833333 4.761905 4.000000 -0.624711
26.833333 4.761905 6.000000 -0.140386
26.833333 4.761905 8.000000 0.325366
26.833333 4.761905 10.000000 0.696269
26.833333 4.761905 12.000000 0.954599
26.833333 7.714286 0.000000 -0.003522
26.833333 7.714286 2.000000 -0.003508
26.833333 7.714286 4.000000 -0.311329
26.833333 7.714286 6.000000 0.155392
26.833333 7.714286 8.000000 0.791190
26.833333 7.714286 10.000000 1.281808
26.833333 7.714286 12.000000 1.573776
26.833333 10.666667 0.000000 -0.004200
26.833333 10.666667 2.000000 0.138883
26.833333 10.666667 4.000000 -1.449447
26.833333 10.666667 6.000000 0.561489
26.833333 10.666667 8.000000 1.796603
26.833333 10.666667 10.000000 2.417833
26.833333 10.666667 12.000000 2.641276
26.833333 13.619048 0.000000 -0.002810
26.833333 13.619048 2.000000 0.120961
26.833333 13.619048 4.000000 0.805312
26.833333 13.619048 6.000000 3.053073
26.833333 13.619048 8.000000 4.268161
26.833333 13.619048 10.000000 4.564030
26.833333 13.619048 12.000000 4.364539
26.833333 16.571429 0.000000 0.017904
26.833333 16.571429 2.000000 0.375115
26.833333 16.571429 4.000000 5.219496
26.833333 16.571429 6.000000 9.036162
26.833333 16.571429 8.000000 9.159244
26.833333 16.571429 10.000000 8.039668
26.833333 16.571429 12.000000 6.749543
26.833333 19.523810 0.000000 0.074980
26.833333 19.523810 2.000000 -0.322353
26.833333 19.523810 4.000000 29.955976
26.833333 19.523810 6.000000 22.897009
26.833333 19.523810 8.000000 16.584257
26.833333 19.523810 10.000000 12.172191
26.833333 19.523810 12.000000 9.172099
26.833333 22.476190 0.000000 0.121501
26.833333 22.476190 2.000000 -1.023792
26.833333 22.476190 4.000000 52.887372
26.833333 22.476190 6.000000 32.849269
26.833333 22.476190 8.000000 20.904980
26.833333 22.476190 10.000000 14.248932
26.833333 22.476190 12.000000 10.275801
26.833333 25.428571 0.000000 0.074428
26.833333 25.428571 2.000000 -0.654905
26.833333 25.428571 4.000000 31.248578
26.833333 25.428571 6.000000 23.337249
26.833333 25.428571 8.000000 16.776597
26.833333 25.428571 10.000000 12.267159
26.833333 25.428571 12.000000 9.223686
26.833333 28.380952 0.000000 0.016252
26.833333 28.380952 2.000000 0.122986
26.833333 28.380952 4.000000 5.493402
26.833333 28.380952 6.000000 9.209048
26.833333 28.380952 8.000000 9.292912
26.833333 28.380952 10.000000 8.132551
26.833333 28.380952 12.000000 6.812260
26.833333 31.333333 0.000000 -0.001137
26.833333 31.333333 2.000000 0.222558
26.833333 31.333333 4.000000 0.134918
26.833333 31.333333 6.000000 2.926850
26.833333 31.333333 8.000000 4.297118
26.833333 31.333333 10.000000 4.618341
26.833333 31.333333 12.000000 4.414515
26.833333 34.285714 0.000000 -0.006030
26.833333 34.285714 2.000000 0.012737
26.833333 34.285714 4.000000 -0.672605
26.833333 34.285714 6.000000 0.759589
26.833333 34.285714 8.000000 1.860727
26.833333 34.285714 10.000000 2.461547
26.833333 34.285714 12.000000 2.680735
26.833333 37.238095 0.000000 -0.003067
26.833333 37.238095 2.000000 0.139756
26.833333 37.238095 4.000000 -1.310832
26.833333 37.238095 6.000000 -0.118799
26.833333 37.238095 8.000000 0.748502
26.833333 37.238095 10.000000 1.297476
26.833333 37.238095 12.000000 1.603030
26.833333 40.190476 0.000000 -0.004476
26.833333 40.190476 2.000000 0.043782
26.833333 40.190476 4.000000 -1.077860
26.833333 40.190476 6.000000 -0.246748
26.833333 40.190476 8.000000 0.320493
26.833333 40.190476 10.000000 0.719419
26.833333 40.190476 12.000000 0.984181
26.833333 43.142857 0.000000 -0.006301
26.833333 43.142857 2.000000 -0.096611
26.833333 43.142857 4.000000 -0.460789
26.833333 43.142857 6.000000 -0.122093
26.833333 43.142857 8.000000 0.188096
26.833333 43.142857 10.000000 0.446200
26.833333 43.142857 12.000000 0.641732
26.833333 46.095238 0.000000 -0.004650
26.833333 46.095238 2.000000 -0.104445
26.833333 46.095238 4.000000 -0.186015
26.833333 46.095238 6.000000 -0.030554
26.833333 46.095238 8.000000 0.150734
26.833333 46.095238 10.000000 0.315821
26.833333 46.095238 12.000000 0.451979
26.833333 49.047619 0.000000 -0.000833
26.833333 49.047619 2.000000 -0.044032
26.833333 49.047619 4.000000 -0.025998
26.833333 49.047619 6.000000 0.049385
26.833333 49.047619 8.000000 0.149172
26.833333 49.047619 10.000000 0.251424
26.833333 49.047619 12.000000 0.343206
26.833333 52.000000 0.000000 0.000374
26.833333 52.000000 2.000000 0.011232
26.833333 52.000000 4.000000 0.038960
26.833333 52.000000 6.000000 0.086646
26.833333 52.000000 8.000000 0.147752
26.833333 52.000000 10.000000 0.213710
26.833333 52.000000 12.000000 0.276471
29.666667 -10.000000 0.000000 0.000565
29.666667 -10.000000 2.000000 0.023531
29.666667 -10.000000 4.000000 0.052007
29.666667 -10.000000 6.000000 0.087426
29.666667 -10.000000 8.000000 0.128697
29.666667 -10.000000 10.000000 0.173100
29.666667 -10.000000 12.000000 0.216660
29.666667 -7.047619 0.000000 0.000233
29.666667 -7.047619 2.000000 0.007367
29.666667 -7.047619 4.000000 0.032697
29.666667 -7.047619 6.000000 0.077569
29.666667 -7.047619 8.000000 0.135332
29.666667 -7.047619 10.000000 0.198475
29.666667 -7.047619 12.000000 0.259462
29.666667 -4.095238 0.000000 -0.001225
29.666667 -4.095238 2.000000 -0.063515
29.666667 -4.095238 4.000000 -0.037945
29.666667 -4.095238 6.000000 0.037218
29.666667 -4.095238 8.000000 0.131984
29.666667 -4.095238 10.000000 0.230917
29.666667 -4.095238 12.000000 0.321547
29.666667 -1.142857 0.000000 -0.004827
29.666667 -1.142857 2.000000 -0.155249
29.666667 -1.142857 4.000000 -0.180385
29.666667 -1.142857 6.000000 -0.044703
29.666667 -1.142857 8.000000 0.123176
29.666667 -1.142857 10.000000 0.285853
29.666667 -1.142857 12.000000 0.422771
29.666667 1.809524 0.000000 -0.003103
29.666667 1.809524 2.000000 -0.007311
29.666667 1.809524 4.000000 -0.444854
29.666667 1.809524 6.000000 -0.164054
29.666667 1.809524 8.000000 0.149034
29.666667 1.809524 10.000000 0.409695
29.666667 1.809524 12.000000 0.606663
29.666667 4.761905 0.000000 -0.003814
29.666667 4.761905 2.000000 -0.027653
29.666667 4.761905 4.000000 -0.624225
29.666667 4.761905 6.000000 -0.124199
29.666667 4.761905 8.000000 0.333789
29.666667 4.761905 10.000000 0.695342
29.666667 4.761905 12.000000 0.948013
29.666667 7.714286 0.000000 -0.005733
29.666667 7.714286 2.000000 -0.068703
29.666667 7.714286 4.000000 -0.314263
29.666667 7.714286 6.000000 0.173497
29.666667 7.714286 8.000000 0.796075
29.666667 7.714286 10.000000 1.272606
29.666667 7.714286 12.000000 1.557651
29.666667 10.666667 0.000000 -0.004458
29.666667 10.666667 2.000000 0.157291
29.666667 10.666667 4.000000 -1.443525
29.666667 10.666667 6.000000 0.566711
29.666667 10.666667 8.000000 1.778370
29.666667 10.666667 10.000000 2.385790
29.666667 10.666667 12.000000 2.605590
29.666667 13.619048 0.000000 -0.000014
29.666667 13.619048 2.000000 0.190468
29.666667 13.619048 4.000000 0.290576
29.666667 13.619048 6.000000 2.889385
29.666667 13.619048 8.000000 4.174802
29.666667 13.619048 10.000000 4.484947
29.666667 13.619048 12.000000 4.295649
29.666667 16.571429 0.000000 0.029247
29.666667 16.571429 2.000000 0.410380
29.666667 16.571429 4.000000 4.956861
29.666667 16.571429 6.000000 8.805103
29.666667 16.571429 8.000000 8.977345
29.666667 16.571429 10.000000 7.895436
29.666667 16.571429 12.000000 6.636474
29.666667 19.523810 0.000000 0.099814
29.666667 19.523810 2.000000 -0.237792
29.666667 19.523810 4.000000 29.412911
29.666667 19.523810 6.000000 22.469293
29.666667 19.523810 8.000000 16.281595
29.666667 19.523810 10.000000 11.956375
29.666667 19.523810 12.000000 9.015850
29.666667 22.476190 0.000000 0.152961
29.666667 22.476190 2.000000 -0.944852
29.666667 22.476190 4.000000 51.612749
29.666667 22.476190 6.000000 32.222101
29.666667 22.476190 8.000000 20.536564
29.666667 22.476190 10.000000 14.002205
29.666667 22.476190 12.000000 10.101979
29.666667 25.428571 0.000000 0.096282
29.666667 25.428571 2.000000 -0.834465
29.666667 25.428571 4.000000 31.107530
29.666667 25.428571 6.000000 23.045662
29.666667 25.428571 8.000000 16.520578
29.666667 25.428571 10.000000 12.066673
29.666667 25.428571 12.000000 9.072116
29.666667 28.380952 0.000000 0.027269
29.666667 28.380952 2.000000 -0.021951
29.666667 28.380952 4.000000 5.902455
29.666667 28.380952 6.000000 9.192316
29.666667 28.380952 8.000000 9.175810
29.666667 28.380952 10.000000 8.007936
29.666667 28.380952 12.000000 6.704766
29.666667 31.333333 0.000000 -0.000078
29.666667 31.333333 2.000000 0.119525
29.666667 31.333333 4.000000 0.057280
29.666667 31.333333 6.000000 2.887821
29.666667 31.333333 8.000000 4.239326
29.666667 31.333333 10.000000 4.549606
29.666667 31.333333 12.000000 4.348161
29.666667 34.285714 0.000000 -0.008863
29.666667 34.285714 2.000000 -0.067963
29.666667 34.285714 4.000000 -0.849669
29.666667 34.285714 6.000000 0.735796
29.666667 34.285714 8.000000 1.837744
29.666667 34.285714 10.000000 2.428508
29.666667 34.285714 12.000000 2.644509
29.666667 37.238095 0.000000 -0.005511
29.666667 37.238095 2.000000 0.104660
29.666667 37.238095 4.000000 -1.298140
29.666667 37.238095 6.000000 -0.091402
29.666667 37.238095 8.000000 0.754815
29.666667 37.238095 10.000000 1.289555
29.666667 37.238095 12.000000 1.588214
29.666667 40.190476 0.000000 -0.007490
29.666667 40.190476 2.000000 -0.127681
29.666667 40.190476 4.000000 -0.485136
29.666667 40.190476 6.000000 -0.068926
29.666667 40.190476 8.000000 0.376455
29.666667 40.190476 10.000000 0.736748
29.666667 40.190476 12.000000 0.986254
29.666667 43.142857 0.000000 -0.009919
29.666667 43.142857 2.000000 -0.306561
29.666667 43.142857 4.000000 0.053581
29.666667 43.142857 6.000000 0.089994
29.666667 43.142857 8.000000 0.270213
29.666667 43.142857 10.000000 0.479028
29.666667 43.142857 12.000000 0.654136
29.666667 46.095238 0.000000 -0.010159
29.666667 46.095238 2.000000 -0.615049
29.666667 46.095238 4.000000 -0.224287
29.666667 46.095238 6.000000 0.031109
29.666667 46.095238 8.000000 0.198170
29.666667 46.095238 10.000000 0.342169
29.666667 46.095238 12.000000 0.464964
29.666667 49.047619 0.000000 -0.000909
29.666667 49.047619 2.000000 -0.062250
29.666667 49.047619 4.000000 -0.018635
29.666667 49.047619 6.000000 0.071895
29.666667 49.047619 8.000000 0.170524
29.666667 49.047619 10.000000 0.266266
29.666667 49.047619 12.000000 0.352046
29.666667 52.000000 0.000000 0.000459
29.666667 52.000000 2.000000 0.014799
29.666667 52.000000 4.000000 0.046668
29.666667 52.000000 6.000000 0.096614
29.666667 52.000000 8.000000 0.157217
29.666667 52.000000 10.000000 0.221061
29.666667 52.000000 12.000000 0.281422
32.500000 -10.000000 0.000000 0.000563
32.500000 -10.000000 2.000000 0.024005
32.500000 -10.000000 4.000000 0.052399
32.500000 -10.000000 6.000000 0.087074
32.500000 -10.000000 8.000000 0.127189
32.500000 -10.000000 10.000000 0.170323
32.500000 -10.000000 12.000000 0.212721
32.500000 -7.047619 0.000000 0.000258
32.500000 -7.047619 2.000000 0.010781
32.500000 -7.047619 4.000000 0.036752
32.500000 -7.047619 6.000000 0.079755
32.500000 -7.047619 8.000000 0.134748
32.500000 -7.047619 10.000000 0.195222
32.500000 -7.047619 12.000000 0.254038
32.500000 -4.095238 0.000000 -0.001259
32.500000 -4.095238 2.000000 -0.053041
32.500000 -4.095238 4.000000 -0.025328
32.500000 -4.095238 6.000000 0.044514
32.500000 -4.095238 8.000000 0.133082
32.500000 -4.095238 10.000000 0.226683
32.500000 -4.095238 12.000000 0.313399
32.500000 -1.142857 0.000000 -0.009035
32.500000 -1.142857 2.000000 -0.299304
32.500000 -1.142857 4.000000 -0.220314
32.500000 -1.142857 6.000000 -0.047977
32.500000 -1.142857 8.000000 0.121464
32.500000 -1.142857 10.000000 0.277625
32.500000 -1.142857 12.000000 0.408838
32.500000 1.809524 0.000000 -0.002242
32.500000 1.809524 2.000000 0.029802
32.500000 1.809524 4.000000 -0.670803
32.500000 1.809524 6.000000 -0.207358
32.500000 1.809524 8.000000 0.133224
32.500000 1.809524 10.000000 0.389912
32.500000 1.809524 12.000000 0.580429
32.500000 4.761905 0.000000 -0.002799
32.500000 4.761905 2.000000 0.085297
32.500000 4.761905 4.000000 -0.858492
32.500000 4.761905 6.000000 -0.204179
32.500000 4.761905 8.000000 0.291433
32.500000 4.761905 10.000000 0.651345
32.500000 4.761905 12.000000 0.897693
32.500000 7.714286 0.000000 -0.005527
32.500000 7.714286 2.000000 -0.017667
32.500000 7.714286 4.000000 -0.554189
32.500000 7.714286 6.000000 0.089645
32.500000 7.714286 8.000000 0.721232
32.500000 7.714286 10.000000 1.184808
32.500000 7.714286 12.000000 1.462790
32.500000 10.666667 0.000000 -0.005286
32.500000 10.666667 2.000000 0.093539
32.500000 10.666667 4.000000 -0.940297
32.500000 10.666667 6.000000 0.584020
32.500000 10.666667 8.000000 1.643748
32.500000 10.666667 10.000000 2.210757
32.500000 10.666667 12.000000 2.429387
32.500000 13.619048 0.000000 0.001853
32.500000 13.619048 2.000000 0.160529
32.500000 13.619048 4.000000 0.446390
32.500000 13.619048 6.000000 2.654309
32.500000 13.619048 8.000000 3.820544
32.500000 13.619048 10.000000 4.128666
32.500000 13.619048 12.000000 3.980082
32.500000 16.571429 0.000000 0.036660
32.500000 16.571429 2.000000 0.503318
32.500000 16.571429 4.000000 4.264758
32.500000 16.571429 6.000000 7.952978
32.500000 16.571429 8.000000 8.185108
32.500000 16.571429 10.000000 7.240949
32.500000 16.571429 12.000000 6.122806
32.500000 19.523810 0.000000 0.112139
32.500000 19.523810 2.000000 -0.052078
32.500000 19.523810 4.000000 27.232744
32.500000 19.523810 6.000000 20.588923
32.500000 19.523810 8.000000 14.892679
32.500000 19.523810 10.000000 10.958933
32.500000 19.523810 12.000000 8.301149
32.500000 22.476190 0.000000 0.166430
32.500000 22.476190 2.000000 -0.775201
32.500000 22.476190 4.000000 48.562289
32.500000 22.476190 6.000000 29.783295
32.500000 22.476190 8.000000 18.841936
32.500000 22.476190 10.000000 12.841053
32.500000 22.476190 12.000000 9.297172
32.500000 25.428571 0.000000 0.109478
32.500000 25.428571 2.000000 -0.654283
32.500000 25.428571 4.000000 29.139379
32.500000 25.428571 6.000000 21.216732
32.500000 25.428571 8.000000 15.135890
32.500000 25.428571 10.000000 11.066024
32.500000 25.428571 12.000000 8.354269
32.500000 28.380952 0.000000 0.034508
32.500000 28.380952 2.000000 0.026851
32.500000 28.380952 4.000000 5.285579
32.500000 28.380952 6.000000 8.329765
32.500000 28.380952 8.000000 8.372315
32.500000 28.380952 10.000000 7.345717
32.500000 28.380952 12.000000 6.185837
32.500000 31.333333 0.000000 0.002915
32.500000 31.333333 2.000000 0.140309
32.500000 31.333333 4.000000 0.016547
32.500000 31.333333 6.000000 2.606464
32.500000 31.333333 8.000000 3.871955
32.500000 31.333333 10.000000 4.186646
32.500000 31.333333 12.000000 4.027987
32.500000 34.285714 0.000000 -0.007636
32.500000 34.285714 2.000000 -0.052542
32.500000 34.285714 4.000000 -0.570387
32.500000 34.285714 6.000000 0.725613
32.500000 34.285714 8.000000 1.705661
32.500000 34.285714 10.000000 2.254735
32.500000 34.285714 12.000000 2.467493
32.500000 37.238095 0.000000 -0.007725
32.500000 37.238095 2.000000 -0.038057
32.500000 37.238095 4.000000 -0.810001
32.500000 37.238095 6.000000 0.025308
32.500000 37.238095 8.000000 0.734668
32.500000 37.238095 10.000000 1.218208
32.500000 37.238095 12.000000 1.498561
32.500000 40.190476 0.000000 -0.008224
32.500000 40.190476 2.000000 -0.167828
32.500000 40.190476 4.000000 -0.447272
32.500000 40.190476 6.000000 -0.015168
32.500000 40.190476 8.000000 0.388460
32.500000 40.190476 10.000000 0.714717
32.500000 40.190476 12.000000 0.945282
32.500000 43.142857 0.000000 -0.013535
32.500000 43.142857 2.000000 -0.559763
32.500000 43.142857 4.000000 0.284968
32.500000 43.142857 6.000000 0.190292
32.500000 43.142857 8.000000 0.306020
32.500000 43.142857 10.000000 0.481599
32.500000 43.142857 12.000000 0.638717
32.500000 46.095238 0.000000 -0.004801
32.500000 46.095238 2.000000 -0.214581
32.500000 46.095238 4.000000 -0.006382
32.500000 46.095238 6.000000 0.116682
32.500000 46.095238 8.000000 0.231464
32.500000 46.095238 10.000000 0.350958
32.500000 46.095238 12.000000 0.460300
32.500000 49.047619 0.000000 -0.000199
32.500000 49.047619 2.000000 -0.011486
32.500000 49.047619 4.000000 0.030824
32.500000 49.047619 6.000000 0.103316
32.500000 49.047619 8.000000 0.186687
32.500000 49.047619 10.000000 0.271652
32.500000 49.047619 12.000000 0.350075
32.500000 52.000000 0.000000 0.000582
32.500000 52.000000 2.000000 0.022847
32.500000 52.000000 4.000000 0.057585
32.500000 52.000000 6.000000 0.105826
32.500000 52.000000 8.000000 0.162736
32.500000 52.000000 10.000000 0.222601
32.500000 52.000000 12.000000 0.279508
35.333333 -10.000000 0.000000 0.000554
35.333333 -10.000000 2.000000 0.024318
35.333333 -10.000000 4.000000 0.052234
35.333333 -10.000000 6.000000 0.085522
35.333333 -10.000000 8.000000 0.123710
35.333333 -10.000000 10.000000 0.164789
35.333333 -10.000000 12.000000 0.205318
35.333333 -7.047619 0.000000 0.000311
35.333333 -7.047619 2.000000 0.016429
35.333333 -7.047619 4.000000 0.042497
35.333333 -7.047619 6.000000 0.081662
35.333333 -7.047619 8.000000 0.131967
35.333333 -7.047619 10.000000 0.188242
35.333333 -7.047619 12.000000 0.243709
35.333333 -4.095238 0.000000 -0.000644
35.333333 -4.095238 2.000000 -0.002482
35.333333 -4.095238 4.000000 0.017462
35.333333 -4.095238 6.000000 0.061757
35.333333 -4.095238 8.000000 0.133525
35.333333 -4.095238 10.000000 0.217338
35.333333 -4.095238 12.000000 0.297915
35.333333 -1.142857 0.000000 -0.005807
35.333333 -1.142857 2.000000 -0.183632
35.333333 -1.142857 4.000000 -0.006059
35.333333 -1.142857 6.000000 0.012537
35.333333 -1.142857 8.000000 0.126444
35.333333 -1.142857 10.000000 0.262212
35.333333 -1.142857 12.000000 0.383319
35.333333 1.809524 0.000000 -0.003230
35.333333 1.809524 2.000000 -0.053237
35.333333 1.809524 4.000000 -0.326237
35.333333 1.809524 6.000000 -0.132013
35.333333 1.809524 8.000000 0.129507
35.333333 1.809524 10.000000 0.358018
35.333333 1.809524 12.000000 0.534837
35.333333 4.761905 0.000000 -0.003262
35.333333 4.761905 2.000000 0.016592
35.333333 4.761905 4.000000 -0.677147
35.333333 4.761905 6.000000 -0.168374
35.333333 4.761905 8.000000 0.255627
35.333333 4.761905 10.000000 0.582598
35.333333 4.761905 12.000000 0.813041
35.333333 7.714286 0.000000 -0.004435
35.333333 7.714286 2.000000 0.030316
35.333333 7.714286 4.000000 -0.612171
35.333333 7.714286 6.000000 0.013649
35.333333 7.714286 8.000000 0.605812
35.333333 7.714286 10.000000 1.038733
35.333333 7.714286 12.000000 1.304125
35.333333 10.666667 0.000000 -0.004296
35.333333 10.666667 2.000000 0.122605
35.333333 10.666667 4.000000 -1.239463
35.333333 10.666667 6.000000 0.366268
35.333333 10.666667 8.000000 1.375075
35.333333 10.666667 10.000000 1.911645
35.333333 10.666667 12.000000 2.135710
35.333333 13.619048 0.000000 0.000910
35.333333 13.619048 2.000000 0.124910
35.333333 13.619048 4.000000 0.236022
35.333333 13.619048 6.000000 2.171290
35.333333 13.619048 8.000000 3.209869
35.333333 13.619048 10.000000 3.530872
35.333333 13.619048 12.000000 3.456198
35.333333 16.571429 0.000000 0.027427
35.333333 16.571429 2.000000 0.265162
35.333333 16.571429 4.000000 3.569689
35.333333 16.571429 6.000000 6.568145
35.333333 16.571429 8.000000 6.833707
35.333333 16.571429 10.000000 6.133586
35.333333 16.571429 12.000000 5.265159
35.333333 19.523810 0.000000 0.089203
35.333333 19.523810 2.000000 -0.267041
35.333333 19.523810 4.000000 22.441267
35.333333 19.523810 6.000000 17.028667
35.333333 19.523810 8.000000 12.396815
35.333333 19.523810 10.000000 9.232086
35.333333 19.523810 12.000000 7.095281
35.333333 22.476190 0.000000 0.140305
35.333333 22.476190 2.000000 -0.639621
35.333333 22.476190 4.000000 40.999286
35.333333 22.476190 6.000000 24.795735
35.333333 22.476190 8.000000 15.688575
35.333333 22.476190 10.000000 10.799498
35.333333 22.476190 12.000000 7.929883
35.333333 25.428571 0.000000 0.088248
35.333333 25.428571 2.000000 -0.668327
35.333333 25.428571 4.000000 23.855225
35.333333 25.428571 6.000000 17.452578
35.333333 25.428571 8.000000 12.565478
35.333333 25.428571 10.000000 9.310543
35.333333 25.428571 12.000000 7.136138
35.333333 28.380952 0.000000 0.028518
35.333333 28.380952 2.000000 0.111259
35.333333 28.380952 4.000000 3.465015
35.333333 28.380952 6.000000 6.629378
35.333333 28.380952 8.000000 6.922256
35.333333 28.380952 10.000000 6.200863
35.333333 28.380952 12.000000 5.311369
35.333333 31.333333 0.000000 0.003541
35.333333 31.333333 2.000000 0.208651
35.333333 31.333333 4.000000 -0.008989
35.333333 31.333333 6.000000 2.070007
35.333333 31.333333 8.000000 3.216231
35.333333 31.333333 10.000000 3.564550
35.333333 31.333333 12.000000 3.490983
35.333333 34.285714 0.000000 -0.006979
35.333333 34.285714 2.000000 -0.064432
35.333333 34.285714 4.000000 -0.507817
35.333333 34.285714 6.000000 0.564615
35.333333 34.285714 8.000000 1.436568
35.333333 34.285714 10.000000 1.948685
35.333333 34.285714 12.000000 2.167798
35.333333 37.238095 0.000000 -0.007505
35.333333 37.238095 2.000000 -0.037154
35.333333 37.238095 4.000000 -0.912565
35.333333 37.238095 6.000000 -0.031563
35.333333 37.238095 8.000000 0.630212
35.333333 37.238095 10.000000 1.075050
35.333333 37.238095 12.000000 1.339469
35.333333 40.190476 0.000000 -0.007744
35.333333 40.190476 2.000000 -0.157191
35.333333 40.190476 4.000000 -0.709789
35.333333 40.190476 6.000000 -0.097552
35.333333 40.190476 8.000000 0.332136
35.333333 40.190476 10.000000 0.644218
35.333333 40.190476 12.000000 0.860966
35.333333 43.142857 0.000000 -0.012264
35.333333 43.142857 2.000000 -0.499174
35.333333 43.142857 4.000000 0.039059
35.333333 43.142857 6.000000 0.114035
35.333333 43.142857 8.000000 0.270182
35.333333 43.142857 10.000000 0.444107
35.333333 43.142857 12.000000 0.592731
35.333333 46.095238 0.000000 -0.000017
35.333333 46.095238 2.000000 0.080007
35.333333 46.095238 4.000000 0.058447
35.333333 46.095238 6.000000 0.119428
35.333333 46.095238 8.000000 0.220997
35.333333 46.095238 10.000000 0.332348
35.333333 46.095238 12.000000 0.434616
35.333333 49.047619 0.000000 0.000301
35.333333 49.047619 2.000000 0.019500
35.333333 49.047619 4.000000 0.052668
35.333333 49.047619 6.000000 0.110376
35.333333 49.047619 8.000000 0.183703
35.333333 49.047619 10.000000 0.261674
35.333333 49.047619 12.000000 0.334841
35.333333 52.000000 0.000000 0.000637
35.333333 52.000000 2.000000 0.026680
35.333333 52.000000 4.000000 0.061323
35.333333 52.000000 6.000000 0.106549
35.333333 52.000000 8.000000 0.159587
35.333333 52.000000 10.000000 0.215717
35.333333 52.000000 12.000000 0.269424
38.166667 -10.000000 0.000000 0.000529
38.166667 -10.000000 2.000000 0.023511
38.166667 -10.000000 4.000000 0.050249
38.166667 -10.000000 6.000000 0.081796
38.166667 -10.000000 8.000000 0.117776
38.166667 -10.000000 10.000000 0.156468
38.166667 -10.000000 12.000000 0.194759
38.166667 -7.047619 0.000000 0.000289
38.166667 -7.047619 2.000000 0.014779
38.166667 -7.047619 4.000000 0.039878
38.166667 -7.047619 6.000000 0.077258
38.166667 -7.047619 8.000000 0.124392
38.166667 -7.047619 10.000000 0.176869
38.166667 -7.047619 12.000000 0.228785
38.166667 -4.095238 0.000000 -0.000785
38.166667 -4.095238 2.000000 -0.026824
38.166667 -4.095238 4.000000 -0.001890
38.166667 -4.095238 6.000000 0.051176
38.166667 -4.095238 8.000000 0.121940
38.166667 -4.095238 10.000000 0.200435
38.166667 -4.095238 12.000000 0.275494
38.166667 -1.142857 0.000000 -0.004844
38.166667 -1.142857 2.000000 -0.163427
38.166667 -1.142857 4.000000 -0.113034
38.166667 -1.142857 6.000000 -0.022970
38.166667 -1.142857 8.000000 0.105082
38.166667 -1.142857 10.000000 0.234654
38.166667 -1.142857 12.000000 0.347437
38.166667 1.809524 0.000000 -0.002488
38.166667 1.809524 2.000000 -0.006783
38.166667 1.809524 4.000000 -0.599069
38.166667 1.809524 6.000000 -0.186363
38.166667 1.809524 8.000000 0.096588
38.166667 1.809524 10.000000 0.310911
38.166667 1.809524 12.000000 0.474143
38.166667 4.761905 0.000000 -0.002371
38.166667 4.761905 2.000000 0.004085
38.166667 4.761905 4.000000 -0.417576
38.166667 4.761905 6.000000 -0.127121
38.166667 4.761905 8.000000 0.211020
38.166667 4.761905 10.000000 0.495943
38.166667 4.761905 12.000000 0.705170
38.166667 7.714286 0.000000 -0.003451
38.166667 7.714286 2.000000 0.002276
38.166667 7.714286 4.000000 -0.443756
38.166667 7.714286 6.000000 -0.003795
38.166667 7.714286 8.000000 0.482971
38.166667 7.714286 10.000000 0.861026
38.166667 7.714286 12.000000 1.105524
38.166667 10.666667 0.000000 -0.003464
38.166667 10.666667 2.000000 0.116666
38.166667 10.666667 4.000000 -1.188287
38.166667 10.666667 6.000000 0.187996
38.166667 10.666667 8.000000 1.057737
38.166667 10.666667 10.000000 1.541670
38.166667 10.666667 12.000000 1.768831
38.166667 13.619048 0.000000 -0.001380
38.166667 13.619048 2.000000 0.082023
38.166667 13.619048 4.000000 0.089542
38.166667 13.619048 6.000000 1.527427
38.166667 13.619048 8.000000 2.424565
38.166667 13.619048 10.000000 2.776384
38.166667 13.619048 12.000000 2.799387
38.166667 16.571429 0.000000 0.013283
38.166667 16.571429 2.000000 0.168613
38.166667 16.571429 4.000000 2.032766
38.166667 16.571429 6.000000 4.570962
38.166667 16.571429 8.000000 5.042449
38.166667 16.571429 10.000000 4.714990
38.166667 16.571429 12.000000 4.183634
38.166667 19.523810 0.000000 0.048691
38.166667 19.523810 2.000000 -0.290588
38.166667 19.523810 4.000000 14.731595
38.166667 19.523810 6.000000 11.776036
38.166667 19.523810 8.000000 8.994541
38.166667 19.523810 10.000000 6.985716
38.166667 19.523810 12.000000 5.564335
38.166667 22.476190 0.000000 0.076918
38.166667 22.476190 2.000000 -0.683724
38.166667 22.476190 4.000000 26.312180
38.166667 22.476190 6.000000 16.962194
38.166667 22.476190 8.000000 11.297332
38.166667 22.476190 10.000000 8.122531
38.166667 22.476190 12.000000 6.188746
38.166667 25.428571 0.000000 0.047595
38.166667 25.428571 2.000000 -0.545003
38.166667 25.428571 4.000000 15.377130
38.166667 25.428571 6.000000 12.011605
38.166667 25.428571 8.000000 9.100033
38.166667 25.428571 10.000000 7.037901
38.166667 25.428571 12.000000 5.592735
38.166667 28.380952 0.000000 0.014190
38.166667 28.380952 2.000000 0.102350
38.166667 28.380952 4.000000 2.121035
38.166667 28.380952 6.000000 4.604954
38.166667 28.380952 8.000000 5.087674
38.166667 28.380952 10.000000 4.754410
38.166667 28.380952 12.000000 4.213744
38.166667 31.333333 0.000000 0.001397
38.166667 31.333333 2.000000 0.260309
38.166667 31.333333 4.000000 -0.780700
38.166667 31.333333 6.000000 1.289507
38.166667 31.333333 8.000000 2.383217
38.166667 31.333333 10.000000 2.785357
38.166667 31.333333 12.000000 2.819645
38.166667 34.285714 0.000000 -0.004936
38.166667 34.285714 2.000000 0.046824
38.166667 34.285714 4.000000 -0.794731
38.166667 34.285714 6.000000 0.283215
38.166667 34.285714 8.000000 1.081871
38.166667 34.285714 10.000000 1.560797
38.166667 34.285714 12.000000 1.790404
38.166667 37.238095 0.000000 -0.005262
38.166667 37.238095 2.000000 -0.017827
38.166667 37.238095 4.000000 -0.741953
38.166667 37.238095 6.000000 -0.054174
38.166667 37.238095 8.000000 0.498649
38.166667 37.238095 10.000000 0.889583
38.166667 37.238095 12.000000 1.134788
38.166667 40.190476 0.000000 -0.005852
38.166667 40.190476 2.000000 -0.116366
38.166667 40.190476 4.000000 -0.441783
38.166667 40.190476 6.000000 -0.070430
38.166667 40.190476 8.000000 0.274578
38.166667 40.190476 10.000000 0.549035
38.166667 40.190476 12.000000 0.747478
38.166667 43.142857 0.000000 -0.010880
38.166667 43.142857 2.000000 -0.399440
38.166667 43.142857 4.000000 -0.167485
38.166667 43.142857 6.000000 0.031211
38.166667 43.142857 8.000000 0.213754
38.166667 43.142857 10.000000 0.384141
38.166667 43.142857 12.000000 0.525086
38.166667 46.095238 0.000000 -0.003897
38.166667 46.095238 2.000000 -0.252687
38.166667 46.095238 4.000000 -0.101528
38.166667 46.095238 6.000000 0.054313
38.166667 46.095238 8.000000 0.180041
38.166667 46.095238 10.000000 0.293479
38.166667 46.095238 12.000000 0.392400
38.166667 49.047619 0.000000 -0.000084
38.166667 49.047619 2.000000 -0.013498
38.166667 49.047619 4.000000 0.021253
38.166667 49.047619 6.000000 0.086306
38.166667 49.047619 8.000000 0.161614
38.166667 49.047619 10.000000 0.237855
38.166667 49.047619 12.000000 0.308113
38.166667 52.000000 0.000000 0.000558
38.166667 52.000000 2.000000 0.021842
38.166667 52.000000 4.000000 0.053394
38.166667 52.000000 6.000000 0.096416
38.166667 52.000000 8.000000 0.147133
38.166667 52.000000 10.000000 0.200692
38.166667 52.000000 12.000000 0.251905
41.000000 -10.000000 0.000000 0.000495
41.000000 -10.000000 2.000000 0.022211
41.000000 -10.000000 4.000000 0.047235
41.000000 -10.000000 6.000000 0.076550
41.000000 -10.000000 8.000000 0.109951
41.000000 -10.000000 10.000000 0.145973
41.000000 -10.000000 12.000000 0.181789
41.000000 -7.047619 0.000000 0.000267
41.000000 -7.047619 2.000000 0.014370
41.000000 -7.047619 4.000000 0.037453
41.000000 -7.047619 6.000000 0.071336
41.000000 -7.047619 8.000000 0.114265
41.000000 -7.047619 10.000000 0.162462
41.000000 -7.047619 12.000000 0.210544
41.000000 -4.095238 0.000000 -0.000810
41.000000 -4.095238 2.000000 -0.025803
41.000000 -4.095238 4.000000 -0.003319
41.000000 -4.095238 6.000000 0.044244
41.000000 -4.095238 8.000000 0.108227
41.000000 -4.095238 10.000000 0.179664
41.000000 -4.095238 12.000000 0.248603
41.000000 -1.142857 0.000000 -0.007246
41.000000 -1.142857 2.000000 -0.334595
41.000000 -1.142857 4.000000 -0.154666
41.000000 -1.142857 6.000000 -0.038155
41.000000 -1.142857 8.000000 0.084684
41.000000 -1.142857 10.000000 0.202817
41.000000 -1.142857 12.000000 0.305748
41.000000 1.809524 0.000000 -0.000248
41.000000 1.809524 2.000000 0.094286
41.000000 1.809524 4.000000 -0.579180
41.000000 1.809524 6.000000 -0.195588
41.000000 1.809524 8.000000 0.065293
41.000000 1.809524 10.000000 0.257975
41.000000 1.809524 12.000000 0.405645
41.000000 4.761905 0.000000 -0.000352
41.000000 4.761905 2.000000 0.049973
41.000000 4.761905 4.000000 -0.440529
41.000000 4.761905 6.000000 -0.157654
41.000000 4.761905 8.000000 0.147393
41.000000 4.761905 10.000000 0.398516
41.000000 4.761905 12.000000 0.586388
41.000000 7.714286 0.000000 -0.002427
41.000000 7.714286 2.000000 -0.024419
41.000000 7.714286 4.000000 -0.323141
41.000000 7.714286 6.000000 -0.031224
41.000000 7.714286 8.000000 0.354173
41.000000 7.714286 10.000000 0.673242
41.000000 7.714286 12.000000 0.893004
41.000000 10.666667 0.000000 -0.003243
41.000000 10.666667 2.000000 0.008268
41.000000 10.666667 4.000000 -0.721486
41.000000 10.666667 6.000000 0.121594
41.000000 10.666667 8.000000 0.757677
41.000000 10.666667 10.000000 1.162448
41.000000 10.666667 12.000000 1.383552
41.000000 13.619048 0.000000 -0.002775
41.000000 13.619048 2.000000 0.050171
41.000000 13.619048 4.000000 -0.294356
41.000000 13.619048 6.000000 0.853857
41.000000 13.619048 8.000000 1.623733
41.000000 13.619048 10.000000 1.999849
41.000000 13.619048 12.000000 2.115243
41.000000 16.571429 0.000000 0.003532
41.000000 16.571429 2.000000 0.217240
41.000000 16.571429 4.000000 0.322991
41.000000 16.571429 6.000000 2.466730
41.000000 16.571429 8.000000 3.194904
41.000000 16.571429 10.000000 3.254472
41.000000 16.571429 12.000000 3.062733
41.000000 19.523810 0.000000 0.014443
41.000000 19.523810 2.000000 -0.099317
41.000000 19.523810 4.000000 6.314967
41.000000 19.523810 6.000000 6.284736
41.000000 19.523810 8.000000 5.490537
41.000000 19.523810 10.000000 4.677097
41.000000 19.523810 12.000000 3.982804
41.000000 22.476190 0.000000 0.023458
41.000000 22.476190 2.000000 -0.400288
41.000000 22.476190 4.000000 11.845899
41.000000 22.476190 6.000000 8.994930
41.000000 22.476190 8.000000 6.807233
41.000000 22.476190 10.000000 5.379225
41.000000 22.476190 12.000000 4.393682
41.000000 25.428571 0.000000 0.012562
41.000000 25.428571 2.000000 -0.298884
41.000000 25.428571 4.000000 6.770699
41.000000 25.428571 6.000000 6.479780
41.000000 25.428571 8.000000 5.577093
41.000000 25.428571 10.000000 4.716977
41.000000 25.428571 12.000000 4.003191
41.000000 28.380952 0.000000 0.001698
41.000000 28.380952 2.000000 0.026759
41.000000 28.380952 4.000000 0.994472
41.000000 28.380952 6.000000 2.651481
41.000000 28.380952 8.000000 3.257127
41.000000 28.380952 10.000000 3.285273
41.000000 28.380952 12.000000 3.082956
41.000000 31.333333 0.000000 -0.000608
41.000000 31.333333 2.000000 0.195902
41.000000 31.333333 4.000000 -0.707196
41.000000 31.333333 6.000000 0.705484
41.000000 31.333333 8.000000 1.583851
41.000000 31.333333 10.000000 1.997492
41.000000 31.333333 12.000000 2.125323
41.000000 34.285714 0.000000 -0.002752
41.000000 34.285714 2.000000 0.065760
41.000000 34.285714 4.000000 -0.702687
41.000000 34.285714 6.000000 0.103044
41.000000 34.285714 8.000000 0.744267
41.000000 34.285714 10.000000 1.164818
41.000000 34.285714 12.000000 1.395284
41.000000 37.238095 0.000000 -0.004051
41.000000 37.238095 2.000000 -0.066476
41.000000 37.238095 4.000000 -0.350827
41.000000 37.238095 6.000000 -0.032374
41.000000 37.238095 8.000000 0.368370
41.000000 37.238095 10.000000 0.693629
41.000000 37.238095 12.000000 0.914990
41.000000 40.190476 0.000000 -0.004529
41.000000 40.190476 2.000000 -0.126280
41.000000 40.190476 4.000000 -0.266169
41.000000 40.190476 6.000000 -0.046387
41.000000 40.190476 8.000000 0.212272
41.000000 40.190476 10.000000 0.443394
41.000000 40.190476 12.000000 0.621074
41.000000 43.142857 0.000000 -0.006827
41.000000 43.142857 2.000000 -0.236816
41.000000 43.142857 4.000000 -0.108190
41.000000 43.142857 6.000000 0.010952
41.000000 43.142857 8.000000 0.163078
41.000000 43.142857 10.000000 0.316523
41.000000 43.142857 12.000000 0.446903
41.000000 46.095238 0.000000 -0.004101
41.000000 46.095238 2.000000 -0.188326
41.000000 46.095238 4.000000 -0.101490
41.000000 46.095238 6.000000 0.024440
41.000000 46.095238 8.000000 0.140012
41.000000 46.095238 10.000000 0.247516
41.000000 46.095238 12.000000 0.341603
41.000000 49.047619 0.000000 -0.000366
41.000000 49.047619 2.000000 -0.024048
41.000000 49.047619 4.000000 0.002402
41.000000 49.047619 6.000000 0.062431
41.000000 49.047619 8.000000 0.134345
41.000000 49.047619 10.000000 0.207438
41.000000 49.047619 12.000000 0.274676
41.000000 52.000000 0.000000 0.000432
41.000000 52.000000 2.000000 0.015822
41.000000 52.000000 4.000000 0.042593
41.000000 52.000000 6.000000 0.082065
41.000000 52.000000 8.000000 0.129866
41.000000 52.000000 10.000000 0.180747
41.000000 52.000000 12.000000 0.229528
43.833333 -10.000000 0.000000 0.000457
43.833333 -10.000000 2.000000 0.020559
43.833333 -10.000000 4.000000 0.043484
43.833333 -10.000000 6.000000 0.070253
43.833333 -10.000000 8.000000 0.100897
43.833333 -10.000000 10.000000 0.134155
43.833333 -10.000000 12.000000 0.167409
43.833333 -7.047619 0.000000 0.000267
43.833333 -7.047619 2.000000 0.015851
43.833333 -7.047619 4.000000 0.036059
43.833333 -7.047619 6.000000 0.064760
43.833333 -7.047619 8.000000 0.102596
43.833333 -7.047619 10.000000 0.146305
43.833333 -7.047619 12.000000 0.190535
43.833333 -4.095238 0.000000 -0.000290
43.833333 -4.095238 2.000000 0.016057
43.833333 -4.095238 4.000000 0.024465
43.833333 -4.095238 6.000000 0.046329
43.833333 -4.095238 8.000000 0.094833
43.833333 -4.095238 10.000000 0.157139
43.833333 -4.095238 12.000000 0.219710
43.833333 -1.142857 0.000000 -0.003518
43.833333 -1.142857 2.000000 -0.190151
43.833333 -1.142857 4.000000 0.036676
43.833333 -1.142857 6.000000 0.004940
43.833333 -1.142857 8.000000 0.073376
43.833333 -1.142857 10.000000 0.170626
43.833333 -1.142857 12.000000 0.262371
43.833333 1.809524 0.000000 -0.000474
43.833333 1.809524 2.000000 0.030366
43.833333 1.809524 4.000000 -0.174768
43.833333 1.809524 6.000000 -0.108049
43.833333 1.809524 8.000000 0.049143
43.833333 1.809524 10.000000 0.206283
43.833333 1.809524 12.000000 0.336585
43.833333 4.761905 0.000000 0.000144
43.833333 4.761905 2.000000 0.059759
43.833333 4.761905 4.000000 -0.460178
43.833333 4.761905 6.000000 -0.179399
43.833333 4.761905 8.000000 0.084250
43.833333 4.761905 10.000000 0.302550
43.833333 4.761905 12.000000 0.469738
43.833333 7.714286 0.000000 -0.000387
43.833333 7.714286 2.000000 0.042020
43.833333 7.714286 4.000000 -0.518325
43.833333 7.714286 6.000000 -0.126289
43.833333 7.714286 8.000000 0.219886
43.833333 7.714286 10.000000 0.494422
43.833333 7.714286 12.000000 0.690751
43.833333 10.666667 0.000000 -0.001593
43.833333 10.666667 2.000000 -0.005373
43.833333 10.666667 4.000000 -0.493115
43.833333 10.666667 6.000000 0.035672
43.833333 10.666667 8.000000 0.492602
43.833333 10.666667 10.000000 0.822470
43.833333 10.666667 12.000000 1.029566
43.833333 13.619048 0.000000 -0.001757
43.833333 13.619048 2.000000 0.010869
43.833333 13.619048 4.000000 -0.360415
43.833333 13.619048 6.000000 0.389561
43.833333 13.619048 8.000000 0.980135
43.833333 13.619048 10.000000 1.335063
43.833333 13.619048 12.000000 1.505794
43.833333 16.571429 0.000000 -0.000237
43.833333 16.571429 2.000000 0.194987
43.833333 16.571429 4.000000 -0.605681
43.833333 16.571429 6.000000 0.965657
43.833333 16.571429 8.000000 1.745882
43.833333 16.571429 10.000000 2.038437
43.833333 16.571429 12.000000 2.087307
43.833333 19.523810 0.000000 0.002635
43.833333 19.523810 2.000000 0.232668
43.833333 19.523810 4.000000 0.978122
43.833333 19.523810 6.000000 2.365112
43.833333 19.523810 8.000000 2.792859
43.833333 19.523810 10.000000 2.790915
43.833333 19.523810 12.000000 2.627900
43.833333 22.476190 0.000000 0.002638
43.833333 22.476190 2.000000 0.074928
43.833333 22.476190 4.000000 2.705153
43.833333 22.476190 6.000000 3.422837
43.833333 22.476190 8.000000 3.395942
43.833333 22.476190 10.000000 3.156671
43.833333 22.476190 12.000000 2.864927
43.833333 25.428571 0.000000 -0.000290
43.833333 25.428571 2.000000 0.030508
43.833333 25.428571 4.000000 1.254942
43.833333 25.428571 6.000000 2.536804
43.833333 25.428571 8.000000 2.863968
43.833333 25.428571 10.000000 2.819997
43.833333 25.428571 12.000000 2.641436
43.833333 28.380952 0.000000 -0.000076
43.833333 28.380952 2.000000 0.151865
43.833333 28.380952 4.000000 -0.106582
43.833333 28.380952 6.000000 1.096599
43.833333 28.380952 8.000000 1.785885
43.833333 28.380952 10.000000 2.056392
43.833333 28.380952 12.000000 2.098992
43.833333 31.333333 0.000000 0.000292
43.833333 31.333333 2.000000 0.169283
43.833333 31.333333 4.000000 -0.846868
43.833333 31.333333 6.000000 0.205103
43.833333 31.333333 8.000000 0.924770
43.833333 31.333333 10.000000 1.323751
43.833333 31.333333 12.000000 1.509213
43.833333 34.285714 0.000000 -0.000730
43.833333 34.285714 2.000000 0.075111
43.833333 34.285714 4.000000 -0.776981
43.833333 34.285714 6.000000 -0.076488
43.833333 34.285714 8.000000 0.457796
43.833333 34.285714 10.000000 0.817315
43.833333 34.285714 12.000000 1.036094
43.833333 37.238095 0.000000 -0.000363
43.833333 37.238095 2.000000 0.051800
43.833333 37.238095 4.000000 -0.512373
43.833333 37.238095 6.000000 -0.132396
43.833333 37.238095 8.000000 0.228037
43.833333 37.238095 10.000000 0.508946
43.833333 37.238095 12.000000 0.707370
43.833333 40.190476 0.000000 -0.002204
43.833333 40.190476 2.000000 -0.021881
43.833333 40.190476 4.000000 -0.487702
43.833333 40.190476 6.000000 -0.142813
43.833333 40.190476 8.000000 0.120695
43.833333 40.190476 10.000000 0.333330
43.833333 40.190476 12.000000 0.495769
43.833333 43.142857 0.000000 -0.004230
43.833333 43.142857 2.000000 -0.134158
43.833333 43.142857 4.000000 -0.109968
43.833333 43.142857 6.000000 -0.041073
43.833333 43.142857 8.000000 0.099832
43.833333 43.142857 10.000000 0.244468
43.833333 43.142857 12.000000 0.366822
43.833333 46.095238 0.000000 -0.004416
43.833333 46.095238 2.000000 -0.163036
43.833333 46.095238 4.000000 -0.107915
43.833333 46.095238 6.000000 -0.008658
43.833333 46.095238 8.000000 0.097308
43.833333 46.095238 10.000000 0.199293
43.833333 46.095238 12.000000 0.288680
43.833333 49.047619 0.000000 -0.000607
43.833333 49.047619 2.000000 -0.030540
43.833333 49.047619 4.000000 -0.013576
43.833333 49.047619 6.000000 0.038950
43.833333 49.047619 8.000000 0.106053
43.833333 49.047619 10.000000 0.175367
43.833333 49.047619 12.000000 0.239247
43.833333 52.000000 0.000000 0.000302
43.833333 52.000000 2.000000 0.010030
43.833333 52.000000 4.000000 0.031704
43.833333 52.000000 6.000000 0.067046
43.833333 52.000000 8.000000 0.111433
43.833333 52.000000 10.000000 0.159281
43.833333 52.000000 12.000000 0.205357
46.666667 -10.000000 0.000000 0.000414
46.666667 -10.000000 2.000000 0.018095
46.666667 -10.000000 4.000000 0.038662
46.666667 -10.000000 6.000000 0.063116
46.666667 -10.000000 8.000000 0.091346
46.666667 -10.000000 10.000000 0.122053
46.666667 -10.000000 12.000000 0.152791
46.666667 -7.047619 0.000000 0.000196
46.666667 -7.047619 2.000000 0.009778
46.666667 -7.047619 4.000000 0.026279
46.666667 -7.047619 6.000000 0.052942
46.666667 -7.047619 8.000000 0.088657
46.666667 -7.047619 10.000000 0.129495
46.666667 -7.047619 12.000000 0.170476
46.666667 -4.095238 0.000000 -0.000669
46.666667 -4.095238 2.000000 -0.017039
46.666667 -4.095238 4.000000 -0.014605
46.666667 -4.095238 6.000000 0.017525
46.666667 -4.095238 8.000000 0.071196
46.666667 -4.095238 10.000000 0.132369
46.666667 -4.095238 12.000000 0.191064
46.666667 -1.142857 0.000000 -0.005241
46.666667 -1.142857 2.000000 -0.160134
46.666667 -1.142857 4.000000 -0.162649
46.666667 -1.142857 6.000000 -0.075755
46.666667 -1.142857 8.000000 0.032497
46.666667 -1.142857 10.000000 0.133750
46.666667 -1.142857 12.000000 0.220307
46.666667 1.809524 0.000000 0.001046
46.666667 1.809524 2.000000 0.116764
46.666667 1.809524 4.000000 -0.563106
46.666667 1.809524 6.000000 -0.211214
46.666667 1.809524 8.000000 -0.001452
46.666667 1.809524 10.000000 0.153151
46.666667 1.809524 12.000000 0.272758
46.666667 4.761905 0.000000 0.001613
46.666667 4.761905 2.000000 0.133933
46.666667 4.761905 4.000000 -0.426047
46.666667 4.761905 6.000000 -0.209921
46.666667 4.761905 8.000000 0.025632
46.666667 4.761905 10.000000 0.218868
46.666667 4.761905 12.000000 0.367151
46.666667 7.714286 0.000000 0.001228
46.666667 7.714286 2.000000 0.123019
46.666667 7.714286 4.000000 -0.530113
46.666667 7.714286 6.000000 -0.195454
46.666667 7.714286 8.000000 0.108263
46.666667 7.714286 10.000000 0.345230
46.666667 7.714286 12.000000 0.518554
46.666667 10.666667 0.000000 0.000189
46.666667 10.666667 2.000000 0.041923
46.666667 10.666667 4.000000 -0.460248
46.666667 10.666667 6.000000 -0.066349
46.666667 10.666667 8.000000 0.281302
46.666667 10.666667 10.000000 0.551987
46.666667 10.666667 12.000000 0.739529
46.666667 13.619048 0.000000 -0.001722
46.666667 13.619048 2.000000 -0.096563
46.666667 13.619048 4.000000 0.156721
46.666667 13.619048 6.000000 0.222041
46.666667 13.619048 8.000000 0.558207
46.666667 13.619048 10.000000 0.847247
46.666667 13.619048 12.000000 1.030158
46.666667 16.571429 0.000000 0.000005
46.666667 16.571429 2.000000 0.076092
46.666667 16.571429 4.000000 -0.350204
46.666667 16.571429 6.000000 0.321186
46.666667 16.571429 8.000000 0.876256
46.666667 16.571429 10.000000 1.203141
46.666667 16.571429 12.000000 1.359183
46.666667 19.523810 0.000000 0.000281
46.666667 19.523810 2.000000 0.214597
46.666667 19.523810 4.000000 -0.796738
46.666667 19.523810 6.000000 0.561192
46.666667 19.523810 8.000000 1.249721
46.666667 19.523810 10.000000 1.549397
46.666667 19.523810 12.000000 1.646727
46.666667 22.476190 0.000000 -0.000734
46.666667 22.476190 2.000000 0.165318
46.666667 22.476190 4.000000 -0.291559
46.666667 22.476190 6.000000 0.876425
46.666667 22.476190 8.000000 1.470514
46.666667 22.476190 10.000000 1.711677
46.666667 22.476190 12.000000 1.768379
46.666667 25.428571 0.000000 -0.001243
46.666667 25.428571 2.000000 0.104298
46.666667 25.428571 4.000000 -0.306964
46.666667 25.428571 6.000000 0.691962
46.666667 25.428571 8.000000 1.285288
46.666667 25.428571 10.000000 1.561291
46.666667 25.428571 12.000000 1.652137
46.666667 28.380952 0.000000 -0.000229
46.666667 28.380952 2.000000 0.092776
46.666667 28.380952 4.000000 -0.606377
46.666667 28.380952 6.000000 0.273033
46.666667 28.380952 8.000000 0.869472
46.666667 28.380952 10.000000 1.204474
46.666667 28.380952 12.000000 1.362792
46.666667 31.333333 0.000000 0.000702
46.666667 31.333333 2.000000 0.087334
46.666667 31.333333 4.000000 -0.725537
46.666667 31.333333 6.000000 -0.000785
46.666667 31.333333 8.000000 0.506570
46.666667 31.333333 10.000000 0.837199
46.666667 31.333333 12.000000 1.031767
46.666667 34.285714 0.000000 -0.001246
46.666667 34.285714 2.000000 -0.060348
46.666667 34.285714 4.000000 -0.202972
46.666667 34.285714 6.000000 -0.009573
46.666667 34.285714 8.000000 0.293638
46.666667 34.285714 10.000000 0.559165
46.666667 34.285714 12.000000 0.747787
46.666667 37.238095 0.000000 0.000504
46.666667 37.238095 2.000000 0.048348
46.666667 37.238095 4.000000 -0.331925
46.666667 37.238095 6.000000 -0.124635
46.666667 37.238095 8.000000 0.137611
46.666667 37.238095 10.000000 0.363627
46.666667 37.238095 12.000000 0.533962
46.666667 40.190476 0.000000 -0.000387
46.666667 40.190476 2.000000 0.057052
46.666667 40.190476 4.000000 -0.670098
46.666667 40.190476 6.000000 -0.245987
46.666667 40.190476 8.000000 0.037220
46.666667 40.190476 10.000000 0.238581
46.666667 40.190476 12.000000 0.386640
46.666667 43.142857 0.000000 -0.000244
46.666667 43.142857 2.000000 0.096527
46.666667 43.142857 4.000000 -0.289138
46.666667 43.142857 6.000000 -0.142549
46.666667 43.142857 8.000000 0.031617
46.666667 43.142857 10.000000 0.178791
46.666667 43.142857 12.000000 0.294920
46.666667 46.095238 0.000000 -0.006966
46.666667 46.095238 2.000000 -0.407298
46.666667 46.095238 4.000000 -0.220188
46.666667 46.095238 6.000000 -0.066000
46.666667 46.095238 8.000000 0.053295
46.666667 46.095238 10.000000 0.155202
46.666667 46.095238 12.000000 0.240368
46.666667 49.047619 0.000000 -0.000951
46.666667 49.047619 2.000000 -0.055807
46.666667 49.047619 4.000000 -0.041154
46.666667 49.047619 6.000000 0.013508
46.666667 49.047619 8.000000 0.079948
46.666667 49.047619 10.000000 0.146288
46.666667 49.047619 12.000000 0.206379
46.666667 52.000000 0.000000 0.000193
46.666667 52.000000 2.000000 0.004259
46.666667 52.000000 4.000000 0.021664
46.666667 52.000000 6.000000 0.053716
46.666667 52.000000 8.000000 0.094930
46.666667 52.000000 10.000000 0.139472
46.666667 52.000000 12.000000 0.182352
49.500000 -10.000000 0.000000 0.000382
49.500000 -10.000000 2.000000 0.016162
49.500000 -10.000000 4.000000 0.034828
49.500000 -10.000000 6.000000 0.057247
49.500000 -10.000000 8.000000 0.083125
49.500000 -10.000000 10.000000 0.111183
49.500000 -10.000000 12.000000 0.139222
49.500000 -7.047619 0.000000 0.000158
49.500000 -7.047619 2.000000 0.004703
49.500000 -7.047619 4.000000 0.018742
49.500000 -7.047619 6.000000 0.044214
49.500000 -7.047619 8.000000 0.077891
49.500000 -7.047619 10.000000 0.115509
49.500000 -7.047619 12.000000 0.152782
49.500000 -4.095238 0.000000 -0.000777
49.500000 -4.095238 2.000000 -0.047036
49.500000 -4.095238 4.000000 -0.048143
49.500000 -4.095238 6.000000 -0.003219
49.500000 -4.095238 8.000000 0.054846
49.500000 -4.095238 10.000000 0.113485
49.500000 -4.095238 12.000000 0.167145
49.500000 -1.142857 0.000000 -0.000806
49.500000 -1.142857 2.000000 0.052219
49.500000 -1.142857 4.000000 -0.297066
49.500000 -1.142857 6.000000 -0.127032
49.500000 -1.142857 8.000000 0.007611
49.500000 -1.142857 10.000000 0.107842
49.500000 -1.142857 12.000000 0.186781
49.500000 1.809524 0.000000 0.001248
49.500000 1.809524 2.000000 0.156884
49.500000 1.809524 4.000000 -0.646911
49.500000 1.809524 6.000000 -0.246188
49.500000 1.809524 8.000000 -0.024505
49.500000 1.809524 10.000000 0.118301
49.500000 1.809524 12.000000 0.223480
49.500000 4.761905 0.000000 0.000364
49.500000 4.761905 2.000000 0.061701
49.500000 4.761905 4.000000 -0.183271
49.500000 4.761905 6.000000 -0.159022
49.500000 4.761905 8.000000 0.009360
49.500000 4.761905 10.000000 0.165185
49.500000 4.761905 12.000000 0.289310
49.500000 7.714286 0.000000 0.000973
49.500000 7.714286 2.000000 0.127796
49.500000 7.714286 4.000000 -0.607231
49.500000 7.714286 6.000000 -0.212342
49.500000 7.714286 8.000000 0.049317
49.500000 7.714286 10.000000 0.243444
49.500000 7.714286 12.000000 0.388936
49.500000 10.666667 0.000000 0.000057
49.500000 10.666667 2.000000 0.065274
49.500000 10.666667 4.000000 -0.659284
49.500000 10.666667 6.000000 -0.198016
49.500000 10.666667 8.000000 0.129353
49.500000 10.666667 10.000000 0.361716
49.500000 10.666667 12.000000 0.525885
49.500000 13.619048 0.000000 0.000263
49.500000 13.619048 2.000000 0.044524
49.500000 13.619048 4.000000 -0.463122
49.500000 13.619048 6.000000 -0.075025
49.500000 13.619048 8.000000 0.266811
49.500000 13.619048 10.000000 0.522779
49.500000 13.619048 12.000000 0.696072
49.500000 16.571429 0.000000 -0.000185
49.500000 16.571429 2.000000 0.039285
49.500000 16.571429 4.000000 -0.660970
49.500000 16.571429 6.000000 -0.023476
49.500000 16.571429 8.000000 0.416552
49.500000 16.571429 10.000000 0.703316
49.500000 16.571429 12.000000 0.876997
49.500000 19.523810 0.000000 -0.001441
49.500000 19.523810 2.000000 -0.021539
49.500000 19.523810 4.000000 -0.369297
49.500000 19.523810 6.000000 0.147053
49.500000 19.523810 8.000000 0.579798
49.500000 19.523810 10.000000 0.864116
49.500000 19.523810 12.000000 1.025136
49.500000 22.476190 0.000000 -0.001144
49.500000 22.476190 2.000000 0.000209
49.500000 22.476190 4.000000 -0.312740
49.500000 22.476190 6.000000 0.197960
49.500000 22.476190 8.000000 0.643297
49.500000 22.476190 10.000000 0.927925
49.500000 22.476190 12.000000 1.082869
49.500000 25.428571 0.000000 0.000044
49.500000 25.428571 2.000000 0.089982
49.500000 25.428571 4.000000 -0.739737
49.500000 25.428571 6.000000 0.051222
49.500000 25.428571 8.000000 0.552852
49.500000 25.428571 10.000000 0.855386
49.500000 25.428571 12.000000 1.022469
49.500000 28.380952 0.000000 0.000617
49.500000 28.380952 2.000000 0.078178
49.500000 28.380952 4.000000 -0.468446
49.500000 28.380952 6.000000 -0.010221
49.500000 28.380952 8.000000 0.405308
49.500000 28.380952 10.000000 0.696250
49.500000 28.380952 12.000000 0.874905
49.500000 31.333333 0.000000 -0.000560
49.500000 31.333333 2.000000 -0.036803
49.500000 31.333333 4.000000 -0.092399
49.500000 31.333333 6.000000 -0.014200
49.500000 31.333333 8.000000 0.275340
49.500000 31.333333 10.000000 0.524838
49.500000 31.333333 12.000000 0.698827
49.500000 34.285714 0.000000 -0.001297
49.500000 34.285714 2.000000 -0.076429
49.500000 34.285714 4.000000 -0.082678
49.500000 34.285714 6.000000 -0.008718
49.500000 34.285714 8.000000 0.184191
49.500000 34.285714 10.000000 0.381345
49.500000 34.285714 12.000000 0.536860
49.500000 37.238095 0.000000 -0.000305
49.500000 37.238095 2.000000 -0.000009
49.500000 37.238095 4.000000 -0.201098
49.500000 37.238095 6.000000 -0.107667
49.500000 37.238095 8.000000 0.086501
49.500000 37.238095 10.000000 0.263789
49.500000 37.238095 12.000000 0.403885
49.500000 40.190476 0.000000 0.000931
49.500000 40.190476 2.000000 0.129844
49.500000 40.190476 4.000000 -0.744316
49.500000 40.190476 6.000000 -0.256443
49.500000 40.190476 8.000000 0.005912
49.500000 40.190476 10.000000 0.178998
49.500000 40.190476 12.000000 0.305157
49.500000 43.142857 0.000000 0.000434
49.500000 43.142857 2.000000 0.125897
49.500000 43.142857 4.000000 -0.422710
49.500000 43.142857 6.000000 -0.179237
49.500000 43.142857 8.000000 0.003818
49.500000 43.142857 10.000000 0.138981
49.500000 43.142857 12.000000 0.241502
49.500000 46.095238 0.000000 -0.004655
49.500000 46.095238 2.000000 -0.181832
49.500000 46.095238 4.000000 -0.206385
49.500000 46.095238 6.000000 -0.079148
49.500000 46.095238 8.000000 0.034288
49.500000 46.095238 10.000000 0.127643
49.500000 46.095238 12.000000 0.203802
49.500000 49.047619 0.000000 -0.000873
49.500000 49.047619 2.000000 -0.050138
49.500000 49.047619 4.000000 -0.042239
49.500000 49.047619 6.000000 0.006402
49.500000 49.047619 8.000000 0.066763
49.500000 49.047619 10.000000 0.126508
49.500000 49.047619 12.000000 0.180332
49.500000 52.000000 0.000000 0.000171
49.500000 52.000000 2.000000 0.003283
49.500000 52.000000 4.000000 0.018567
49.500000 52.000000 6.000000 0.047283
49.500000 52.000000 8.000000 0.084317
49.500000 52.000000 10.000000 0.124342
49.500000 52.000000 12.000000 0.162943
52.333333 -10.000000 0.000000 0.000374
52.333333 -10.000000 2.000000 0.015989
52.333333 -10.000000 4.000000 0.033741
52.333333 -10.000000 6.000000 0.054269
52.333333 -10.000000 8.000000 0.077492
52.333333 -10.000000 10.000000 0.102495
52.333333 -10.000000 12.000000 0.127482
52.333333 -7.047619 0.000000 0.000231
52.333333 -7.047619 2.000000 0.009798
52.333333 -7.047619 4.000000 0.024385
52.333333 -7.047619 6.000000 0.046250
52.333333 -7.047619 8.000000 0.074629
52.333333 -7.047619 10.000000 0.106707
52.333333 -7.047619 12.000000 0.138908
52.333333 -4.095238 0.000000 -0.000300
52.333333 -4.095238 2.000000 -0.006799
52.333333 -4.095238 4.000000 -0.002787
52.333333 -4.095238 6.000000 0.020644
52.333333 -4.095238 8.000000 0.060485
52.333333 -4.095238 10.000000 0.106323
52.333333 -4.095238 12.000000 0.150655
52.333333 -1.142857 0.000000 -0.002680
52.333333 -1.142857 2.000000 -0.007125
52.333333 -1.142857 4.000000 -0.066988
52.333333 -1.142857 6.000000 -0.037211
52.333333 -1.142857 8.000000 0.032200
52.333333 -1.142857 10.000000 0.103389
52.333333 -1.142857 12.000000 0.165808
52.333333 1.809524 0.000000 -0.001954
52.333333 1.809524 2.000000 -0.047511
52.333333 1.809524 4.000000 -0.328456
52.333333 1.809524 6.000000 -0.119083
52.333333 1.809524 8.000000 0.010650
52.333333 1.809524 10.000000 0.111187
52.333333 1.809524 12.000000 0.192482
52.333333 4.761905 0.000000 -0.000170
52.333333 4.761905 2.000000 0.057983
52.333333 4.761905 4.000000 -0.064611
52.333333 4.761905 6.000000 -0.054422
52.333333 4.761905 8.000000 0.037364
52.333333 4.761905 10.000000 0.143938
52.333333 4.761905 12.000000 0.238110
52.333333 7.714286 0.000000 -0.001140
52.333333 7.714286 2.000000 -0.005774
52.333333 7.714286 4.000000 -0.066736
52.333333 7.714286 6.000000 -0.056570
52.333333 7.714286 8.000000 0.062658
52.333333 7.714286 10.000000 0.192286
52.333333 7.714286 12.000000 0.302639
52.333333 10.666667 0.000000 -0.001202
52.333333 10.666667 2.000000 0.044051
52.333333 10.666667 4.000000 -0.266242
52.333333 10.666667 6.000000 -0.115418
52.333333 10.666667 8.000000 0.086246
52.333333 10.666667 10.000000 0.255696
52.333333 10.666667 12.000000 0.385370
52.333333 13.619048 0.000000 -0.001956
52.333333 13.619048 2.000000 -0.012265
52.333333 13.619048 4.000000 -0.659095
52.333333 13.619048 6.000000 -0.156762
52.333333 13.619048 8.000000 0.137586
52.333333 13.619048 10.000000 0.340388
52.333333 13.619048 12.000000 0.483685
52.333333 16.571429 0.000000 -0.003714
52.333333 16.571429 2.000000 -0.142681
52.333333 16.571429 4.000000 -0.476013
52.333333 16.571429 6.000000 -0.056956
52.333333 16.571429 8.000000 0.230656
52.333333 16.571429 10.000000 0.439068
52.333333 16.571429 12.000000 0.584752
52.333333 19.523810 0.000000 -0.004032
52.333333 19.523810 2.000000 -0.179657
52.333333 19.523810 4.000000 0.152014
52.333333 19.523810 6.000000 0.144616
52.333333 19.523810 8.000000 0.331504
52.333333 19.523810 10.000000 0.522104
52.333333 19.523810 12.000000 0.662983
52.333333 22.476190 0.000000 -0.003822
52.333333 22.476190 2.000000 -0.116133
52.333333 22.476190 4.000000 -0.155658
52.333333 22.476190 6.000000 0.078904
52.333333 22.476190 8.000000 0.335369
52.333333 22.476190 10.000000 0.544045
52.333333 22.476190 12.000000 0.689299
52.333333 25.428571 0.000000 -0.002255
52.333333 25.428571 2.000000 -0.009862
52.333333 25.428571 4.000000 -0.406192
52.333333 25.428571 6.000000 -0.038411
52.333333 25.428571 8.000000 0.273023
52.333333 25.428571 10.000000 0.501603
52.333333 25.428571 12.000000 0.655408
52.333333 28.380952 0.000000 -0.001878
52.333333 28.380952 2.000000 0.003546
52.333333 28.380952 4.000000 -0.627117
52.333333 28.380952 6.000000 -0.124088
52.333333 28.380952 8.000000 0.196151
52.333333 28.380952 10.000000 0.422817
52.333333 28.380952 12.000000 0.578150
52.333333 31.333333 0.000000 -0.001823
52.333333 31.333333 2.000000 0.051630
52.333333 31.333333 4.000000 -0.650754
52.333333 31.333333 6.000000 -0.167403
52.333333 31.333333 8.000000 0.132405
52.333333 31.333333 10.000000 0.338511
52.333333 31.333333 12.000000 0.484290
52.333333 34.285714 0.000000 -0.003479
52.333333 34.285714 2.000000 -0.104254
52.333333 34.285714 4.000000 -0.483285
52.333333 34.285714 6.000000 -0.116645
52.333333 34.285714 8.000000 0.103105
52.333333 34.285714 10.000000 0.267796
52.333333 34.285714 12.000000 0.394231
52.333333 37.238095 0.000000 -0.003662
52.333333 37.238095 2.000000 -0.129295
52.333333 37.238095 4.000000 -0.262031
52.333333 37.238095 6.000000 -0.082351
52.333333 37.238095 8.000000 0.073466
52.333333 37.238095 10.000000 0.206948
52.333333 37.238095 12.000000 0.315700
52.333333 40.190476 0.000000 -0.004018
52.333333 40.190476 2.000000 -0.143445
52.333333 40.190476 4.000000 -0.228927
52.333333 40.190476 6.000000 -0.095238
52.333333 40.190476 8.000000 0.041787
52.333333 40.190476 10.000000 0.158426
52.333333 40.190476 12.000000 0.253034
52.333333 43.142857 0.000000 -0.004707
52.333333 43.142857 2.000000 -0.153607
52.333333 43.142857 4.000000 -0.215128
52.333333 43.142857 6.000000 -0.074594
52.333333 43.142857 8.000000 0.036996
52.333333 43.142857 10.000000 0.131295
52.333333 43.142857 12.000000 0.209246
52.333333 46.095238 0.000000 -0.004050
52.333333 46.095238 2.000000 -0.224714
52.333333 46.095238 4.000000 -0.129007
52.333333 46.095238 6.000000 -0.028820
52.333333 46.095238 8.000000 0.051270
52.333333 46.095238 10.000000 0.121054
52.333333 46.095238 12.000000 0.181180
52.333333 49.047619 0.000000 -0.000421
52.333333 49.047619 2.000000 -0.027347
52.333333 49.047619 4.000000 -0.014417
52.333333 49.047619 6.000000 0.023575
52.333333 49.047619 8.000000 0.070320
52.333333 49.047619 10.000000 0.118093
52.333333 49.047619 12.000000 0.162470
52.333333 52.000000 0.000000 0.000250
52.333333 52.000000 2.000000 0.008009
52.333333 52.000000 4.000000 0.024009
52.333333 52.000000 6.000000 0.049288
52.333333 52.000000 8.000000 0.080759
52.333333 52.000000 10.000000 0.114793
52.333333 52.000000 12.000000 0.147957
55.166667 -10.000000 0.000000 0.000375
55.166667 -10.000000 2.000000 0.016458
55.166667 -10.000000 4.000000 0.033829
55.166667 -10.000000 6.000000 0.052805
55.166667 -10.000000 8.000000 0.073519
55.166667 -10.000000 10.000000 0.095491
55.166667 -10.000000 12.000000 0.117396
55.166667 -7.047619 0.000000 0.000318
55.166667 -7.047619 2.000000 0.015333
55.166667 -7.047619 4.000000 0.031627
55.166667 -7.047619 6.000000 0.051061
55.166667 -7.047619 8.000000 0.074574
55.166667 -7.047619 10.000000 0.101056
55.166667 -7.047619 12.000000 0.128000
55.166667 -4.095238 0.000000 0.000189
55.166667 -4.095238 2.000000 0.021569
55.166667 -4.095238 4.000000 0.029851
55.166667 -4.095238 6.000000 0.044235
55.166667 -4.095238 8.000000 0.070843
55.166667 -4.095238 10.000000 0.104533
55.166667 -4.095238 12.000000 0.139210
55.166667 -1.142857 0.000000 0.000421
55.166667 -1.142857 2.000000 0.112008
55.166667 -1.142857 4.000000 0.035889
55.166667 -1.142857 6.000000 0.025258
55.166667 -1.142857 8.000000 0.059929
55.166667 -1.142857 10.000000 0.106729
55.166667 -1.142857 12.000000 0.152741
55.166667 1.809524 0.000000 -0.001825
55.166667 1.809524 2.000000 -0.074354
55.166667 1.809524 4.000000 -0.108700
55.166667 1.809524 6.000000 -0.028343
55.166667 1.809524 8.000000 0.046971
55.166667 1.809524 10.000000 0.114080
55.166667 1.809524 12.000000 0.173218
55.166667 4.761905 0.000000 -0.004220
55.166667 4.761905 2.000000 -0.254462
55.166667 4.761905 4.000000 -0.120481
55.166667 4.761905 6.000000 -0.021020
55.166667 4.761905 8.000000 0.059256
55.166667 4.761905 10.000000 0.135887
55.166667 4.761905 12.000000 0.205082
55.166667 7.714286 0.000000 -0.003037
55.166667 7.714286 2.000000 -0.098186
55.166667 7.714286 4.000000 -0.068444
55.166667 7.714286 6.000000 -0.006058
55.166667 7.714286 8.000000 0.078563
55.166667 7.714286 10.000000 0.167536
55.166667 7.714286 12.000000 0.247705
55.166667 10.666667 0.000000 -0.005624
55.166667 10.666667 2.000000 -0.423597
55.166667 10.666667 4.000000 -0.194960
55.166667 10.666667 6.000000 -0.033804
55.166667 10.666667 8.000000 0.093619
55.166667 10.666667 10.000000 0.205797
55.166667 10.666667 12.000000 0.299283
55.166667 13.619048 0.000000 0.001579
55.166667 13.619048 2.000000 0.195470
55.166667 13.619048 4.000000 -0.075229
55.166667 13.619048 6.000000 -0.006562
55.166667 13.619048 8.000000 0.128699
55.166667 13.619048 10.000000 0.255203
55.166667 13.619048 12.000000 0.357901
55.166667 16.571429 0.000000 0.001552
55.166667 16.571429 2.000000 0.160602
55.166667 16.571429 4.000000 -0.012407
55.166667 16.571429 6.000000 0.051808
55.166667 16.571429 8.000000 0.182243
55.166667 16.571429 10.000000 0.310505
55.166667 16.571429 12.000000 0.415714
55.166667 19.523810 0.000000 -0.003623
55.166667 19.523810 2.000000 -0.226463
55.166667 19.523810 4.000000 -0.040402
55.166667 19.523810 6.000000 0.089327
55.166667 19.523810 8.000000 0.222835
55.166667 19.523810 10.000000 0.351596
55.166667 19.523810 12.000000 0.457643
55.166667 22.476190 0.000000 -0.007310
55.166667 22.476190 2.000000 -0.521510
55.166667 22.476190 4.000000 -0.214499
55.166667 22.476190 6.000000 0.035286
55.166667 22.476190 8.000000 0.213797
55.166667 22.476190 10.000000 0.357976
55.166667 22.476190 12.000000 0.469608
55.166667 25.428571 0.000000 -0.002779
55.166667 25.428571 2.000000 -0.153993
55.166667 25.428571 4.000000 -0.146220
55.166667 25.428571 6.000000 0.011546
55.166667 25.428571 8.000000 0.184201
55.166667 25.428571 10.000000 0.334145
55.166667 25.428571 12.000000 0.450071
55.166667 28.380952 0.000000 0.000715
55.166667 28.380952 2.000000 0.179536
55.166667 28.380952 4.000000 -0.114806
55.166667 28.380952 6.000000 -0.020117
55.166667 28.380952 8.000000 0.144565
55.166667 28.380952 10.000000 0.292580
55.166667 28.380952 12.000000 0.407944
55.166667 31.333333 0.000000 -0.005483
55.166667 31.333333 2.000000 -0.423351
55.166667 31.333333 4.000000 -0.277362
55.166667 31.333333 6.000000 -0.063931
55.166667 31.333333 8.000000 0.109181
55.166667 31.333333 10.000000 0.248290
55.166667 31.333333 12.000000 0.356365
55.166667 34.285714 0.000000 0.001277
55.166667 34.285714 2.000000 0.198317
55.166667 34.285714 4.000000 -0.031312
55.166667 34.285714 6.000000 -0.001715
55.166667 34.285714 8.000000 0.104853
55.166667 34.285714 10.000000 0.213532
55.166667 34.285714 12.000000 0.305978
55.166667 37.238095 0.000000 0.001985
55.166667 37.238095 2.000000 0.125793
55.166667 37.238095 4.000000 0.031039
55.166667 37.238095 6.000000 0.034273
55.166667 37.238095 8.000000 0.101455
55.166667 37.238095 10.000000 0.183747
55.166667 37.238095 12.000000 0.260290
55.166667 40.190476 0.000000 0.003329
55.166667 40.190476 2.000000 0.135912
55.166667 40.190476 4.000000 0.051511
55.166667 40.190476 6.000000 0.044131
55.166667 40.190476 8.000000 0.091960
55.166667 40.190476 10.000000 0.157251
55.166667 40.190476 12.000000 0.221081
55.166667 43.142857 0.000000 0.004964
55.166667 43.142857 2.000000 0.297432
55.166667 43.142857 4.000000 0.104431
55.166667 43.142857 6.000000 0.055878
55.166667 43.142857 8.000000 0.086039
55.166667 43.142857 10.000000 0.137643
55.166667 43.142857 12.000000 0.190268
55.166667 46.095238 0.000000 0.001001
55.166667 46.095238 2.000000 0.073369
55.166667 46.095238 4.000000 0.044615
55.166667 46.095238 6.000000 0.048865
55.166667 46.095238 8.000000 0.081741
55.166667 46.095238 10.000000 0.124504
55.166667 46.095238 12.000000 0.167358
55.166667 49.047619 0.000000 0.000282
55.166667 49.047619 2.000000 0.012984
55.166667 49.047619 4.000000 0.027270
55.166667 49.047619 6.000000 0.050216
55.166667 49.047619 8.000000 0.081099
55.166667 49.047619 10.000000 0.115788
55.166667 49.047619 12.000000 0.150104
55.166667 52.000000 0.000000 0.000366
55.166667 52.000000 2.000000 0.014905
55.166667 52.000000 4.000000 0.032753
55.166667 52.000000 6.000000 0.054932
55.166667 52.000000 8.000000 0.080806
55.166667 52.000000 10.000000 0.108691
55.166667 52.000000 12.000000 0.136240
58.000000 -10.000000 0.000000 0.000372
58.000000 -10.000000 2.000000 0.016458
58.000000 -10.000000 4.000000 0.033363
58.000000 -10.000000 6.000000 0.051111
58.000000 -10.000000 8.000000 0.069832
58.000000 -10.000000 10.000000 0.089282
58.000000 -10.000000 12.000000 0.108515
58.000000 -7.047619 0.000000 0.000362
58.000000 -7.047619 2.000000 0.016839
58.000000 -7.047619 4.000000 0.034031
58.000000 -7.047619 6.000000 0.052639
58.000000 -7.047619 8.000000 0.073378
58.000000 -7.047619 10.000000 0.095888
58.000000 -7.047619 12.000000 0.118626
58.000000 -4.095238 0.000000 0.000321
58.000000 -4.095238 2.000000 0.018467
58.000000 -4.095238 4.000000 0.034334
58.000000 -4.095238 6.000000 0.052178
58.000000 -4.095238 8.000000 0.075091
58.000000 -4.095238 10.000000 0.101932
58.000000 -4.095238 12.000000 0.129617
58.000000 -1.142857 0.000000 0.000221
58.000000 -1.142857 2.000000 0.020058
58.000000 -1.142857 4.000000 0.029155
58.000000 -1.142857 6.000000 0.045582
58.000000 -1.142857 8.000000 0.073575
58.000000 -1.142857 10.000000 0.107683
58.000000 -1.142857 12.000000 0.142318
58.000000 1.809524 0.000000 -0.000244
58.000000 1.809524 2.000000 -0.015577
58.000000 1.809524 4.000000 -0.005222
58.000000 1.809524 6.000000 0.028201
58.000000 1.809524 8.000000 0.070972
58.000000 1.809524 10.000000 0.116082
58.000000 1.809524 12.000000 0.159094
58.000000 4.761905 0.000000 -0.000496
58.000000 4.761905 2.000000 -0.032320
58.000000 4.761905 4.000000 -0.016191
58.000000 4.761905 6.000000 0.026521
58.000000 4.761905 8.000000 0.078214
58.000000 4.761905 10.000000 0.131842
58.000000 4.761905 12.000000 0.182344
58.000000 7.714286 0.000000 -0.000435
58.000000 7.714286 2.000000 -0.024673
58.000000 7.714286 4.000000 -0.010040
58.000000 7.714286 6.000000 0.034338
58.000000 7.714286 8.000000 0.092472
58.000000 7.714286 10.000000 0.154134
58.000000 7.714286 12.000000 0.211884
58.000000 10.666667 0.000000 -0.000463
58.000000 10.666667 2.000000 -0.039705
58.000000 10.666667 4.000000 -0.017280
58.000000 10.666667 6.000000 0.039806
58.000000 10.666667 8.000000 0.109591
58.000000 10.666667 10.000000 0.181064
58.000000 10.666667 12.000000 0.246212
58.000000 13.619048 0.000000 0.000235
58.000000 13.619048 2.000000 0.010987
58.000000 13.619048 4.000000 0.020318
58.000000 13.619048 6.000000 0.065404
58.000000 13.619048 8.000000 0.136011
58.000000 13.619048 10.000000 0.212939
58.000000 13.619048 12.000000 0.283193
58.000000 16.571429 0.000000 0.000432
58.000000 16.571429 2.000000 0.023720
58.000000 16.571429 4.000000 0.042244
58.000000 16.571429 6.000000 0.090672
58.000000 16.571429 8.000000 0.164027
58.000000 16.571429 10.000000 0.244274
58.000000 16.571429 12.000000 0.317405
58.000000 19.523810 0.000000 -0.000083
58.000000 19.523810 2.000000 -0.015006
58.000000 19.523810 4.000000 0.021946
58.000000 19.523810 6.000000 0.092961
58.000000 19.523810 8.000000 0.178340
58.000000 19.523810 10.000000 0.264441
58.000000 19.523810 12.000000 0.340588
58.000000 22.476190 0.000000 -0.000622
58.000000 22.476190 2.000000 -0.059553
58.000000 22.476190 4.000000 -0.017519
58.000000 22.476190 6.000000 0.073882
58.000000 22.476190 8.000000 0.173290
58.000000 22.476190 10.000000 0.266795
58.000000 22.476190 12.000000 0.346625
58.000000 25.428571 0.000000 -0.000247
58.000000 25.428571 2.000000 -0.027122
58.000000 25.428571 4.000000 -0.004709
58.000000 25.428571 6.000000 0.067188
58.000000 25.428571 8.000000 0.160830
58.000000 25.428571 10.000000 0.254527
58.000000 25.428571 12.000000 0.335596
58.000000 28.380952 0.000000 -0.000017
58.000000 28.380952 2.000000 -0.007183
58.000000 28.380952 4.000000 -0.000377
58.000000 28.380952 6.000000 0.056361
58.000000 28.380952 8.000000 0.142521
58.000000 28.380952 10.000000 0.232651
58.000000 28.380952 12.000000 0.311929
58.000000 31.333333 0.000000 -0.000361
58.000000 31.333333 2.000000 -0.041906
58.000000 31.333333 4.000000 -0.022081
58.000000 31.333333 6.000000 0.042435
58.000000 31.333333 8.000000 0.124960
58.000000 31.333333 10.000000 0.208398
58.000000 31.333333 12.000000 0.282243
58.000000 34.285714 0.000000 0.000363
58.000000 34.285714 2.000000 0.019684
58.000000 34.285714 4.000000 0.027398
58.000000 34.285714 6.000000 0.061609
58.000000 34.285714 8.000000 0.120738
58.000000 34.285714 10.000000 0.188440
58.000000 34.285714 12.000000 0.252246
58.000000 37.238095 0.000000 0.000788
58.000000 37.238095 2.000000 0.041778
58.000000 37.238095 4.000000 0.055581
58.000000 37.238095 6.000000 0.076918
58.000000 37.238095 8.000000 0.118188
58.000000 37.238095 10.000000 0.170781
58.000000 37.238095 12.000000 0.223850
58.000000 40.190476 0.000000 0.001036
58.000000 40.190476 2.000000 0.048438
58.000000 40.190476 4.000000 0.064885
58.000000 40.190476 6.000000 0.080946
58.000000 40.190476 8.000000 0.111847
58.000000 40.190476 10.000000 0.153627
58.000000 40.190476 12.000000 0.197756
58.000000 43.142857 0.000000 0.001136
58.000000 43.142857 2.000000 0.060365
58.000000 43.142857 4.000000 0.072412
58.000000 43.142857 6.000000 0.080791
58.000000 43.142857 8.000000 0.103996
58.000000 43.142857 10.000000 0.137957
58.000000 43.142857 12.000000 0.174914
58.000000 46.095238 0.000000 0.000697
58.000000 46.095238 2.000000 0.036888
58.000000 46.095238 4.000000 0.054992
58.000000 46.095238 6.000000 0.070805
58.000000 46.095238 8.000000 0.094333
58.000000 46.095238 10.000000 0.124136
58.000000 46.095238 12.000000 0.155615
58.000000 49.047619 0.000000 0.000466
58.000000 49.047619 2.000000 0.021381
58.000000 49.047619 4.000000 0.041120
58.000000 49.047619 6.000000 0.061954
58.000000 49.047619 8.000000 0.085970
58.000000 49.047619 10.000000 0.112591
58.000000 49.047619 12.000000 0.139521
58.000000 52.000000 0.000000 0.000423
58.000000 52.000000 2.000000 0.018254
58.000000 52.000000 4.000000 0.037247
58.000000 52.000000 6.000000 0.057714
58.000000 52.000000 8.000000 0.079846
58.000000 52.000000 10.000000 0.103117
58.000000 52.000000 12.000000 0.126115
